EXP_ID,GROUP_ID,INDIVIDUAL_ID,COMPOUND_NAME,SPECIES,SEX_TYPE,SACRIFICE_PERIOD,DOSE,DOSE_UNIT,DOSE_LEVEL,BARCODE,CELL_VIABILITY
5004,01,1,acetaminophen,Rat,Male,2 hr,0,É M,Control,003017705030,5004011
5004,01,2,acetaminophen,Rat,Male,2 hr,0,É M,Control,003017706001,5004012
5004,03,1,acetaminophen,Rat,Male,8 hr,0,É M,Control,003017706008,5004031
5004,03,2,acetaminophen,Rat,Male,8 hr,0,É M,Control,003017706009,5004032
5004,04,1,acetaminophen,Rat,Male,24 hr,0,É M,Control,003017706015,5004041
5004,04,2,acetaminophen,Rat,Male,24 hr,0,É M,Control,003017706016,5004042
5004,16,1,acetaminophen,Rat,Male,2 hr,1000,É M,Low,003017706002,5004161
5004,16,2,acetaminophen,Rat,Male,2 hr,1000,É M,Low,003017706003,5004162
5004,18,1,acetaminophen,Rat,Male,8 hr,1000,É M,Low,003017706010,5004181
5004,18,2,acetaminophen,Rat,Male,8 hr,1000,É M,Low,003017716010,5004182
5004,19,1,acetaminophen,Rat,Male,24 hr,1000,É M,Low,003017706017,5004191
5004,19,2,acetaminophen,Rat,Male,24 hr,1000,É M,Low,003017706018,5004192
5004,21,1,acetaminophen,Rat,Male,2 hr,3000,É M,Middle,003017706004,5004211
5004,21,2,acetaminophen,Rat,Male,2 hr,3000,É M,Middle,003017706005,5004212
5004,23,1,acetaminophen,Rat,Male,8 hr,3000,É M,Middle,003017706011,5004231
5004,23,2,acetaminophen,Rat,Male,8 hr,3000,É M,Middle,003017706012,5004232
5004,24,1,acetaminophen,Rat,Male,24 hr,3000,É M,Middle,003017706019,5004241
5004,24,2,acetaminophen,Rat,Male,24 hr,3000,É M,Middle,003017706020,5004242
5004,26,1,acetaminophen,Rat,Male,2 hr,10000,É M,High,003017706006,5004261
5004,26,2,acetaminophen,Rat,Male,2 hr,10000,É M,High,003017706007,5004262
5004,28,1,acetaminophen,Rat,Male,8 hr,10000,É M,High,003017706013,5004281
5004,28,2,acetaminophen,Rat,Male,8 hr,10000,É M,High,003017706014,5004282
5004,29,1,acetaminophen,Rat,Male,24 hr,10000,É M,High,003017706021,5004291
5004,29,2,acetaminophen,Rat,Male,24 hr,10000,É M,High,003017706022,5004292
5005,01,1,carbon tetrachloride,Rat,Male,2 hr,0,É M,Control,003017722023,5005011
5005,01,2,carbon tetrachloride,Rat,Male,2 hr,0,É M,Control,003017722024,5005012
5005,03,1,carbon tetrachloride,Rat,Male,8 hr,0,É M,Control,003017722029,5005031
5005,03,2,carbon tetrachloride,Rat,Male,8 hr,0,É M,Control,003017722030,5005032
5005,04,1,carbon tetrachloride,Rat,Male,24 hr,0,É M,Control,003017723007,5005041
5005,04,2,carbon tetrachloride,Rat,Male,24 hr,0,É M,Control,003017723008,5005042
5005,16,1,carbon tetrachloride,Rat,Male,2 hr,1000,É M,Low,003017722025,5005161
5005,16,2,carbon tetrachloride,Rat,Male,2 hr,1000,É M,Low,003017722026,5005162
5005,18,1,carbon tetrachloride,Rat,Male,8 hr,1000,É M,Low,003017723001,5005181
5005,18,2,carbon tetrachloride,Rat,Male,8 hr,1000,É M,Low,003017723002,5005182
5005,19,1,carbon tetrachloride,Rat,Male,24 hr,1000,É M,Low,003017723009,5005191
5005,19,2,carbon tetrachloride,Rat,Male,24 hr,1000,É M,Low,003017723010,5005192
5005,21,1,carbon tetrachloride,Rat,Male,2 hr,3000,É M,Middle,003017722027,5005211
5005,21,2,carbon tetrachloride,Rat,Male,2 hr,3000,É M,Middle,003017722028,5005212
5005,23,1,carbon tetrachloride,Rat,Male,8 hr,3000,É M,Middle,003017723003,5005231
5005,23,2,carbon tetrachloride,Rat,Male,8 hr,3000,É M,Middle,003017723004,5005232
5005,24,1,carbon tetrachloride,Rat,Male,24 hr,3000,É M,Middle,003017723011,5005241
5005,24,2,carbon tetrachloride,Rat,Male,24 hr,3000,É M,Middle,003017723012,5005242
5005,26,1,carbon tetrachloride,Rat,Male,2 hr,10000,É M,High,,5005261
5005,26,2,carbon tetrachloride,Rat,Male,2 hr,10000,É M,High,,5005262
5005,28,1,carbon tetrachloride,Rat,Male,8 hr,10000,É M,High,003017723005,5005281
5005,28,2,carbon tetrachloride,Rat,Male,8 hr,10000,É M,High,003017723006,5005282
5005,29,1,carbon tetrachloride,Rat,Male,24 hr,10000,É M,High,,5005291
5005,29,2,carbon tetrachloride,Rat,Male,24 hr,10000,É M,High,,5005292
5006,01,1,phenobarbital,Rat,Male,2 hr,0,É M,Control,003017709028,5006011
5006,01,2,phenobarbital,Rat,Male,2 hr,0,É M,Control,003017709029,5006012
5006,03,1,phenobarbital,Rat,Male,8 hr,0,É M,Control,003017710006,5006031
5006,03,2,phenobarbital,Rat,Male,8 hr,0,É M,Control,003017710007,5006032
5006,04,1,phenobarbital,Rat,Male,24 hr,0,É M,Control,003017710014,5006041
5006,04,2,phenobarbital,Rat,Male,24 hr,0,É M,Control,003017710015,5006042
5006,16,1,phenobarbital,Rat,Male,2 hr,1000,É M,Low,003017709030,5006161
5006,16,2,phenobarbital,Rat,Male,2 hr,1000,É M,Low,003017710001,5006162
5006,18,1,phenobarbital,Rat,Male,8 hr,1000,É M,Low,003017710008,5006181
5006,18,2,phenobarbital,Rat,Male,8 hr,1000,É M,Low,003017710009,5006182
5006,19,1,phenobarbital,Rat,Male,24 hr,1000,É M,Low,003017710016,5006191
5006,19,2,phenobarbital,Rat,Male,24 hr,1000,É M,Low,003017710017,5006192
5006,21,1,phenobarbital,Rat,Male,2 hr,3000,É M,Middle,003017710002,5006211
5006,21,2,phenobarbital,Rat,Male,2 hr,3000,É M,Middle,003017710003,5006212
5006,23,1,phenobarbital,Rat,Male,8 hr,3000,É M,Middle,003017710010,5006231
5006,23,2,phenobarbital,Rat,Male,8 hr,3000,É M,Middle,003017710011,5006232
5006,24,1,phenobarbital,Rat,Male,24 hr,3000,É M,Middle,003017710018,5006241
5006,24,2,phenobarbital,Rat,Male,24 hr,3000,É M,Middle,003017710019,5006242
5006,26,1,phenobarbital,Rat,Male,2 hr,10000,É M,High,003017710004,5006261
5006,26,2,phenobarbital,Rat,Male,2 hr,10000,É M,High,003017710005,5006262
5006,28,1,phenobarbital,Rat,Male,8 hr,10000,É M,High,003017710012,5006281
5006,28,2,phenobarbital,Rat,Male,8 hr,10000,É M,High,003017710013,5006282
5006,29,1,phenobarbital,Rat,Male,24 hr,10000,É M,High,003017710020,5006291
5006,29,2,phenobarbital,Rat,Male,24 hr,10000,É M,High,003017710021,5006292
5007,01,1,isoniazid,Rat,Male,2 hr,0,É M,Control,003017005002,5007011
5007,01,2,isoniazid,Rat,Male,2 hr,0,É M,Control,003017005003,5007012
5007,02,1,isoniazid,Rat,Male,8 hr,0,É M,Control,003017005010,5007021
5007,02,2,isoniazid,Rat,Male,8 hr,0,É M,Control,003017005011,5007022
5007,03,1,isoniazid,Rat,Male,24 hr,0,É M,Control,003017005018,5007031
5007,03,2,isoniazid,Rat,Male,24 hr,0,É M,Control,003017005019,5007032
5007,04,1,isoniazid,Rat,Male,2 hr,400,É M,Low,003017005004,5007041
5007,04,2,isoniazid,Rat,Male,2 hr,400,É M,Low,003017005005,5007042
5007,05,1,isoniazid,Rat,Male,8 hr,400,É M,Low,003017005012,5007051
5007,05,2,isoniazid,Rat,Male,8 hr,400,É M,Low,003017005013,5007052
5007,06,1,isoniazid,Rat,Male,24 hr,400,É M,Low,003017005020,5007061
5007,06,2,isoniazid,Rat,Male,24 hr,400,É M,Low,003017005021,5007062
5007,07,1,isoniazid,Rat,Male,2 hr,2000,É M,Middle,003017005006,5007071
5007,07,2,isoniazid,Rat,Male,2 hr,2000,É M,Middle,003017005007,5007072
5007,08,1,isoniazid,Rat,Male,8 hr,2000,É M,Middle,003017005014,5007081
5007,08,2,isoniazid,Rat,Male,8 hr,2000,É M,Middle,003017005015,5007082
5007,09,1,isoniazid,Rat,Male,24 hr,2000,É M,Middle,003017005022,5007091
5007,09,2,isoniazid,Rat,Male,24 hr,2000,É M,Middle,003017005023,5007092
5007,10,1,isoniazid,Rat,Male,2 hr,10000,É M,High,003017005008,5007101
5007,10,2,isoniazid,Rat,Male,2 hr,10000,É M,High,003017005009,5007102
5007,11,1,isoniazid,Rat,Male,8 hr,10000,É M,High,003017005016,5007111
5007,11,2,isoniazid,Rat,Male,8 hr,10000,É M,High,003017005017,5007112
5007,12,1,isoniazid,Rat,Male,24 hr,10000,É M,High,003017005024,5007121
5007,12,2,isoniazid,Rat,Male,24 hr,10000,É M,High,003017005025,5007122
5008,01,1,valproic acid,Rat,Male,2 hr,0,É M,Control,003017006001,5008011
5008,01,2,valproic acid,Rat,Male,2 hr,0,É M,Control,003017006002,5008012
5008,02,1,valproic acid,Rat,Male,8 hr,0,É M,Control,003017006009,5008021
5008,02,2,valproic acid,Rat,Male,8 hr,0,É M,Control,003017006010,5008022
5008,03,1,valproic acid,Rat,Male,24 hr,0,É M,Control,003017006017,5008031
5008,03,2,valproic acid,Rat,Male,24 hr,0,É M,Control,003017006018,5008032
5008,04,1,valproic acid,Rat,Male,2 hr,400,É M,Low,003017006003,5008041
5008,04,2,valproic acid,Rat,Male,2 hr,400,É M,Low,003017006004,5008042
5008,05,1,valproic acid,Rat,Male,8 hr,400,É M,Low,003017006011,5008051
5008,05,2,valproic acid,Rat,Male,8 hr,400,É M,Low,003017006012,5008052
5008,06,1,valproic acid,Rat,Male,24 hr,400,É M,Low,003017006019,5008061
5008,06,2,valproic acid,Rat,Male,24 hr,400,É M,Low,003017005026,5008062
5008,07,1,valproic acid,Rat,Male,2 hr,2000,É M,Middle,003017006005,5008071
5008,07,2,valproic acid,Rat,Male,2 hr,2000,É M,Middle,003017006006,5008072
5008,08,1,valproic acid,Rat,Male,8 hr,2000,É M,Middle,003017006013,5008081
5008,08,2,valproic acid,Rat,Male,8 hr,2000,É M,Middle,003017006014,5008082
5008,09,1,valproic acid,Rat,Male,24 hr,2000,É M,Middle,003017005027,5008091
5008,09,2,valproic acid,Rat,Male,24 hr,2000,É M,Middle,003017005028,5008092
5008,10,1,valproic acid,Rat,Male,2 hr,10000,É M,High,003017006007,5008101
5008,10,2,valproic acid,Rat,Male,2 hr,10000,É M,High,003017006008,5008102
5008,11,1,valproic acid,Rat,Male,8 hr,10000,É M,High,003017006015,5008111
5008,11,2,valproic acid,Rat,Male,8 hr,10000,É M,High,003017006016,5008112
5008,12,1,valproic acid,Rat,Male,24 hr,10000,É M,High,003017005029,5008121
5008,12,2,valproic acid,Rat,Male,24 hr,10000,É M,High,003017005030,5008122
5009,01,1,clofibrate,Rat,Male,2 hr,0,É M,Control,003017007014,5009011
5009,01,2,clofibrate,Rat,Male,2 hr,0,É M,Control,003017007015,5009012
5009,02,1,clofibrate,Rat,Male,8 hr,0,É M,Control,003017007022,5009021
5009,02,2,clofibrate,Rat,Male,8 hr,0,É M,Control,003017007023,5009022
5009,03,1,clofibrate,Rat,Male,24 hr,0,É M,Control,003017007030,5009031
5009,03,2,clofibrate,Rat,Male,24 hr,0,É M,Control,003017008001,5009032
5009,04,1,clofibrate,Rat,Male,2 hr,12,É M,Low,003017007016,5009041
5009,04,2,clofibrate,Rat,Male,2 hr,12,É M,Low,003017007017,5009042
5009,05,1,clofibrate,Rat,Male,8 hr,12,É M,Low,003017007024,5009051
5009,05,2,clofibrate,Rat,Male,8 hr,12,É M,Low,003017007025,5009052
5009,06,1,clofibrate,Rat,Male,24 hr,12,É M,Low,003017008002,5009061
5009,06,2,clofibrate,Rat,Male,24 hr,12,É M,Low,003017008003,5009062
5009,07,1,clofibrate,Rat,Male,2 hr,60,É M,Middle,003017007018,5009071
5009,07,2,clofibrate,Rat,Male,2 hr,60,É M,Middle,003017007019,5009072
5009,08,1,clofibrate,Rat,Male,8 hr,60,É M,Middle,003017007026,5009081
5009,08,2,clofibrate,Rat,Male,8 hr,60,É M,Middle,003017007027,5009082
5009,09,1,clofibrate,Rat,Male,24 hr,60,É M,Middle,003017008004,5009091
5009,09,2,clofibrate,Rat,Male,24 hr,60,É M,Middle,003017008005,5009092
5009,10,1,clofibrate,Rat,Male,2 hr,300,É M,High,003017007020,5009101
5009,10,2,clofibrate,Rat,Male,2 hr,300,É M,High,003017007021,5009102
5009,11,1,clofibrate,Rat,Male,8 hr,300,É M,High,003017007028,5009111
5009,11,2,clofibrate,Rat,Male,8 hr,300,É M,High,003017007029,5009112
5009,12,1,clofibrate,Rat,Male,24 hr,300,É M,High,003017008006,5009121
5009,12,2,clofibrate,Rat,Male,24 hr,300,É M,High,003017008007,5009122
5011,01,1,rifampicin,Rat,Male,2 hr,0,É M,Control,003017012001,5011011
5011,01,2,rifampicin,Rat,Male,2 hr,0,É M,Control,003017012002,5011012
5011,02,1,rifampicin,Rat,Male,8 hr,0,É M,Control,003017010021,5011021
5011,02,2,rifampicin,Rat,Male,8 hr,0,É M,Control,003017010022,5011022
5011,03,1,rifampicin,Rat,Male,24 hr,0,É M,Control,003017010029,5011031
5011,03,2,rifampicin,Rat,Male,24 hr,0,É M,Control,003017010030,5011032
5011,04,1,rifampicin,Rat,Male,2 hr,3,É M,Low,003017012003,5011041
5011,04,2,rifampicin,Rat,Male,2 hr,3,É M,Low,003017012004,5011042
5011,05,1,rifampicin,Rat,Male,8 hr,3,É M,Low,003017010023,5011051
5011,05,2,rifampicin,Rat,Male,8 hr,3,É M,Low,003017010024,5011052
5011,06,1,rifampicin,Rat,Male,24 hr,3,É M,Low,003017011025,5011061
5011,06,2,rifampicin,Rat,Male,24 hr,3,É M,Low,003017011026,5011062
5011,07,1,rifampicin,Rat,Male,2 hr,14,É M,Middle,003017012005,5011071
5011,07,2,rifampicin,Rat,Male,2 hr,14,É M,Middle,003017012006,5011072
5011,08,1,rifampicin,Rat,Male,8 hr,14,É M,Middle,003017010025,5011081
5011,08,2,rifampicin,Rat,Male,8 hr,14,É M,Middle,003017010026,5011082
5011,09,1,rifampicin,Rat,Male,24 hr,14,É M,Middle,003017011027,5011091
5011,09,2,rifampicin,Rat,Male,24 hr,14,É M,Middle,003017011028,5011092
5011,10,1,rifampicin,Rat,Male,2 hr,70,É M,High,003017012007,5011101
5011,10,2,rifampicin,Rat,Male,2 hr,70,É M,High,003017010020,5011102
5011,11,1,rifampicin,Rat,Male,8 hr,70,É M,High,003017010027,5011111
5011,11,2,rifampicin,Rat,Male,8 hr,70,É M,High,003017010028,5011112
5011,12,1,rifampicin,Rat,Male,24 hr,70,É M,High,003017037012,5011121
5011,12,2,rifampicin,Rat,Male,24 hr,70,É M,High,003017011030,5011122
5012,01,1,naphthyl isothiocyanate,Rat,Male,2 hr,0,É M,Control,003017021008,5012011
5012,01,2,naphthyl isothiocyanate,Rat,Male,2 hr,0,É M,Control,003017021009,5012012
5012,02,1,naphthyl isothiocyanate,Rat,Male,8 hr,0,É M,Control,003017021016,5012021
5012,02,2,naphthyl isothiocyanate,Rat,Male,8 hr,0,É M,Control,003017021017,5012022
5012,03,1,naphthyl isothiocyanate,Rat,Male,24 hr,0,É M,Control,003017021024,5012031
5012,03,2,naphthyl isothiocyanate,Rat,Male,24 hr,0,É M,Control,003017021025,5012032
5012,04,1,naphthyl isothiocyanate,Rat,Male,2 hr,8,É M,Low,003017021010,5012041
5012,04,2,naphthyl isothiocyanate,Rat,Male,2 hr,8,É M,Low,003017021011,5012042
5012,05,1,naphthyl isothiocyanate,Rat,Male,8 hr,8,É M,Low,003017021018,5012051
5012,05,2,naphthyl isothiocyanate,Rat,Male,8 hr,8,É M,Low,003017021019,5012052
5012,06,1,naphthyl isothiocyanate,Rat,Male,24 hr,8,É M,Low,003017021026,5012061
5012,06,2,naphthyl isothiocyanate,Rat,Male,24 hr,8,É M,Low,003017021027,5012062
5012,07,1,naphthyl isothiocyanate,Rat,Male,2 hr,40,É M,Middle,003017021012,5012071
5012,07,2,naphthyl isothiocyanate,Rat,Male,2 hr,40,É M,Middle,003017021013,5012072
5012,08,1,naphthyl isothiocyanate,Rat,Male,8 hr,40,É M,Middle,003017021020,5012081
5012,08,2,naphthyl isothiocyanate,Rat,Male,8 hr,40,É M,Middle,003017021021,5012082
5012,09,1,naphthyl isothiocyanate,Rat,Male,24 hr,40,É M,Middle,003017021028,5012091
5012,09,2,naphthyl isothiocyanate,Rat,Male,24 hr,40,É M,Middle,003017021029,5012092
5012,10,1,naphthyl isothiocyanate,Rat,Male,2 hr,200,É M,High,003017021014,5012101
5012,10,2,naphthyl isothiocyanate,Rat,Male,2 hr,200,É M,High,003017021015,5012102
5012,11,1,naphthyl isothiocyanate,Rat,Male,8 hr,200,É M,High,003017021022,5012111
5012,11,2,naphthyl isothiocyanate,Rat,Male,8 hr,200,É M,High,003017021023,5012112
5012,12,1,naphthyl isothiocyanate,Rat,Male,24 hr,200,É M,High,003017021030,5012121
5012,12,2,naphthyl isothiocyanate,Rat,Male,24 hr,200,É M,High,003017022001,5012122
5013,01,1,allyl alcohol,Rat,Male,2 hr,0,É M,Control,003017022002,5013011
5013,01,2,allyl alcohol,Rat,Male,2 hr,0,É M,Control,003017022003,5013012
5013,02,1,allyl alcohol,Rat,Male,8 hr,0,É M,Control,003017022010,5013021
5013,02,2,allyl alcohol,Rat,Male,8 hr,0,É M,Control,003017022011,5013022
5013,03,1,allyl alcohol,Rat,Male,24 hr,0,É M,Control,003017022018,5013031
5013,03,2,allyl alcohol,Rat,Male,24 hr,0,É M,Control,003017022019,5013032
5013,04,1,allyl alcohol,Rat,Male,2 hr,1,É M,Low,003017022004,5013041
5013,04,2,allyl alcohol,Rat,Male,2 hr,1,É M,Low,003017022005,5013042
5013,05,1,allyl alcohol,Rat,Male,8 hr,1,É M,Low,003017022012,5013051
5013,05,2,allyl alcohol,Rat,Male,8 hr,1,É M,Low,003017022013,5013052
5013,06,1,allyl alcohol,Rat,Male,24 hr,1,É M,Low,003017022020,5013061
5013,06,2,allyl alcohol,Rat,Male,24 hr,1,É M,Low,003017022021,5013062
5013,07,1,allyl alcohol,Rat,Male,2 hr,4,É M,Middle,003017022006,5013071
5013,07,2,allyl alcohol,Rat,Male,2 hr,4,É M,Middle,003017022007,5013072
5013,08,1,allyl alcohol,Rat,Male,8 hr,4,É M,Middle,003017022014,5013081
5013,08,2,allyl alcohol,Rat,Male,8 hr,4,É M,Middle,003017022015,5013082
5013,09,1,allyl alcohol,Rat,Male,24 hr,4,É M,Middle,003017022022,5013091
5013,09,2,allyl alcohol,Rat,Male,24 hr,4,É M,Middle,003017022023,5013092
5013,10,1,allyl alcohol,Rat,Male,2 hr,20,É M,High,003017022008,5013101
5013,10,2,allyl alcohol,Rat,Male,2 hr,20,É M,High,003017022009,5013102
5013,11,1,allyl alcohol,Rat,Male,8 hr,20,É M,High,003017022016,5013111
5013,11,2,allyl alcohol,Rat,Male,8 hr,20,É M,High,003017022017,5013112
5013,12,1,allyl alcohol,Rat,Male,24 hr,20,É M,High,003017022024,5013121
5013,12,2,allyl alcohol,Rat,Male,24 hr,20,É M,High,003017022025,5013122
5014,01,1,phenylbutazone,Rat,Male,2 hr,0,É M,Control,003017023007,5014011
5014,01,2,phenylbutazone,Rat,Male,2 hr,0,É M,Control,003017023008,5014012
5014,02,1,phenylbutazone,Rat,Male,8 hr,0,É M,Control,003017023015,5014021
5014,02,2,phenylbutazone,Rat,Male,8 hr,0,É M,Control,003017023016,5014022
5014,03,1,phenylbutazone,Rat,Male,24 hr,0,É M,Control,003017023023,5014031
5014,03,2,phenylbutazone,Rat,Male,24 hr,0,É M,Control,003017023024,5014032
5014,04,1,phenylbutazone,Rat,Male,2 hr,16,É M,Low,003017023009,5014041
5014,04,2,phenylbutazone,Rat,Male,2 hr,16,É M,Low,003017023010,5014042
5014,05,1,phenylbutazone,Rat,Male,8 hr,16,É M,Low,003017023017,5014051
5014,05,2,phenylbutazone,Rat,Male,8 hr,16,É M,Low,003017023018,5014052
5014,06,1,phenylbutazone,Rat,Male,24 hr,16,É M,Low,003017023025,5014061
5014,06,2,phenylbutazone,Rat,Male,24 hr,16,É M,Low,003017023026,5014062
5014,07,1,phenylbutazone,Rat,Male,2 hr,80,É M,Middle,003017023011,5014071
5014,07,2,phenylbutazone,Rat,Male,2 hr,80,É M,Middle,003017023012,5014072
5014,08,1,phenylbutazone,Rat,Male,8 hr,80,É M,Middle,003017023019,5014081
5014,08,2,phenylbutazone,Rat,Male,8 hr,80,É M,Middle,003017023020,5014082
5014,09,1,phenylbutazone,Rat,Male,24 hr,80,É M,Middle,003017023027,5014091
5014,09,2,phenylbutazone,Rat,Male,24 hr,80,É M,Middle,003017023028,5014092
5014,10,1,phenylbutazone,Rat,Male,2 hr,400,É M,High,003017023013,5014101
5014,10,2,phenylbutazone,Rat,Male,2 hr,400,É M,High,003017023014,5014102
5014,11,1,phenylbutazone,Rat,Male,8 hr,400,É M,High,003017023021,5014111
5014,11,2,phenylbutazone,Rat,Male,8 hr,400,É M,High,003017023022,5014112
5014,12,1,phenylbutazone,Rat,Male,24 hr,400,É M,High,003017023029,5014121
5014,12,2,phenylbutazone,Rat,Male,24 hr,400,É M,High,003017023030,5014122
5015,01,1,omeprazole,Rat,Male,2 hr,0,É M,Control,003017026016,5015011
5015,01,2,omeprazole,Rat,Male,2 hr,0,É M,Control,003017026017,5015012
5015,02,1,omeprazole,Rat,Male,8 hr,0,É M,Control,003017026024,5015021
5015,02,2,omeprazole,Rat,Male,8 hr,0,É M,Control,003017026025,5015022
5015,03,1,omeprazole,Rat,Male,24 hr,0,É M,Control,003017027002,5015031
5015,03,2,omeprazole,Rat,Male,24 hr,0,É M,Control,003017027003,5015032
5015,04,1,omeprazole,Rat,Male,2 hr,5,É M,Low,003017026018,5015041
5015,04,2,omeprazole,Rat,Male,2 hr,5,É M,Low,003017026019,5015042
5015,05,1,omeprazole,Rat,Male,8 hr,5,É M,Low,003017026026,5015051
5015,05,2,omeprazole,Rat,Male,8 hr,5,É M,Low,003017026027,5015052
5015,06,1,omeprazole,Rat,Male,24 hr,5,É M,Low,003017027004,5015061
5015,06,2,omeprazole,Rat,Male,24 hr,5,É M,Low,003017027005,5015062
5015,07,1,omeprazole,Rat,Male,2 hr,24,É M,Middle,003017026020,5015071
5015,07,2,omeprazole,Rat,Male,2 hr,24,É M,Middle,003017026021,5015072
5015,08,1,omeprazole,Rat,Male,8 hr,24,É M,Middle,003017026028,5015081
5015,08,2,omeprazole,Rat,Male,8 hr,24,É M,Middle,003017026029,5015082
5015,09,1,omeprazole,Rat,Male,24 hr,24,É M,Middle,003017027006,5015091
5015,09,2,omeprazole,Rat,Male,24 hr,24,É M,Middle,003017027007,5015092
5015,10,1,omeprazole,Rat,Male,2 hr,120,É M,High,003017026022,5015101
5015,10,2,omeprazole,Rat,Male,2 hr,120,É M,High,003017026023,5015102
5015,11,1,omeprazole,Rat,Male,8 hr,120,É M,High,003017026030,5015111
5015,11,2,omeprazole,Rat,Male,8 hr,120,É M,High,003017027001,5015112
5015,12,1,omeprazole,Rat,Male,24 hr,120,É M,High,003017027008,5015121
5015,12,2,omeprazole,Rat,Male,24 hr,120,É M,High,003017027009,5015122
5016,01,1,ethionine,Rat,Male,2 hr,0,É M,Control,003017027010,5016011
5016,01,2,ethionine,Rat,Male,2 hr,0,É M,Control,003017027011,5016012
5016,02,1,ethionine,Rat,Male,8 hr,0,É M,Control,003017027018,5016021
5016,02,2,ethionine,Rat,Male,8 hr,0,É M,Control,003017027019,5016022
5016,03,1,ethionine,Rat,Male,24 hr,0,É M,Control,003017027026,5016031
5016,03,2,ethionine,Rat,Male,24 hr,0,É M,Control,003017027027,5016032
5016,04,1,ethionine,Rat,Male,2 hr,400,É M,Low,003017027012,5016041
5016,04,2,ethionine,Rat,Male,2 hr,400,É M,Low,003017027013,5016042
5016,05,1,ethionine,Rat,Male,8 hr,400,É M,Low,003017027020,5016051
5016,05,2,ethionine,Rat,Male,8 hr,400,É M,Low,003017027021,5016052
5016,06,1,ethionine,Rat,Male,24 hr,400,É M,Low,003017027028,5016061
5016,06,2,ethionine,Rat,Male,24 hr,400,É M,Low,003017027029,5016062
5016,07,1,ethionine,Rat,Male,2 hr,2000,É M,Middle,003017027014,5016071
5016,07,2,ethionine,Rat,Male,2 hr,2000,É M,Middle,003017027015,5016072
5016,08,1,ethionine,Rat,Male,8 hr,2000,É M,Middle,003017027022,5016081
5016,08,2,ethionine,Rat,Male,8 hr,2000,É M,Middle,003017027023,5016082
5016,09,1,ethionine,Rat,Male,24 hr,2000,É M,Middle,003017027030,5016091
5016,09,2,ethionine,Rat,Male,24 hr,2000,É M,Middle,003017028001,5016092
5016,10,1,ethionine,Rat,Male,2 hr,10000,É M,High,003017027016,5016101
5016,10,2,ethionine,Rat,Male,2 hr,10000,É M,High,003017027017,5016102
5016,11,1,ethionine,Rat,Male,8 hr,10000,É M,High,003017027024,5016111
5016,11,2,ethionine,Rat,Male,8 hr,10000,É M,High,003017027025,5016112
5016,12,1,ethionine,Rat,Male,24 hr,10000,É M,High,003017028002,5016121
5016,12,2,ethionine,Rat,Male,24 hr,10000,É M,High,003017028003,5016122
5017,01,1,aspirin,Rat,Male,2 hr,0,É M,Control,003017028028,5017011
5017,01,2,aspirin,Rat,Male,2 hr,0,É M,Control,003017028029,5017012
5017,02,1,aspirin,Rat,Male,8 hr,0,É M,Control,003017029006,5017021
5017,02,2,aspirin,Rat,Male,8 hr,0,É M,Control,003017029007,5017022
5017,03,1,aspirin,Rat,Male,24 hr,0,É M,Control,003017029014,5017031
5017,03,2,aspirin,Rat,Male,24 hr,0,É M,Control,003017029015,5017032
5017,04,1,aspirin,Rat,Male,2 hr,120,É M,Low,003017028030,5017041
5017,04,2,aspirin,Rat,Male,2 hr,120,É M,Low,003017029001,5017042
5017,05,1,aspirin,Rat,Male,8 hr,120,É M,Low,003017029008,5017051
5017,05,2,aspirin,Rat,Male,8 hr,120,É M,Low,003017029009,5017052
5017,06,1,aspirin,Rat,Male,24 hr,120,É M,Low,003017029016,5017061
5017,06,2,aspirin,Rat,Male,24 hr,120,É M,Low,003017029017,5017062
5017,07,1,aspirin,Rat,Male,2 hr,600,É M,Middle,003017029002,5017071
5017,07,2,aspirin,Rat,Male,2 hr,600,É M,Middle,003017029003,5017072
5017,08,1,aspirin,Rat,Male,8 hr,600,É M,Middle,003017029010,5017081
5017,08,2,aspirin,Rat,Male,8 hr,600,É M,Middle,003017029011,5017082
5017,09,1,aspirin,Rat,Male,24 hr,600,É M,Middle,003017029018,5017091
5017,09,2,aspirin,Rat,Male,24 hr,600,É M,Middle,003017029019,5017092
5017,10,1,aspirin,Rat,Male,2 hr,3000,É M,High,003017029004,5017101
5017,10,2,aspirin,Rat,Male,2 hr,3000,É M,High,003017029005,5017102
5017,11,1,aspirin,Rat,Male,8 hr,3000,É M,High,003017029012,5017111
5017,11,2,aspirin,Rat,Male,8 hr,3000,É M,High,003017029013,5017112
5017,12,1,aspirin,Rat,Male,24 hr,3000,É M,High,003017029020,5017121
5017,12,2,aspirin,Rat,Male,24 hr,3000,É M,High,003017029021,5017122
5018,01,1,indomethacin,Rat,Male,2 hr,0,É M,Control,003017030016,5018011
5018,01,2,indomethacin,Rat,Male,2 hr,0,É M,Control,003017030017,5018012
5018,02,1,indomethacin,Rat,Male,8 hr,0,É M,Control,003017030024,5018021
5018,02,2,indomethacin,Rat,Male,8 hr,0,É M,Control,003017030025,5018022
5018,03,1,indomethacin,Rat,Male,24 hr,0,É M,Control,003017031014,5018031
5018,03,2,indomethacin,Rat,Male,24 hr,0,É M,Control,003017031015,5018032
5018,04,1,indomethacin,Rat,Male,2 hr,12,É M,Low,003017030018,5018041
5018,04,2,indomethacin,Rat,Male,2 hr,12,É M,Low,003017030019,5018042
5018,05,1,indomethacin,Rat,Male,8 hr,12,É M,Low,003017030026,5018051
5018,05,2,indomethacin,Rat,Male,8 hr,12,É M,Low,003017030027,5018052
5018,06,1,indomethacin,Rat,Male,24 hr,12,É M,Low,003017031016,5018061
5018,06,2,indomethacin,Rat,Male,24 hr,12,É M,Low,003017031017,5018062
5018,07,1,indomethacin,Rat,Male,2 hr,60,É M,Middle,003017030020,5018071
5018,07,2,indomethacin,Rat,Male,2 hr,60,É M,Middle,003017030021,5018072
5018,08,1,indomethacin,Rat,Male,8 hr,60,É M,Middle,003017030028,5018081
5018,08,2,indomethacin,Rat,Male,8 hr,60,É M,Middle,003017030029,5018082
5018,09,1,indomethacin,Rat,Male,24 hr,60,É M,Middle,003017031018,5018091
5018,09,2,indomethacin,Rat,Male,24 hr,60,É M,Middle,003017031019,5018092
5018,10,1,indomethacin,Rat,Male,2 hr,300,É M,High,003017030022,5018101
5018,10,2,indomethacin,Rat,Male,2 hr,300,É M,High,003017030023,5018102
5018,11,1,indomethacin,Rat,Male,8 hr,300,É M,High,003017030030,5018111
5018,11,2,indomethacin,Rat,Male,8 hr,300,É M,High,003017031013,5018112
5018,12,1,indomethacin,Rat,Male,24 hr,300,É M,High,003017031020,5018121
5018,12,2,indomethacin,Rat,Male,24 hr,300,É M,High,003017031021,5018122
5019,01,1,chlorpromazine,Rat,Male,2 hr,0,É M,Control,003017029022,5019011
5019,01,2,chlorpromazine,Rat,Male,2 hr,0,É M,Control,003017140018,5019012
5019,02,1,chlorpromazine,Rat,Male,8 hr,0,É M,Control,003017029030,5019021
5019,02,2,chlorpromazine,Rat,Male,8 hr,0,É M,Control,003017030001,5019022
5019,03,1,chlorpromazine,Rat,Male,24 hr,0,É M,Control,003017030008,5019031
5019,03,2,chlorpromazine,Rat,Male,24 hr,0,É M,Control,003017030009,5019032
5019,04,1,chlorpromazine,Rat,Male,2 hr,1,É M,Low,003017029024,5019041
5019,04,2,chlorpromazine,Rat,Male,2 hr,1,É M,Low,003017029025,5019042
5019,05,1,chlorpromazine,Rat,Male,8 hr,1,É M,Low,003017030002,5019051
5019,05,2,chlorpromazine,Rat,Male,8 hr,1,É M,Low,003017030003,5019052
5019,06,1,chlorpromazine,Rat,Male,24 hr,1,É M,Low,003017030010,5019061
5019,06,2,chlorpromazine,Rat,Male,24 hr,1,É M,Low,003017030011,5019062
5019,07,1,chlorpromazine,Rat,Male,2 hr,4,É M,Middle,003017140019,5019071
5019,07,2,chlorpromazine,Rat,Male,2 hr,4,É M,Middle,003017029027,5019072
5019,08,1,chlorpromazine,Rat,Male,8 hr,4,É M,Middle,003017030004,5019081
5019,08,2,chlorpromazine,Rat,Male,8 hr,4,É M,Middle,003017030005,5019082
5019,09,1,chlorpromazine,Rat,Male,24 hr,4,É M,Middle,003017030012,5019091
5019,09,2,chlorpromazine,Rat,Male,24 hr,4,É M,Middle,003017030013,5019092
5019,10,1,chlorpromazine,Rat,Male,2 hr,20,É M,High,003017029028,5019101
5019,10,2,chlorpromazine,Rat,Male,2 hr,20,É M,High,003017029029,5019102
5019,11,1,chlorpromazine,Rat,Male,8 hr,20,É M,High,003017030006,5019111
5019,11,2,chlorpromazine,Rat,Male,8 hr,20,É M,High,003017030007,5019112
5019,12,1,chlorpromazine,Rat,Male,24 hr,20,É M,High,003017030014,5019121
5019,12,2,chlorpromazine,Rat,Male,24 hr,20,É M,High,003017030015,5019122
5020,01,1,thioacetamide,Rat,Male,2 hr,0,É M,Control,003017031024,5020011
5020,01,2,thioacetamide,Rat,Male,2 hr,0,É M,Control,003017031025,5020012
5020,02,1,thioacetamide,Rat,Male,8 hr,0,É M,Control,003017032002,5020021
5020,02,2,thioacetamide,Rat,Male,8 hr,0,É M,Control,003017032003,5020022
5020,03,1,thioacetamide,Rat,Male,24 hr,0,É M,Control,003017032010,5020031
5020,03,2,thioacetamide,Rat,Male,24 hr,0,É M,Control,003017032011,5020032
5020,04,1,thioacetamide,Rat,Male,2 hr,400,É M,Low,003017031026,5020041
5020,04,2,thioacetamide,Rat,Male,2 hr,400,É M,Low,003017031027,5020042
5020,05,1,thioacetamide,Rat,Male,8 hr,400,É M,Low,003017032004,5020051
5020,05,2,thioacetamide,Rat,Male,8 hr,400,É M,Low,003017032005,5020052
5020,06,1,thioacetamide,Rat,Male,24 hr,400,É M,Low,003017032012,5020061
5020,06,2,thioacetamide,Rat,Male,24 hr,400,É M,Low,003017032013,5020062
5020,07,1,thioacetamide,Rat,Male,2 hr,2000,É M,Middle,003017031028,5020071
5020,07,2,thioacetamide,Rat,Male,2 hr,2000,É M,Middle,003017031029,5020072
5020,08,1,thioacetamide,Rat,Male,8 hr,2000,É M,Middle,003017032006,5020081
5020,08,2,thioacetamide,Rat,Male,8 hr,2000,É M,Middle,003017032007,5020082
5020,09,1,thioacetamide,Rat,Male,24 hr,2000,É M,Middle,003017032014,5020091
5020,09,2,thioacetamide,Rat,Male,24 hr,2000,É M,Middle,003017032015,5020092
5020,10,1,thioacetamide,Rat,Male,2 hr,10000,É M,High,003017031030,5020101
5020,10,2,thioacetamide,Rat,Male,2 hr,10000,É M,High,003017032001,5020102
5020,11,1,thioacetamide,Rat,Male,8 hr,10000,É M,High,003017032008,5020111
5020,11,2,thioacetamide,Rat,Male,8 hr,10000,É M,High,003017032009,5020112
5020,12,1,thioacetamide,Rat,Male,24 hr,10000,É M,High,003017032016,5020121
5020,12,2,thioacetamide,Rat,Male,24 hr,10000,É M,High,003017032017,5020122
5021,01,1,carbamazepine,Rat,Male,2 hr,0,É M,Control,003017035001,5021011
5021,01,2,carbamazepine,Rat,Male,2 hr,0,É M,Control,003017035002,5021012
5021,02,1,carbamazepine,Rat,Male,8 hr,0,É M,Control,003017035009,5021021
5021,02,2,carbamazepine,Rat,Male,8 hr,0,É M,Control,003017035010,5021022
5021,03,1,carbamazepine,Rat,Male,24 hr,0,É M,Control,003017035017,5021031
5021,03,2,carbamazepine,Rat,Male,24 hr,0,É M,Control,003017035018,5021032
5021,04,1,carbamazepine,Rat,Male,2 hr,12,É M,Low,003017050007,5021041
5021,04,2,carbamazepine,Rat,Male,2 hr,12,É M,Low,003017035004,5021042
5021,05,1,carbamazepine,Rat,Male,8 hr,12,É M,Low,003017035011,5021051
5021,05,2,carbamazepine,Rat,Male,8 hr,12,É M,Low,003017035012,5021052
5021,06,1,carbamazepine,Rat,Male,24 hr,12,É M,Low,003017035019,5021061
5021,06,2,carbamazepine,Rat,Male,24 hr,12,É M,Low,003017035020,5021062
5021,07,1,carbamazepine,Rat,Male,2 hr,60,É M,Middle,003017035005,5021071
5021,07,2,carbamazepine,Rat,Male,2 hr,60,É M,Middle,003017035006,5021072
5021,08,1,carbamazepine,Rat,Male,8 hr,60,É M,Middle,003017035013,5021081
5021,08,2,carbamazepine,Rat,Male,8 hr,60,É M,Middle,003017035014,5021082
5021,09,1,carbamazepine,Rat,Male,24 hr,60,É M,Middle,003017035021,5021091
5021,09,2,carbamazepine,Rat,Male,24 hr,60,É M,Middle,003017035022,5021092
5021,10,1,carbamazepine,Rat,Male,2 hr,300,É M,High,003017035007,5021101
5021,10,2,carbamazepine,Rat,Male,2 hr,300,É M,High,003017035008,5021102
5021,11,1,carbamazepine,Rat,Male,8 hr,300,É M,High,003017035015,5021111
5021,11,2,carbamazepine,Rat,Male,8 hr,300,É M,High,003017035016,5021112
5021,12,1,carbamazepine,Rat,Male,24 hr,300,É M,High,003017035023,5021121
5021,12,2,carbamazepine,Rat,Male,24 hr,300,É M,High,003017035024,5021122
5022,01,1,diclofenac,Rat,Male,2 hr,0,É M,Control,003017032020,5022011
5022,01,2,diclofenac,Rat,Male,2 hr,0,É M,Control,003017032021,5022012
5022,02,1,diclofenac,Rat,Male,8 hr,0,É M,Control,003017032027,5022021
5022,02,2,diclofenac,Rat,Male,8 hr,0,É M,Control,003017032028,5022022
5022,03,1,diclofenac,Rat,Male,24 hr,0,É M,Control,003017033005,5022031
5022,03,2,diclofenac,Rat,Male,24 hr,0,É M,Control,003017033006,5022032
5022,04,1,diclofenac,Rat,Male,2 hr,16,É M,Low,003017032022,5022041
5022,04,2,diclofenac,Rat,Male,2 hr,16,É M,Low,003017032023,5022042
5022,05,1,diclofenac,Rat,Male,8 hr,16,É M,Low,003017032029,5022051
5022,05,2,diclofenac,Rat,Male,8 hr,16,É M,Low,003017032030,5022052
5022,06,1,diclofenac,Rat,Male,24 hr,16,É M,Low,003017034001,5022061
5022,06,2,diclofenac,Rat,Male,24 hr,16,É M,Low,003017034002,5022062
5022,07,1,diclofenac,Rat,Male,2 hr,80,É M,Middle,003017032024,5022071
5022,07,2,diclofenac,Rat,Male,2 hr,80,É M,Middle,003017032025,5022072
5022,08,1,diclofenac,Rat,Male,8 hr,80,É M,Middle,003017033001,5022081
5022,08,2,diclofenac,Rat,Male,8 hr,80,É M,Middle,003017033002,5022082
5022,09,1,diclofenac,Rat,Male,24 hr,80,É M,Middle,003017034003,5022091
5022,09,2,diclofenac,Rat,Male,24 hr,80,É M,Middle,003017034004,5022092
5022,10,1,diclofenac,Rat,Male,2 hr,400,É M,High,003017032026,5022101
5022,10,2,diclofenac,Rat,Male,2 hr,400,É M,High,003017038001,5022102
5022,11,1,diclofenac,Rat,Male,8 hr,400,É M,High,003017033003,5022111
5022,11,2,diclofenac,Rat,Male,8 hr,400,É M,High,003017033004,5022112
5022,12,1,diclofenac,Rat,Male,24 hr,400,É M,High,003017034005,5022121
5022,12,2,diclofenac,Rat,Male,24 hr,400,É M,High,003017034006,5022122
5026,01,1,nitrofurantoin,Rat,Male,2 hr,0,É M,Control,003017128012,5026011
5026,01,2,nitrofurantoin,Rat,Male,2 hr,0,É M,Control,003017128013,5026012
5026,02,1,nitrofurantoin,Rat,Male,8 hr,0,É M,Control,003017128020,5026021
5026,02,2,nitrofurantoin,Rat,Male,8 hr,0,É M,Control,003017128021,5026022
5026,03,1,nitrofurantoin,Rat,Male,24 hr,0,É M,Control,003017128028,5026031
5026,03,2,nitrofurantoin,Rat,Male,24 hr,0,É M,Control,003017128029,5026032
5026,04,1,nitrofurantoin,Rat,Male,2 hr,5,É M,Low,003017128014,5026041
5026,04,2,nitrofurantoin,Rat,Male,2 hr,5,É M,Low,003017128015,5026042
5026,05,1,nitrofurantoin,Rat,Male,8 hr,5,É M,Low,003017128022,5026051
5026,05,2,nitrofurantoin,Rat,Male,8 hr,5,É M,Low,003017128023,5026052
5026,06,1,nitrofurantoin,Rat,Male,24 hr,5,É M,Low,003017128030,5026061
5026,06,2,nitrofurantoin,Rat,Male,24 hr,5,É M,Low,003017130001,5026062
5026,07,1,nitrofurantoin,Rat,Male,2 hr,25,É M,Middle,003017128016,5026071
5026,07,2,nitrofurantoin,Rat,Male,2 hr,25,É M,Middle,003017128017,5026072
5026,08,1,nitrofurantoin,Rat,Male,8 hr,25,É M,Middle,003017128024,5026081
5026,08,2,nitrofurantoin,Rat,Male,8 hr,25,É M,Middle,003017128025,5026082
5026,09,1,nitrofurantoin,Rat,Male,24 hr,25,É M,Middle,003017130002,5026091
5026,09,2,nitrofurantoin,Rat,Male,24 hr,25,É M,Middle,003017130003,5026092
5026,10,1,nitrofurantoin,Rat,Male,2 hr,125,É M,High,003017128018,5026101
5026,10,2,nitrofurantoin,Rat,Male,2 hr,125,É M,High,003017128019,5026102
5026,11,1,nitrofurantoin,Rat,Male,8 hr,125,É M,High,003017128026,5026111
5026,11,2,nitrofurantoin,Rat,Male,8 hr,125,É M,High,003017128027,5026112
5026,12,1,nitrofurantoin,Rat,Male,24 hr,125,É M,High,003017130004,5026121
5026,12,2,nitrofurantoin,Rat,Male,24 hr,125,É M,High,003017130005,5026122
5027,01,1,benzbromarone,Rat,Male,2 hr,0,É M,Control,003017136001,5027011
5027,01,2,benzbromarone,Rat,Male,2 hr,0,É M,Control,003017136002,5027012
5027,02,1,benzbromarone,Rat,Male,8 hr,0,É M,Control,003017136009,5027021
5027,02,2,benzbromarone,Rat,Male,8 hr,0,É M,Control,003017136010,5027022
5027,03,1,benzbromarone,Rat,Male,24 hr,0,É M,Control,003017136017,5027031
5027,03,2,benzbromarone,Rat,Male,24 hr,0,É M,Control,003017136018,5027032
5027,04,1,benzbromarone,Rat,Male,2 hr,1,É M,Low,003017136003,5027041
5027,04,2,benzbromarone,Rat,Male,2 hr,1,É M,Low,003017136004,5027042
5027,05,1,benzbromarone,Rat,Male,8 hr,1,É M,Low,003017136011,5027051
5027,05,2,benzbromarone,Rat,Male,8 hr,1,É M,Low,003017136012,5027052
5027,06,1,benzbromarone,Rat,Male,24 hr,1,É M,Low,003017136019,5027061
5027,06,2,benzbromarone,Rat,Male,24 hr,1,É M,Low,003017136020,5027062
5027,07,1,benzbromarone,Rat,Male,2 hr,3,É M,Middle,003017136005,5027071
5027,07,2,benzbromarone,Rat,Male,2 hr,3,É M,Middle,003017136006,5027072
5027,08,1,benzbromarone,Rat,Male,8 hr,3,É M,Middle,003017136013,5027081
5027,08,2,benzbromarone,Rat,Male,8 hr,3,É M,Middle,003017136014,5027082
5027,09,1,benzbromarone,Rat,Male,24 hr,3,É M,Middle,003017136021,5027091
5027,09,2,benzbromarone,Rat,Male,24 hr,3,É M,Middle,003017136022,5027092
5027,10,1,benzbromarone,Rat,Male,2 hr,15,É M,High,003017136007,5027101
5027,10,2,benzbromarone,Rat,Male,2 hr,15,É M,High,003017136008,5027102
5027,11,1,benzbromarone,Rat,Male,8 hr,15,É M,High,003017136015,5027111
5027,11,2,benzbromarone,Rat,Male,8 hr,15,É M,High,003017136016,5027112
5027,12,1,benzbromarone,Rat,Male,24 hr,15,É M,High,003017136023,5027121
5027,12,2,benzbromarone,Rat,Male,24 hr,15,É M,High,003017136024,5027122
5028,01,1,hexachlorobenzene,Rat,Male,2 hr,0,É M,Control,003017061012,5028011
5028,01,2,hexachlorobenzene,Rat,Male,2 hr,0,É M,Control,003017061013,5028012
5028,02,1,hexachlorobenzene,Rat,Male,8 hr,0,É M,Control,003017061020,5028021
5028,02,2,hexachlorobenzene,Rat,Male,8 hr,0,É M,Control,003017061021,5028022
5028,03,1,hexachlorobenzene,Rat,Male,24 hr,0,É M,Control,003017061028,5028031
5028,03,2,hexachlorobenzene,Rat,Male,24 hr,0,É M,Control,003017061029,5028032
5028,04,1,hexachlorobenzene,Rat,Male,2 hr,1,É M,Low,003017061014,5028041
5028,04,2,hexachlorobenzene,Rat,Male,2 hr,1,É M,Low,003017061015,5028042
5028,05,1,hexachlorobenzene,Rat,Male,8 hr,1,É M,Low,003017061022,5028051
5028,05,2,hexachlorobenzene,Rat,Male,8 hr,1,É M,Low,003017061023,5028052
5028,06,1,hexachlorobenzene,Rat,Male,24 hr,1,É M,Low,003017061030,5028061
5028,06,2,hexachlorobenzene,Rat,Male,24 hr,1,É M,Low,003017062001,5028062
5028,07,1,hexachlorobenzene,Rat,Male,2 hr,3,É M,Middle,003017061016,5028071
5028,07,2,hexachlorobenzene,Rat,Male,2 hr,3,É M,Middle,003017061017,5028072
5028,08,1,hexachlorobenzene,Rat,Male,8 hr,3,É M,Middle,003017061024,5028081
5028,08,2,hexachlorobenzene,Rat,Male,8 hr,3,É M,Middle,003017061025,5028082
5028,09,1,hexachlorobenzene,Rat,Male,24 hr,3,É M,Middle,003017062002,5028091
5028,09,2,hexachlorobenzene,Rat,Male,24 hr,3,É M,Middle,003017062003,5028092
5028,10,1,hexachlorobenzene,Rat,Male,2 hr,15,É M,High,003017061018,5028101
5028,10,2,hexachlorobenzene,Rat,Male,2 hr,15,É M,High,003017061019,5028102
5028,11,1,hexachlorobenzene,Rat,Male,8 hr,15,É M,High,003017061026,5028111
5028,11,2,hexachlorobenzene,Rat,Male,8 hr,15,É M,High,003017061027,5028112
5028,12,1,hexachlorobenzene,Rat,Male,24 hr,15,É M,High,003017062004,5028121
5028,12,2,hexachlorobenzene,Rat,Male,24 hr,15,É M,High,003017062005,5028122
5029,01,1,diazepam,Rat,Male,2 hr,0,É M,Control,003017063001,5029011
5029,01,2,diazepam,Rat,Male,2 hr,0,É M,Control,003017063002,5029012
5029,02,1,diazepam,Rat,Male,8 hr,0,É M,Control,003017063009,5029021
5029,02,2,diazepam,Rat,Male,8 hr,0,É M,Control,003017063010,5029022
5029,03,1,diazepam,Rat,Male,24 hr,0,É M,Control,003017063017,5029031
5029,03,2,diazepam,Rat,Male,24 hr,0,É M,Control,003017063018,5029032
5029,04,1,diazepam,Rat,Male,2 hr,5,É M,Low,003017063003,5029041
5029,04,2,diazepam,Rat,Male,2 hr,5,É M,Low,003017063004,5029042
5029,05,1,diazepam,Rat,Male,8 hr,5,É M,Low,003017063011,5029051
5029,05,2,diazepam,Rat,Male,8 hr,5,É M,Low,003017063012,5029052
5029,06,1,diazepam,Rat,Male,24 hr,5,É M,Low,003017063019,5029061
5029,06,2,diazepam,Rat,Male,24 hr,5,É M,Low,003017063020,5029062
5029,07,1,diazepam,Rat,Male,2 hr,25,É M,Middle,003017063005,5029071
5029,07,2,diazepam,Rat,Male,2 hr,25,É M,Middle,003017063006,5029072
5029,08,1,diazepam,Rat,Male,8 hr,25,É M,Middle,003017063013,5029081
5029,08,2,diazepam,Rat,Male,8 hr,25,É M,Middle,003017063014,5029082
5029,09,1,diazepam,Rat,Male,24 hr,25,É M,Middle,003017063021,5029091
5029,09,2,diazepam,Rat,Male,24 hr,25,É M,Middle,003017063022,5029092
5029,10,1,diazepam,Rat,Male,2 hr,125,É M,High,003017063007,5029101
5029,10,2,diazepam,Rat,Male,2 hr,125,É M,High,003017063008,5029102
5029,11,1,diazepam,Rat,Male,8 hr,125,É M,High,003017063015,5029111
5029,11,2,diazepam,Rat,Male,8 hr,125,É M,High,003017063016,5029112
5029,12,1,diazepam,Rat,Male,24 hr,125,É M,High,003017063023,5029121
5029,12,2,diazepam,Rat,Male,24 hr,125,É M,High,003017063024,5029122
5030,01,1,cyclophosphamide,Rat,Male,2 hr,0,É M,Control,003017057011,5030011
5030,01,2,cyclophosphamide,Rat,Male,2 hr,0,É M,Control,003017057012,5030012
5030,02,1,cyclophosphamide,Rat,Male,8 hr,0,É M,Control,003017057019,5030021
5030,02,2,cyclophosphamide,Rat,Male,8 hr,0,É M,Control,003017057020,5030022
5030,03,1,cyclophosphamide,Rat,Male,24 hr,0,É M,Control,003017057027,5030031
5030,03,2,cyclophosphamide,Rat,Male,24 hr,0,É M,Control,003017057028,5030032
5030,04,1,cyclophosphamide,Rat,Male,2 hr,8,É M,Low,003017057013,5030041
5030,04,2,cyclophosphamide,Rat,Male,2 hr,8,É M,Low,003017057014,5030042
5030,05,1,cyclophosphamide,Rat,Male,8 hr,8,É M,Low,003017057021,5030051
5030,05,2,cyclophosphamide,Rat,Male,8 hr,8,É M,Low,003017057022,5030052
5030,06,1,cyclophosphamide,Rat,Male,24 hr,8,É M,Low,003017057029,5030061
5030,06,2,cyclophosphamide,Rat,Male,24 hr,8,É M,Low,003017057030,5030062
5030,07,1,cyclophosphamide,Rat,Male,2 hr,40,É M,Middle,003017057015,5030071
5030,07,2,cyclophosphamide,Rat,Male,2 hr,40,É M,Middle,003017057016,5030072
5030,08,1,cyclophosphamide,Rat,Male,8 hr,40,É M,Middle,003017057023,5030081
5030,08,2,cyclophosphamide,Rat,Male,8 hr,40,É M,Middle,003017057024,5030082
5030,09,1,cyclophosphamide,Rat,Male,24 hr,40,É M,Middle,003017058001,5030091
5030,09,2,cyclophosphamide,Rat,Male,24 hr,40,É M,Middle,003017058002,5030092
5030,10,1,cyclophosphamide,Rat,Male,2 hr,200,É M,High,003017057017,5030101
5030,10,2,cyclophosphamide,Rat,Male,2 hr,200,É M,High,003017057018,5030102
5030,11,1,cyclophosphamide,Rat,Male,8 hr,200,É M,High,003017057025,5030111
5030,11,2,cyclophosphamide,Rat,Male,8 hr,200,É M,High,003017057026,5030112
5030,12,1,cyclophosphamide,Rat,Male,24 hr,200,É M,High,003017058003,5030121
5030,12,2,cyclophosphamide,Rat,Male,24 hr,200,É M,High,003017058004,5030122
5031,01,1,methapyrilene,Rat,Male,2 hr,0,É M,Control,003017066007,5031011
5031,01,2,methapyrilene,Rat,Male,2 hr,0,É M,Control,003017066008,5031012
5031,02,1,methapyrilene,Rat,Male,8 hr,0,É M,Control,003017066015,5031021
5031,02,2,methapyrilene,Rat,Male,8 hr,0,É M,Control,003017066016,5031022
5031,03,1,methapyrilene,Rat,Male,24 hr,0,É M,Control,003017066023,5031031
5031,03,2,methapyrilene,Rat,Male,24 hr,0,É M,Control,003017066024,5031032
5031,04,1,methapyrilene,Rat,Male,2 hr,1,É M,Low,003017066009,5031041
5031,04,2,methapyrilene,Rat,Male,2 hr,1,É M,Low,003017066010,5031042
5031,05,1,methapyrilene,Rat,Male,8 hr,1,É M,Low,003017066017,5031051
5031,05,2,methapyrilene,Rat,Male,8 hr,1,É M,Low,003017066018,5031052
5031,06,1,methapyrilene,Rat,Male,24 hr,1,É M,Low,003017066025,5031061
5031,06,2,methapyrilene,Rat,Male,24 hr,1,É M,Low,003017066026,5031062
5031,07,1,methapyrilene,Rat,Male,2 hr,3,É M,Middle,003017066011,5031071
5031,07,2,methapyrilene,Rat,Male,2 hr,3,É M,Middle,003017066012,5031072
5031,08,1,methapyrilene,Rat,Male,8 hr,3,É M,Middle,003017066019,5031081
5031,08,2,methapyrilene,Rat,Male,8 hr,3,É M,Middle,003017066020,5031082
5031,09,1,methapyrilene,Rat,Male,24 hr,3,É M,Middle,003017066027,5031091
5031,09,2,methapyrilene,Rat,Male,24 hr,3,É M,Middle,003017066028,5031092
5031,10,1,methapyrilene,Rat,Male,2 hr,15,É M,High,003017066013,5031101
5031,10,2,methapyrilene,Rat,Male,2 hr,15,É M,High,003017066014,5031102
5031,11,1,methapyrilene,Rat,Male,8 hr,15,É M,High,003017066021,5031111
5031,11,2,methapyrilene,Rat,Male,8 hr,15,É M,High,003017066022,5031112
5031,12,1,methapyrilene,Rat,Male,24 hr,15,É M,High,003017066029,5031121
5031,12,2,methapyrilene,Rat,Male,24 hr,15,É M,High,003017066030,5031122
5032,01,1,phenytoin,Rat,Male,2 hr,0,É M,Control,003017066001,5032011
5032,01,2,phenytoin,Rat,Male,2 hr,0,É M,Control,003017066002,5032012
5032,02,1,phenytoin,Rat,Male,8 hr,0,É M,Control,003017067006,5032021
5032,02,2,phenytoin,Rat,Male,8 hr,0,É M,Control,003017067007,5032022
5032,03,1,phenytoin,Rat,Male,24 hr,0,É M,Control,003017067014,5032031
5032,03,2,phenytoin,Rat,Male,24 hr,0,É M,Control,003017067015,5032032
5032,04,1,phenytoin,Rat,Male,2 hr,2,É M,Low,003017066003,5032041
5032,04,2,phenytoin,Rat,Male,2 hr,2,É M,Low,003017067001,5032042
5032,05,1,phenytoin,Rat,Male,8 hr,2,É M,Low,003017067008,5032051
5032,05,2,phenytoin,Rat,Male,8 hr,2,É M,Low,003017067009,5032052
5032,06,1,phenytoin,Rat,Male,24 hr,2,É M,Low,003017067016,5032061
5032,06,2,phenytoin,Rat,Male,24 hr,2,É M,Low,003017067017,5032062
5032,07,1,phenytoin,Rat,Male,2 hr,12,É M,Middle,003017067002,5032071
5032,07,2,phenytoin,Rat,Male,2 hr,12,É M,Middle,003017067003,5032072
5032,08,1,phenytoin,Rat,Male,8 hr,12,É M,Middle,003017067010,5032081
5032,08,2,phenytoin,Rat,Male,8 hr,12,É M,Middle,003017067011,5032082
5032,09,1,phenytoin,Rat,Male,24 hr,12,É M,Middle,003017067018,5032091
5032,09,2,phenytoin,Rat,Male,24 hr,12,É M,Middle,003017067019,5032092
5032,10,1,phenytoin,Rat,Male,2 hr,60,É M,High,003017067004,5032101
5032,10,2,phenytoin,Rat,Male,2 hr,60,É M,High,003017067005,5032102
5032,11,1,phenytoin,Rat,Male,8 hr,60,É M,High,003017067012,5032111
5032,11,2,phenytoin,Rat,Male,8 hr,60,É M,High,003017067013,5032112
5032,12,1,phenytoin,Rat,Male,24 hr,60,É M,High,003017067020,5032121
5032,12,2,phenytoin,Rat,Male,24 hr,60,É M,High,003017067021,5032122
5033,01,1,coumarin,Rat,Male,2 hr,0,É M,Control,003017069001,5033011
5033,01,2,coumarin,Rat,Male,2 hr,0,É M,Control,003017069002,5033012
5033,02,1,coumarin,Rat,Male,8 hr,0,É M,Control,003017069009,5033021
5033,02,2,coumarin,Rat,Male,8 hr,0,É M,Control,003017069010,5033022
5033,03,1,coumarin,Rat,Male,24 hr,0,É M,Control,003017069017,5033031
5033,03,2,coumarin,Rat,Male,24 hr,0,É M,Control,003017069018,5033032
5033,04,1,coumarin,Rat,Male,2 hr,12,É M,Low,003017069003,5033041
5033,04,2,coumarin,Rat,Male,2 hr,12,É M,Low,003017069004,5033042
5033,05,1,coumarin,Rat,Male,8 hr,12,É M,Low,003017069011,5033051
5033,05,2,coumarin,Rat,Male,8 hr,12,É M,Low,003017069012,5033052
5033,06,1,coumarin,Rat,Male,24 hr,12,É M,Low,003017069019,5033061
5033,06,2,coumarin,Rat,Male,24 hr,12,É M,Low,003017069020,5033062
5033,07,1,coumarin,Rat,Male,2 hr,60,É M,Middle,003017069005,5033071
5033,07,2,coumarin,Rat,Male,2 hr,60,É M,Middle,003017069006,5033072
5033,08,1,coumarin,Rat,Male,8 hr,60,É M,Middle,003017069013,5033081
5033,08,2,coumarin,Rat,Male,8 hr,60,É M,Middle,003017069014,5033082
5033,09,1,coumarin,Rat,Male,24 hr,60,É M,Middle,003017069021,5033091
5033,09,2,coumarin,Rat,Male,24 hr,60,É M,Middle,003017068004,5033092
5033,10,1,coumarin,Rat,Male,2 hr,300,É M,High,003017069007,5033101
5033,10,2,coumarin,Rat,Male,2 hr,300,É M,High,003017069008,5033102
5033,11,1,coumarin,Rat,Male,8 hr,300,É M,High,003017069015,5033111
5033,11,2,coumarin,Rat,Male,8 hr,300,É M,High,003017069016,5033112
5033,12,1,coumarin,Rat,Male,24 hr,300,É M,High,003017068005,5033121
5033,12,2,coumarin,Rat,Male,24 hr,300,É M,High,003017068006,5033122
5034,01,1,allopurinol,Rat,Male,2 hr,0,É M,Control,003017068007,5034011
5034,01,2,allopurinol,Rat,Male,2 hr,0,É M,Control,003017068008,5034012
5034,02,1,allopurinol,Rat,Male,8 hr,0,É M,Control,003017068015,5034021
5034,02,2,allopurinol,Rat,Male,8 hr,0,É M,Control,003017068016,5034022
5034,03,1,allopurinol,Rat,Male,24 hr,0,É M,Control,003017068023,5034031
5034,03,2,allopurinol,Rat,Male,24 hr,0,É M,Control,003017068024,5034032
5034,04,1,allopurinol,Rat,Male,2 hr,6,É M,Low,003017068009,5034041
5034,04,2,allopurinol,Rat,Male,2 hr,6,É M,Low,003017068010,5034042
5034,05,1,allopurinol,Rat,Male,8 hr,6,É M,Low,003017068017,5034051
5034,05,2,allopurinol,Rat,Male,8 hr,6,É M,Low,003017068018,5034052
5034,06,1,allopurinol,Rat,Male,24 hr,6,É M,Low,003017068025,5034061
5034,06,2,allopurinol,Rat,Male,24 hr,6,É M,Low,003017068026,5034062
5034,07,1,allopurinol,Rat,Male,2 hr,28,É M,Middle,003017068011,5034071
5034,07,2,allopurinol,Rat,Male,2 hr,28,É M,Middle,003017068012,5034072
5034,08,1,allopurinol,Rat,Male,8 hr,28,É M,Middle,003017068019,5034081
5034,08,2,allopurinol,Rat,Male,8 hr,28,É M,Middle,003017068020,5034082
5034,09,1,allopurinol,Rat,Male,24 hr,28,É M,Middle,003017068027,5034091
5034,09,2,allopurinol,Rat,Male,24 hr,28,É M,Middle,003017068028,5034092
5034,10,1,allopurinol,Rat,Male,2 hr,140,É M,High,003017068013,5034101
5034,10,2,allopurinol,Rat,Male,2 hr,140,É M,High,003017068014,5034102
5034,11,1,allopurinol,Rat,Male,8 hr,140,É M,High,003017068021,5034111
5034,11,2,allopurinol,Rat,Male,8 hr,140,É M,High,003017068022,5034112
5034,12,1,allopurinol,Rat,Male,24 hr,140,É M,High,003017068029,5034121
5034,12,2,allopurinol,Rat,Male,24 hr,140,É M,High,003017068030,5034122
5035,01,1,propylthiouracil,Rat,Male,2 hr,0,É M,Control,003017073026,5035011
5035,01,2,propylthiouracil,Rat,Male,2 hr,0,É M,Control,003017073027,5035012
5035,02,1,propylthiouracil,Rat,Male,8 hr,0,É M,Control,003017074004,5035021
5035,02,2,propylthiouracil,Rat,Male,8 hr,0,É M,Control,003017074005,5035022
5035,03,1,propylthiouracil,Rat,Male,24 hr,0,É M,Control,003017074012,5035031
5035,03,2,propylthiouracil,Rat,Male,24 hr,0,É M,Control,003017074013,5035032
5035,04,1,propylthiouracil,Rat,Male,2 hr,160,É M,Low,003017073028,5035041
5035,04,2,propylthiouracil,Rat,Male,2 hr,160,É M,Low,003017073029,5035042
5035,05,1,propylthiouracil,Rat,Male,8 hr,160,É M,Low,003017074006,5035051
5035,05,2,propylthiouracil,Rat,Male,8 hr,160,É M,Low,003017074007,5035052
5035,06,1,propylthiouracil,Rat,Male,24 hr,160,É M,Low,003017074014,5035061
5035,06,2,propylthiouracil,Rat,Male,24 hr,160,É M,Low,003017074015,5035062
5035,07,1,propylthiouracil,Rat,Male,2 hr,800,É M,Middle,003017073030,5035071
5035,07,2,propylthiouracil,Rat,Male,2 hr,800,É M,Middle,003017074001,5035072
5035,08,1,propylthiouracil,Rat,Male,8 hr,800,É M,Middle,003017074008,5035081
5035,08,2,propylthiouracil,Rat,Male,8 hr,800,É M,Middle,003017074009,5035082
5035,09,1,propylthiouracil,Rat,Male,24 hr,800,É M,Middle,003017074016,5035091
5035,09,2,propylthiouracil,Rat,Male,24 hr,800,É M,Middle,003017074017,5035092
5035,10,1,propylthiouracil,Rat,Male,2 hr,4000,É M,High,003017074002,5035101
5035,10,2,propylthiouracil,Rat,Male,2 hr,4000,É M,High,003017074003,5035102
5035,11,1,propylthiouracil,Rat,Male,8 hr,4000,É M,High,003017074010,5035111
5035,11,2,propylthiouracil,Rat,Male,8 hr,4000,É M,High,003017074011,5035112
5035,12,1,propylthiouracil,Rat,Male,24 hr,4000,É M,High,003017074018,5035121
5035,12,2,propylthiouracil,Rat,Male,24 hr,4000,É M,High,003017100001,5035122
5036,01,1,WY-14643,Rat,Male,2 hr,0,É M,Control,003017078020,5036011
5036,01,2,WY-14643,Rat,Male,2 hr,0,É M,Control,003017078021,5036012
5036,02,1,WY-14643,Rat,Male,8 hr,0,É M,Control,003017078028,5036021
5036,02,2,WY-14643,Rat,Male,8 hr,0,É M,Control,003017078029,5036022
5036,03,1,WY-14643,Rat,Male,24 hr,0,É M,Control,003017079019,5036031
5036,03,2,WY-14643,Rat,Male,24 hr,0,É M,Control,003017079020,5036032
5036,04,1,WY-14643,Rat,Male,2 hr,8,É M,Low,003017078022,5036041
5036,04,2,WY-14643,Rat,Male,2 hr,8,É M,Low,003017078023,5036042
5036,05,1,WY-14643,Rat,Male,8 hr,8,É M,Low,003017078030,5036051
5036,05,2,WY-14643,Rat,Male,8 hr,8,É M,Low,003017079014,5036052
5036,06,1,WY-14643,Rat,Male,24 hr,8,É M,Low,003017079021,5036061
5036,06,2,WY-14643,Rat,Male,24 hr,8,É M,Low,003017079022,5036062
5036,07,1,WY-14643,Rat,Male,2 hr,40,É M,Middle,003017078024,5036071
5036,07,2,WY-14643,Rat,Male,2 hr,40,É M,Middle,003017078025,5036072
5036,08,1,WY-14643,Rat,Male,8 hr,40,É M,Middle,003017079015,5036081
5036,08,2,WY-14643,Rat,Male,8 hr,40,É M,Middle,003017079016,5036082
5036,09,1,WY-14643,Rat,Male,24 hr,40,É M,Middle,003017079023,5036091
5036,09,2,WY-14643,Rat,Male,24 hr,40,É M,Middle,003017079024,5036092
5036,10,1,WY-14643,Rat,Male,2 hr,200,É M,High,003017078026,5036101
5036,10,2,WY-14643,Rat,Male,2 hr,200,É M,High,003017078027,5036102
5036,11,1,WY-14643,Rat,Male,8 hr,200,É M,High,003017079017,5036111
5036,11,2,WY-14643,Rat,Male,8 hr,200,É M,High,003017079018,5036112
5036,12,1,WY-14643,Rat,Male,24 hr,200,É M,High,003017079025,5036121
5036,12,2,WY-14643,Rat,Male,24 hr,200,É M,High,003017079026,5036122
5037,01,1,gemfibrozil,Rat,Male,2 hr,0,É M,Control,003017097027,5037011
5037,01,2,gemfibrozil,Rat,Male,2 hr,0,É M,Control,003017097028,5037012
5037,02,1,gemfibrozil,Rat,Male,8 hr,0,É M,Control,003017098005,5037021
5037,02,2,gemfibrozil,Rat,Male,8 hr,0,É M,Control,003017098006,5037022
5037,03,1,gemfibrozil,Rat,Male,24 hr,0,É M,Control,003017098013,5037031
5037,03,2,gemfibrozil,Rat,Male,24 hr,0,É M,Control,003017098014,5037032
5037,04,1,gemfibrozil,Rat,Male,2 hr,4,É M,Low,003017097029,5037041
5037,04,2,gemfibrozil,Rat,Male,2 hr,4,É M,Low,003017097030,5037042
5037,05,1,gemfibrozil,Rat,Male,8 hr,4,É M,Low,003017098007,5037051
5037,05,2,gemfibrozil,Rat,Male,8 hr,4,É M,Low,003017098008,5037052
5037,06,1,gemfibrozil,Rat,Male,24 hr,4,É M,Low,003017098015,5037061
5037,06,2,gemfibrozil,Rat,Male,24 hr,4,É M,Low,003017098016,5037062
5037,07,1,gemfibrozil,Rat,Male,2 hr,20,É M,Middle,003017098001,5037071
5037,07,2,gemfibrozil,Rat,Male,2 hr,20,É M,Middle,003017098002,5037072
5037,08,1,gemfibrozil,Rat,Male,8 hr,20,É M,Middle,003017098009,5037081
5037,08,2,gemfibrozil,Rat,Male,8 hr,20,É M,Middle,003017098010,5037082
5037,09,1,gemfibrozil,Rat,Male,24 hr,20,É M,Middle,003017098017,5037091
5037,09,2,gemfibrozil,Rat,Male,24 hr,20,É M,Middle,003017098018,5037092
5037,10,1,gemfibrozil,Rat,Male,2 hr,100,É M,High,003017098003,5037101
5037,10,2,gemfibrozil,Rat,Male,2 hr,100,É M,High,003017098004,5037102
5037,11,1,gemfibrozil,Rat,Male,8 hr,100,É M,High,003017098011,5037111
5037,11,2,gemfibrozil,Rat,Male,8 hr,100,É M,High,003017098012,5037112
5037,12,1,gemfibrozil,Rat,Male,24 hr,100,É M,High,003017098019,5037121
5037,12,2,gemfibrozil,Rat,Male,24 hr,100,É M,High,003017098020,5037122
5038,01,1,bromobenzene,Rat,Male,2 hr,0,É M,Control,003017102001,5038011
5038,01,2,bromobenzene,Rat,Male,2 hr,0,É M,Control,003017102002,5038012
5038,02,1,bromobenzene,Rat,Male,8 hr,0,É M,Control,003017102009,5038021
5038,02,2,bromobenzene,Rat,Male,8 hr,0,É M,Control,003017102010,5038022
5038,03,1,bromobenzene,Rat,Male,24 hr,0,É M,Control,003017102017,5038031
5038,03,2,bromobenzene,Rat,Male,24 hr,0,É M,Control,003017102018,5038032
5038,04,1,bromobenzene,Rat,Male,2 hr,8,É M,Low,003017102003,5038041
5038,04,2,bromobenzene,Rat,Male,2 hr,8,É M,Low,003017102004,5038042
5038,05,1,bromobenzene,Rat,Male,8 hr,8,É M,Low,003017102011,5038051
5038,05,2,bromobenzene,Rat,Male,8 hr,8,É M,Low,003017102012,5038052
5038,06,1,bromobenzene,Rat,Male,24 hr,8,É M,Low,003017102019,5038061
5038,06,2,bromobenzene,Rat,Male,24 hr,8,É M,Low,003017102020,5038062
5038,07,1,bromobenzene,Rat,Male,2 hr,40,É M,Middle,003017102005,5038071
5038,07,2,bromobenzene,Rat,Male,2 hr,40,É M,Middle,003017102006,5038072
5038,08,1,bromobenzene,Rat,Male,8 hr,40,É M,Middle,003017102013,5038081
5038,08,2,bromobenzene,Rat,Male,8 hr,40,É M,Middle,003017102014,5038082
5038,09,1,bromobenzene,Rat,Male,24 hr,40,É M,Middle,003017102021,5038091
5038,09,2,bromobenzene,Rat,Male,24 hr,40,É M,Middle,003017102022,5038092
5038,10,1,bromobenzene,Rat,Male,2 hr,200,É M,High,003017102007,5038101
5038,10,2,bromobenzene,Rat,Male,2 hr,200,É M,High,003017102008,5038102
5038,11,1,bromobenzene,Rat,Male,8 hr,200,É M,High,003017102015,5038111
5038,11,2,bromobenzene,Rat,Male,8 hr,200,É M,High,003017102016,5038112
5038,12,1,bromobenzene,Rat,Male,24 hr,200,É M,High,003017102023,5038121
5038,12,2,bromobenzene,Rat,Male,24 hr,200,É M,High,003017102024,5038122
5039,01,1,amiodarone,Rat,Male,2 hr,0,É M,Control,003017077026,5039011
5039,01,2,amiodarone,Rat,Male,2 hr,0,É M,Control,003017077027,5039012
5039,02,1,amiodarone,Rat,Male,8 hr,0,É M,Control,003017078004,5039021
5039,02,2,amiodarone,Rat,Male,8 hr,0,É M,Control,003017078005,5039022
5039,03,1,amiodarone,Rat,Male,24 hr,0,É M,Control,003017078012,5039031
5039,03,2,amiodarone,Rat,Male,24 hr,0,É M,Control,003017078013,5039032
5039,04,1,amiodarone,Rat,Male,2 hr,0,É M,Low,003017077028,5039041
5039,04,2,amiodarone,Rat,Male,2 hr,0,É M,Low,003017077029,5039042
5039,05,1,amiodarone,Rat,Male,8 hr,0,É M,Low,003017078006,5039051
5039,05,2,amiodarone,Rat,Male,8 hr,0,É M,Low,003017078007,5039052
5039,06,1,amiodarone,Rat,Male,24 hr,0,É M,Low,003017078014,5039061
5039,06,2,amiodarone,Rat,Male,24 hr,0,É M,Low,003017078015,5039062
5039,07,1,amiodarone,Rat,Male,2 hr,1,É M,Middle,003017077030,5039071
5039,07,2,amiodarone,Rat,Male,2 hr,1,É M,Middle,003017078001,5039072
5039,08,1,amiodarone,Rat,Male,8 hr,1,É M,Middle,003017078008,5039081
5039,08,2,amiodarone,Rat,Male,8 hr,1,É M,Middle,003017078009,5039082
5039,09,1,amiodarone,Rat,Male,24 hr,1,É M,Middle,003017078016,5039091
5039,09,2,amiodarone,Rat,Male,24 hr,1,É M,Middle,003017078017,5039092
5039,10,1,amiodarone,Rat,Male,2 hr,7,É M,High,003017078002,5039101
5039,10,2,amiodarone,Rat,Male,2 hr,7,É M,High,003017078003,5039102
5039,11,1,amiodarone,Rat,Male,8 hr,7,É M,High,003017078010,5039111
5039,11,2,amiodarone,Rat,Male,8 hr,7,É M,High,003017078011,5039112
5039,12,1,amiodarone,Rat,Male,24 hr,7,É M,High,003017078018,5039121
5039,12,2,amiodarone,Rat,Male,24 hr,7,É M,High,003017078019,5039122
5040,01,1,sulfasalazine,Rat,Male,2 hr,0,É M,Control,003017118012,5040011
5040,01,2,sulfasalazine,Rat,Male,2 hr,0,É M,Control,003017118013,5040012
5040,02,1,sulfasalazine,Rat,Male,8 hr,0,É M,Control,003017118020,5040021
5040,02,2,sulfasalazine,Rat,Male,8 hr,0,É M,Control,003017118021,5040022
5040,03,1,sulfasalazine,Rat,Male,24 hr,0,É M,Control,003017118028,5040031
5040,03,2,sulfasalazine,Rat,Male,24 hr,0,É M,Control,003017118029,5040032
5040,04,1,sulfasalazine,Rat,Male,2 hr,4,É M,Low,003017118014,5040041
5040,04,2,sulfasalazine,Rat,Male,2 hr,4,É M,Low,003017118015,5040042
5040,05,1,sulfasalazine,Rat,Male,8 hr,4,É M,Low,003017118022,5040051
5040,05,2,sulfasalazine,Rat,Male,8 hr,4,É M,Low,003017118023,5040052
5040,06,1,sulfasalazine,Rat,Male,24 hr,4,É M,Low,003017118030,5040061
5040,06,2,sulfasalazine,Rat,Male,24 hr,4,É M,Low,003017119001,5040062
5040,07,1,sulfasalazine,Rat,Male,2 hr,20,É M,Middle,003017118016,5040071
5040,07,2,sulfasalazine,Rat,Male,2 hr,20,É M,Middle,003017118017,5040072
5040,08,1,sulfasalazine,Rat,Male,8 hr,20,É M,Middle,003017118024,5040081
5040,08,2,sulfasalazine,Rat,Male,8 hr,20,É M,Middle,003017118025,5040082
5040,09,1,sulfasalazine,Rat,Male,24 hr,20,É M,Middle,003017119002,5040091
5040,09,2,sulfasalazine,Rat,Male,24 hr,20,É M,Middle,003017119003,5040092
5040,10,1,sulfasalazine,Rat,Male,2 hr,100,É M,High,003017118018,5040101
5040,10,2,sulfasalazine,Rat,Male,2 hr,100,É M,High,003017118019,5040102
5040,11,1,sulfasalazine,Rat,Male,8 hr,100,É M,High,003017118026,5040111
5040,11,2,sulfasalazine,Rat,Male,8 hr,100,É M,High,003017118027,5040112
5040,12,1,sulfasalazine,Rat,Male,24 hr,100,É M,High,003017119004,5040121
5040,12,2,sulfasalazine,Rat,Male,24 hr,100,É M,High,003017119005,5040122
5041,01,1,cimetidine,Rat,Male,2 hr,0,É M,Control,003017139001,5041011
5041,01,2,cimetidine,Rat,Male,2 hr,0,É M,Control,003017139002,5041012
5041,02,1,cimetidine,Rat,Male,8 hr,0,É M,Control,003017139009,5041021
5041,02,2,cimetidine,Rat,Male,8 hr,0,É M,Control,003017139010,5041022
5041,03,1,cimetidine,Rat,Male,24 hr,0,É M,Control,003017139017,5041031
5041,03,2,cimetidine,Rat,Male,24 hr,0,É M,Control,003017139018,5041032
5041,04,1,cimetidine,Rat,Male,2 hr,12,É M,Low,003017139003,5041041
5041,04,2,cimetidine,Rat,Male,2 hr,12,É M,Low,003017139004,5041042
5041,05,1,cimetidine,Rat,Male,8 hr,12,É M,Low,003017139011,5041051
5041,05,2,cimetidine,Rat,Male,8 hr,12,É M,Low,003017139012,5041052
5041,06,1,cimetidine,Rat,Male,24 hr,12,É M,Low,003017139019,5041061
5041,06,2,cimetidine,Rat,Male,24 hr,12,É M,Low,003017139020,5041062
5041,07,1,cimetidine,Rat,Male,2 hr,60,É M,Middle,003017139005,5041071
5041,07,2,cimetidine,Rat,Male,2 hr,60,É M,Middle,003017139006,5041072
5041,08,1,cimetidine,Rat,Male,8 hr,60,É M,Middle,003017139013,5041081
5041,08,2,cimetidine,Rat,Male,8 hr,60,É M,Middle,003017139014,5041082
5041,09,1,cimetidine,Rat,Male,24 hr,60,É M,Middle,003017139021,5041091
5041,09,2,cimetidine,Rat,Male,24 hr,60,É M,Middle,003017139022,5041092
5041,10,1,cimetidine,Rat,Male,2 hr,300,É M,High,003017139007,5041101
5041,10,2,cimetidine,Rat,Male,2 hr,300,É M,High,003017139008,5041102
5041,11,1,cimetidine,Rat,Male,8 hr,300,É M,High,003017139015,5041111
5041,11,2,cimetidine,Rat,Male,8 hr,300,É M,High,003017139016,5041112
5041,12,1,cimetidine,Rat,Male,24 hr,300,É M,High,003017139023,5041121
5041,12,2,cimetidine,Rat,Male,24 hr,300,É M,High,003017139024,5041122
5042,01,1,haloperidol,Rat,Male,2 hr,0,É M,Control,003017134030,5042011
5042,01,2,haloperidol,Rat,Male,2 hr,0,É M,Control,003017135025,5042012
5042,02,1,haloperidol,Rat,Male,8 hr,0,É M,Control,003017136026,5042021
5042,02,2,haloperidol,Rat,Male,8 hr,0,É M,Control,003017136027,5042022
5042,03,1,haloperidol,Rat,Male,24 hr,0,É M,Control,003017137004,5042031
5042,03,2,haloperidol,Rat,Male,24 hr,0,É M,Control,003017137005,5042032
5042,04,1,haloperidol,Rat,Male,2 hr,2,É M,Low,003017135026,5042041
5042,04,2,haloperidol,Rat,Male,2 hr,2,É M,Low,003017135027,5042042
5042,05,1,haloperidol,Rat,Male,8 hr,2,É M,Low,003017136028,5042051
5042,05,2,haloperidol,Rat,Male,8 hr,2,É M,Low,003017136029,5042052
5042,06,1,haloperidol,Rat,Male,24 hr,2,É M,Low,003017137006,5042061
5042,06,2,haloperidol,Rat,Male,24 hr,2,É M,Low,003017137007,5042062
5042,07,1,haloperidol,Rat,Male,2 hr,10,É M,Middle,003017135028,5042071
5042,07,2,haloperidol,Rat,Male,2 hr,10,É M,Middle,003017135029,5042072
5042,08,1,haloperidol,Rat,Male,8 hr,10,É M,Middle,003017136030,5042081
5042,08,2,haloperidol,Rat,Male,8 hr,10,É M,Middle,003017137001,5042082
5042,09,1,haloperidol,Rat,Male,24 hr,10,É M,Middle,003017137008,5042091
5042,09,2,haloperidol,Rat,Male,24 hr,10,É M,Middle,003017137009,5042092
5042,10,1,haloperidol,Rat,Male,2 hr,50,É M,High,003017135030,5042101
5042,10,2,haloperidol,Rat,Male,2 hr,50,É M,High,003017136025,5042102
5042,11,1,haloperidol,Rat,Male,8 hr,50,É M,High,003017137002,5042111
5042,11,2,haloperidol,Rat,Male,8 hr,50,É M,High,003017137003,5042112
5042,12,1,haloperidol,Rat,Male,24 hr,50,É M,High,003017137010,5042121
5042,12,2,haloperidol,Rat,Male,24 hr,50,É M,High,003017137011,5042122
5043,01,1,fluphenazine,Rat,Male,2 hr,0,É M,Control,003017125001,5043011
5043,01,2,fluphenazine,Rat,Male,2 hr,0,É M,Control,003017125002,5043012
5043,02,1,fluphenazine,Rat,Male,8 hr,0,É M,Control,003017125009,5043021
5043,02,2,fluphenazine,Rat,Male,8 hr,0,É M,Control,003017125010,5043022
5043,03,1,fluphenazine,Rat,Male,24 hr,0,É M,Control,003017125017,5043031
5043,03,2,fluphenazine,Rat,Male,24 hr,0,É M,Control,003017125018,5043032
5043,04,1,fluphenazine,Rat,Male,2 hr,1,É M,Low,003017125003,5043041
5043,04,2,fluphenazine,Rat,Male,2 hr,1,É M,Low,003017125004,5043042
5043,05,1,fluphenazine,Rat,Male,8 hr,1,É M,Low,003017125011,5043051
5043,05,2,fluphenazine,Rat,Male,8 hr,1,É M,Low,003017125012,5043052
5043,06,1,fluphenazine,Rat,Male,24 hr,1,É M,Low,003017125019,5043061
5043,06,2,fluphenazine,Rat,Male,24 hr,1,É M,Low,003017125020,5043062
5043,07,1,fluphenazine,Rat,Male,2 hr,6,É M,Middle,003017125005,5043071
5043,07,2,fluphenazine,Rat,Male,2 hr,6,É M,Middle,003017125006,5043072
5043,08,1,fluphenazine,Rat,Male,8 hr,6,É M,Middle,003017125013,5043081
5043,08,2,fluphenazine,Rat,Male,8 hr,6,É M,Middle,003017125014,5043082
5043,09,1,fluphenazine,Rat,Male,24 hr,6,É M,Middle,003017125021,5043091
5043,09,2,fluphenazine,Rat,Male,24 hr,6,É M,Middle,003017125022,5043092
5043,10,1,fluphenazine,Rat,Male,2 hr,30,É M,High,003017125007,5043101
5043,10,2,fluphenazine,Rat,Male,2 hr,30,É M,High,003017125008,5043102
5043,11,1,fluphenazine,Rat,Male,8 hr,30,É M,High,003017125015,5043111
5043,11,2,fluphenazine,Rat,Male,8 hr,30,É M,High,003017125016,5043112
5043,12,1,fluphenazine,Rat,Male,24 hr,30,É M,High,003017125023,5043121
5043,12,2,fluphenazine,Rat,Male,24 hr,30,É M,High,003017125024,5043122
5044,01,1,thioridazine,Rat,Male,2 hr,0,É M,Control,003017103008,5044011
5044,01,2,thioridazine,Rat,Male,2 hr,0,É M,Control,003017103009,5044012
5044,02,1,thioridazine,Rat,Male,8 hr,0,É M,Control,003017103016,5044021
5044,02,2,thioridazine,Rat,Male,8 hr,0,É M,Control,003017103017,5044022
5044,03,1,thioridazine,Rat,Male,24 hr,0,É M,Control,003017103024,5044031
5044,03,2,thioridazine,Rat,Male,24 hr,0,É M,Control,003017103025,5044032
5044,04,1,thioridazine,Rat,Male,2 hr,0,É M,Low,003017103010,5044041
5044,04,2,thioridazine,Rat,Male,2 hr,0,É M,Low,003017103011,5044042
5044,05,1,thioridazine,Rat,Male,8 hr,0,É M,Low,003017103018,5044051
5044,05,2,thioridazine,Rat,Male,8 hr,0,É M,Low,003017103019,5044052
5044,06,1,thioridazine,Rat,Male,24 hr,0,É M,Low,003017103026,5044061
5044,06,2,thioridazine,Rat,Male,24 hr,0,É M,Low,003017103027,5044062
5044,07,1,thioridazine,Rat,Male,2 hr,2,É M,Middle,003017103012,5044071
5044,07,2,thioridazine,Rat,Male,2 hr,2,É M,Middle,003017103013,5044072
5044,08,1,thioridazine,Rat,Male,8 hr,2,É M,Middle,003017103020,5044081
5044,08,2,thioridazine,Rat,Male,8 hr,2,É M,Middle,003017103021,5044082
5044,09,1,thioridazine,Rat,Male,24 hr,2,É M,Middle,003017103028,5044091
5044,09,2,thioridazine,Rat,Male,24 hr,2,É M,Middle,003017103029,5044092
5044,10,1,thioridazine,Rat,Male,2 hr,10,É M,High,003017103014,5044101
5044,10,2,thioridazine,Rat,Male,2 hr,10,É M,High,003017103015,5044102
5044,11,1,thioridazine,Rat,Male,8 hr,10,É M,High,003017103022,5044111
5044,11,2,thioridazine,Rat,Male,8 hr,10,É M,High,003017103023,5044112
5044,12,1,thioridazine,Rat,Male,24 hr,10,É M,High,003017103030,5044121
5044,12,2,thioridazine,Rat,Male,24 hr,10,É M,High,003017104001,5044122
5045,01,1,adapin,Rat,Male,2 hr,0,É M,Control,003017115001,5045011
5045,01,2,adapin,Rat,Male,2 hr,0,É M,Control,003017115002,5045012
5045,02,1,adapin,Rat,Male,8 hr,0,É M,Control,003017115009,5045021
5045,02,2,adapin,Rat,Male,8 hr,0,É M,Control,003017115010,5045022
5045,03,1,adapin,Rat,Male,24 hr,0,É M,Control,003017115017,5045031
5045,03,2,adapin,Rat,Male,24 hr,0,É M,Control,003017115018,5045032
5045,04,1,adapin,Rat,Male,2 hr,3,É M,Low,003017115003,5045041
5045,04,2,adapin,Rat,Male,2 hr,3,É M,Low,003017115004,5045042
5045,05,1,adapin,Rat,Male,8 hr,3,É M,Low,003017115011,5045051
5045,05,2,adapin,Rat,Male,8 hr,3,É M,Low,003017115012,5045052
5045,06,1,adapin,Rat,Male,24 hr,3,É M,Low,003017115019,5045061
5045,06,2,adapin,Rat,Male,24 hr,3,É M,Low,003017115020,5045062
5045,07,1,adapin,Rat,Male,2 hr,15,É M,Middle,003017115005,5045071
5045,07,2,adapin,Rat,Male,2 hr,15,É M,Middle,003017115006,5045072
5045,08,1,adapin,Rat,Male,8 hr,15,É M,Middle,003017115013,5045081
5045,08,2,adapin,Rat,Male,8 hr,15,É M,Middle,003017115014,5045082
5045,09,1,adapin,Rat,Male,24 hr,15,É M,Middle,003017115021,5045091
5045,09,2,adapin,Rat,Male,24 hr,15,É M,Middle,003017115022,5045092
5045,10,1,adapin,Rat,Male,2 hr,75,É M,High,003017115007,5045101
5045,10,2,adapin,Rat,Male,2 hr,75,É M,High,003017115008,5045102
5045,11,1,adapin,Rat,Male,8 hr,75,É M,High,003017115015,5045111
5045,11,2,adapin,Rat,Male,8 hr,75,É M,High,003017115016,5045112
5045,12,1,adapin,Rat,Male,24 hr,75,É M,High,003017115023,5045121
5045,12,2,adapin,Rat,Male,24 hr,75,É M,High,003017115024,5045122
5046,01,1,labetalol,Rat,Male,2 hr,0,É M,Control,003017111001,5046011
5046,01,2,labetalol,Rat,Male,2 hr,0,É M,Control,003017111002,5046012
5046,02,1,labetalol,Rat,Male,8 hr,0,É M,Control,003017111009,5046021
5046,02,2,labetalol,Rat,Male,8 hr,0,É M,Control,003017111010,5046022
5046,03,1,labetalol,Rat,Male,24 hr,0,É M,Control,003017111017,5046031
5046,03,2,labetalol,Rat,Male,24 hr,0,É M,Control,003017111018,5046032
5046,04,1,labetalol,Rat,Male,2 hr,6,É M,Low,003017111003,5046041
5046,04,2,labetalol,Rat,Male,2 hr,6,É M,Low,003017111004,5046042
5046,05,1,labetalol,Rat,Male,8 hr,6,É M,Low,003017111011,5046051
5046,05,2,labetalol,Rat,Male,8 hr,6,É M,Low,003017111012,5046052
5046,06,1,labetalol,Rat,Male,24 hr,6,É M,Low,003017111019,5046061
5046,06,2,labetalol,Rat,Male,24 hr,6,É M,Low,003017111020,5046062
5046,07,1,labetalol,Rat,Male,2 hr,28,É M,Middle,003017111005,5046071
5046,07,2,labetalol,Rat,Male,2 hr,28,É M,Middle,003017111006,5046072
5046,08,1,labetalol,Rat,Male,8 hr,28,É M,Middle,003017111013,5046081
5046,08,2,labetalol,Rat,Male,8 hr,28,É M,Middle,003017111014,5046082
5046,09,1,labetalol,Rat,Male,24 hr,28,É M,Middle,003017111021,5046091
5046,09,2,labetalol,Rat,Male,24 hr,28,É M,Middle,003017111022,5046092
5046,10,1,labetalol,Rat,Male,2 hr,140,É M,High,003017111007,5046101
5046,10,2,labetalol,Rat,Male,2 hr,140,É M,High,003017111008,5046102
5046,11,1,labetalol,Rat,Male,8 hr,140,É M,High,003017111015,5046111
5046,11,2,labetalol,Rat,Male,8 hr,140,É M,High,003017111016,5046112
5046,12,1,labetalol,Rat,Male,24 hr,140,É M,High,003017111023,5046121
5046,12,2,labetalol,Rat,Male,24 hr,140,É M,High,003017111024,5046122
5047,01,1,methyltestosterone,Rat,Male,2 hr,0,É M,Control,003017098021,5047011
5047,01,2,methyltestosterone,Rat,Male,2 hr,0,É M,Control,003017098022,5047012
5047,02,1,methyltestosterone,Rat,Male,8 hr,0,É M,Control,003017098029,5047021
5047,02,2,methyltestosterone,Rat,Male,8 hr,0,É M,Control,003017098030,5047022
5047,03,1,methyltestosterone,Rat,Male,24 hr,0,É M,Control,003017099007,5047031
5047,03,2,methyltestosterone,Rat,Male,24 hr,0,É M,Control,003017099008,5047032
5047,04,1,methyltestosterone,Rat,Male,2 hr,2,É M,Low,003017098023,5047041
5047,04,2,methyltestosterone,Rat,Male,2 hr,2,É M,Low,003017098024,5047042
5047,05,1,methyltestosterone,Rat,Male,8 hr,2,É M,Low,003017099001,5047051
5047,05,2,methyltestosterone,Rat,Male,8 hr,2,É M,Low,003017099002,5047052
5047,06,1,methyltestosterone,Rat,Male,24 hr,2,É M,Low,003017099009,5047061
5047,06,2,methyltestosterone,Rat,Male,24 hr,2,É M,Low,003017099010,5047062
5047,07,1,methyltestosterone,Rat,Male,2 hr,8,É M,Middle,003017098025,5047071
5047,07,2,methyltestosterone,Rat,Male,2 hr,8,É M,Middle,003017098026,5047072
5047,08,1,methyltestosterone,Rat,Male,8 hr,8,É M,Middle,003017099003,5047081
5047,08,2,methyltestosterone,Rat,Male,8 hr,8,É M,Middle,003017099004,5047082
5047,09,1,methyltestosterone,Rat,Male,24 hr,8,É M,Middle,003017099011,5047091
5047,09,2,methyltestosterone,Rat,Male,24 hr,8,É M,Middle,003017099012,5047092
5047,10,1,methyltestosterone,Rat,Male,2 hr,40,É M,High,003017098027,5047101
5047,10,2,methyltestosterone,Rat,Male,2 hr,40,É M,High,003017098028,5047102
5047,11,1,methyltestosterone,Rat,Male,8 hr,40,É M,High,003017099005,5047111
5047,11,2,methyltestosterone,Rat,Male,8 hr,40,É M,High,003017099006,5047112
5047,12,1,methyltestosterone,Rat,Male,24 hr,40,É M,High,003017099013,5047121
5047,12,2,methyltestosterone,Rat,Male,24 hr,40,É M,High,003017099014,5047122
5048,01,1,glibenclamide,Rat,Male,2 hr,0,É M,Control,003017125030,5048011
5048,01,2,glibenclamide,Rat,Male,2 hr,0,É M,Control,003017126001,5048012
5048,02,1,glibenclamide,Rat,Male,8 hr,0,É M,Control,003017126008,5048021
5048,02,2,glibenclamide,Rat,Male,8 hr,0,É M,Control,003017126009,5048022
5048,03,1,glibenclamide,Rat,Male,24 hr,0,É M,Control,003017126016,5048031
5048,03,2,glibenclamide,Rat,Male,24 hr,0,É M,Control,003017126017,5048032
5048,04,1,glibenclamide,Rat,Male,2 hr,2,É M,Low,003017126002,5048041
5048,04,2,glibenclamide,Rat,Male,2 hr,2,É M,Low,003017126003,5048042
5048,05,1,glibenclamide,Rat,Male,8 hr,2,É M,Low,003017126010,5048051
5048,05,2,glibenclamide,Rat,Male,8 hr,2,É M,Low,003017126011,5048052
5048,06,1,glibenclamide,Rat,Male,24 hr,2,É M,Low,003017126018,5048061
5048,06,2,glibenclamide,Rat,Male,24 hr,2,É M,Low,003017126019,5048062
5048,07,1,glibenclamide,Rat,Male,2 hr,12,É M,Middle,003017126004,5048071
5048,07,2,glibenclamide,Rat,Male,2 hr,12,É M,Middle,003017126005,5048072
5048,08,1,glibenclamide,Rat,Male,8 hr,12,É M,Middle,003017126012,5048081
5048,08,2,glibenclamide,Rat,Male,8 hr,12,É M,Middle,003017126013,5048082
5048,09,1,glibenclamide,Rat,Male,24 hr,12,É M,Middle,003017126020,5048091
5048,09,2,glibenclamide,Rat,Male,24 hr,12,É M,Middle,003017126021,5048092
5048,10,1,glibenclamide,Rat,Male,2 hr,60,É M,High,003017126006,5048101
5048,10,2,glibenclamide,Rat,Male,2 hr,60,É M,High,003017126007,5048102
5048,11,1,glibenclamide,Rat,Male,8 hr,60,É M,High,003017126014,5048111
5048,11,2,glibenclamide,Rat,Male,8 hr,60,É M,High,003017126015,5048112
5048,12,1,glibenclamide,Rat,Male,24 hr,60,É M,High,003017126022,5048121
5048,12,2,glibenclamide,Rat,Male,24 hr,60,É M,High,003017126023,5048122
5049,01,1,griseofulvin,Rat,Male,2 hr,0,É M,Control,003017100026,5049011
5049,01,2,griseofulvin,Rat,Male,2 hr,0,É M,Control,003017100027,5049012
5049,02,1,griseofulvin,Rat,Male,8 hr,0,É M,Control,003017101004,5049021
5049,02,2,griseofulvin,Rat,Male,8 hr,0,É M,Control,003017101005,5049022
5049,03,1,griseofulvin,Rat,Male,24 hr,0,É M,Control,003017101012,5049031
5049,03,2,griseofulvin,Rat,Male,24 hr,0,É M,Control,003017101013,5049032
5049,04,1,griseofulvin,Rat,Male,2 hr,1,É M,Low,003017100028,5049041
5049,04,2,griseofulvin,Rat,Male,2 hr,1,É M,Low,003017100029,5049042
5049,05,1,griseofulvin,Rat,Male,8 hr,1,É M,Low,003017101006,5049051
5049,05,2,griseofulvin,Rat,Male,8 hr,1,É M,Low,003017101007,5049052
5049,06,1,griseofulvin,Rat,Male,24 hr,1,É M,Low,003017101014,5049061
5049,06,2,griseofulvin,Rat,Male,24 hr,1,É M,Low,003017101015,5049062
5049,07,1,griseofulvin,Rat,Male,2 hr,6,É M,Middle,003017100030,5049071
5049,07,2,griseofulvin,Rat,Male,2 hr,6,É M,Middle,003017101001,5049072
5049,08,1,griseofulvin,Rat,Male,8 hr,6,É M,Middle,003017101008,5049081
5049,08,2,griseofulvin,Rat,Male,8 hr,6,É M,Middle,003017101009,5049082
5049,09,1,griseofulvin,Rat,Male,24 hr,6,É M,Middle,003017101016,5049091
5049,09,2,griseofulvin,Rat,Male,24 hr,6,É M,Middle,003017101017,5049092
5049,10,1,griseofulvin,Rat,Male,2 hr,30,É M,High,003017101002,5049101
5049,10,2,griseofulvin,Rat,Male,2 hr,30,É M,High,003017101003,5049102
5049,11,1,griseofulvin,Rat,Male,8 hr,30,É M,High,003017101010,5049111
5049,11,2,griseofulvin,Rat,Male,8 hr,30,É M,High,003017101011,5049112
5049,12,1,griseofulvin,Rat,Male,24 hr,30,É M,High,003017101018,5049121
5049,12,2,griseofulvin,Rat,Male,24 hr,30,É M,High,003017101019,5049122
5050,01,1,flutamide,Rat,Male,2 hr,0,É M,Control,003017144001,5050011
5050,01,2,flutamide,Rat,Male,2 hr,0,É M,Control,003017144002,5050012
5050,02,1,flutamide,Rat,Male,8 hr,0,É M,Control,003017144009,5050021
5050,02,2,flutamide,Rat,Male,8 hr,0,É M,Control,003017142002,5050022
5050,03,1,flutamide,Rat,Male,24 hr,0,É M,Control,003017141003,5050031
5050,03,2,flutamide,Rat,Male,24 hr,0,É M,Control,003017141004,5050032
5050,04,1,flutamide,Rat,Male,2 hr,3,É M,Low,003017144003,5050041
5050,04,2,flutamide,Rat,Male,2 hr,3,É M,Low,003017144004,5050042
5050,05,1,flutamide,Rat,Male,8 hr,3,É M,Low,003017142003,5050051
5050,05,2,flutamide,Rat,Male,8 hr,3,É M,Low,003017142004,5050052
5050,06,1,flutamide,Rat,Male,24 hr,3,É M,Low,003017141005,5050061
5050,06,2,flutamide,Rat,Male,24 hr,3,É M,Low,003017141006,5050062
5050,07,1,flutamide,Rat,Male,2 hr,15,É M,Middle,003017144005,5050071
5050,07,2,flutamide,Rat,Male,2 hr,15,É M,Middle,003017144006,5050072
5050,08,1,flutamide,Rat,Male,8 hr,15,É M,Middle,003017142005,5050081
5050,08,2,flutamide,Rat,Male,8 hr,15,É M,Middle,003017142006,5050082
5050,09,1,flutamide,Rat,Male,24 hr,15,É M,Middle,003017143001,5050091
5050,09,2,flutamide,Rat,Male,24 hr,15,É M,Middle,003017143002,5050092
5050,10,1,flutamide,Rat,Male,2 hr,75,É M,High,003017144007,5050101
5050,10,2,flutamide,Rat,Male,2 hr,75,É M,High,003017144008,5050102
5050,11,1,flutamide,Rat,Male,8 hr,75,É M,High,003017141001,5050111
5050,11,2,flutamide,Rat,Male,8 hr,75,É M,High,003017141002,5050112
5050,12,1,flutamide,Rat,Male,24 hr,75,É M,High,003017143003,5050121
5050,12,2,flutamide,Rat,Male,24 hr,75,É M,High,003017143004,5050122
5051,01,1,perhexiline,Rat,Male,2 hr,0,É M,Control,003017151001,5051011
5051,01,2,perhexiline,Rat,Male,2 hr,0,É M,Control,003017151002,5051012
5051,02,1,perhexiline,Rat,Male,8 hr,0,É M,Control,003017151009,5051021
5051,02,2,perhexiline,Rat,Male,8 hr,0,É M,Control,003017151010,5051022
5051,03,1,perhexiline,Rat,Male,24 hr,0,É M,Control,003017151017,5051031
5051,03,2,perhexiline,Rat,Male,24 hr,0,É M,Control,003017151018,5051032
5051,04,1,perhexiline,Rat,Male,2 hr,0,É M,Low,003017151003,5051041
5051,04,2,perhexiline,Rat,Male,2 hr,0,É M,Low,003017151004,5051042
5051,05,1,perhexiline,Rat,Male,8 hr,0,É M,Low,003017151011,5051051
5051,05,2,perhexiline,Rat,Male,8 hr,0,É M,Low,003017151012,5051052
5051,06,1,perhexiline,Rat,Male,24 hr,0,É M,Low,003017151019,5051061
5051,06,2,perhexiline,Rat,Male,24 hr,0,É M,Low,003017151020,5051062
5051,07,1,perhexiline,Rat,Male,2 hr,2,É M,Middle,003017151005,5051071
5051,07,2,perhexiline,Rat,Male,2 hr,2,É M,Middle,003017151006,5051072
5051,08,1,perhexiline,Rat,Male,8 hr,2,É M,Middle,003017151013,5051081
5051,08,2,perhexiline,Rat,Male,8 hr,2,É M,Middle,003017151014,5051082
5051,09,1,perhexiline,Rat,Male,24 hr,2,É M,Middle,003017151021,5051091
5051,09,2,perhexiline,Rat,Male,24 hr,2,É M,Middle,003017151022,5051092
5051,10,1,perhexiline,Rat,Male,2 hr,10,É M,High,003017151007,5051101
5051,10,2,perhexiline,Rat,Male,2 hr,10,É M,High,003017151008,5051102
5051,11,1,perhexiline,Rat,Male,8 hr,10,É M,High,003017151015,5051111
5051,11,2,perhexiline,Rat,Male,8 hr,10,É M,High,003017151016,5051112
5051,12,1,perhexiline,Rat,Male,24 hr,10,É M,High,003017151023,5051121
5051,12,2,perhexiline,Rat,Male,24 hr,10,É M,High,003017151024,5051122
5052,01,1,azathioprine,Rat,Male,2 hr,0,É M,Control,003017147002,5052011
5052,01,2,azathioprine,Rat,Male,2 hr,0,É M,Control,003017147003,5052012
5052,02,1,azathioprine,Rat,Male,8 hr,0,É M,Control,003017147010,5052021
5052,02,2,azathioprine,Rat,Male,8 hr,0,É M,Control,003017147011,5052022
5052,03,1,azathioprine,Rat,Male,24 hr,0,É M,Control,003017147018,5052031
5052,03,2,azathioprine,Rat,Male,24 hr,0,É M,Control,003017147019,5052032
5052,04,1,azathioprine,Rat,Male,2 hr,0,É M,Low,003017147004,5052041
5052,04,2,azathioprine,Rat,Male,2 hr,0,É M,Low,003017147005,5052042
5052,05,1,azathioprine,Rat,Male,8 hr,0,É M,Low,003017147012,5052051
5052,05,2,azathioprine,Rat,Male,8 hr,0,É M,Low,003017147013,5052052
5052,06,1,azathioprine,Rat,Male,24 hr,0,É M,Low,003017147020,5052061
5052,06,2,azathioprine,Rat,Male,24 hr,0,É M,Low,003017147021,5052062
5052,07,1,azathioprine,Rat,Male,2 hr,1,É M,Middle,003017147006,5052071
5052,07,2,azathioprine,Rat,Male,2 hr,1,É M,Middle,003017147007,5052072
5052,08,1,azathioprine,Rat,Male,8 hr,1,É M,Middle,003017147014,5052081
5052,08,2,azathioprine,Rat,Male,8 hr,1,É M,Middle,003017147015,5052082
5052,09,1,azathioprine,Rat,Male,24 hr,1,É M,Middle,003017147022,5052091
5052,09,2,azathioprine,Rat,Male,24 hr,1,É M,Middle,003017147023,5052092
5052,10,1,azathioprine,Rat,Male,2 hr,4,É M,High,003017147008,5052101
5052,10,2,azathioprine,Rat,Male,2 hr,4,É M,High,003017147009,5052102
5052,11,1,azathioprine,Rat,Male,8 hr,4,É M,High,003017147016,5052111
5052,11,2,azathioprine,Rat,Male,8 hr,4,É M,High,003017147017,5052112
5052,12,1,azathioprine,Rat,Male,24 hr,4,É M,High,003017147024,5052121
5052,12,2,azathioprine,Rat,Male,24 hr,4,É M,High,003017147025,5052122
5053,01,1,ketoconazole,Rat,Male,2 hr,0,É M,Control,003017126024,5053011
5053,01,2,ketoconazole,Rat,Male,2 hr,0,É M,Control,003017126025,5053012
5053,02,1,ketoconazole,Rat,Male,8 hr,0,É M,Control,003017127002,5053021
5053,02,2,ketoconazole,Rat,Male,8 hr,0,É M,Control,003017127003,5053022
5053,03,1,ketoconazole,Rat,Male,24 hr,0,É M,Control,003017127010,5053031
5053,03,2,ketoconazole,Rat,Male,24 hr,0,É M,Control,003017127011,5053032
5053,04,1,ketoconazole,Rat,Male,2 hr,1,É M,Low,003017126026,5053041
5053,04,2,ketoconazole,Rat,Male,2 hr,1,É M,Low,003017126027,5053042
5053,05,1,ketoconazole,Rat,Male,8 hr,1,É M,Low,003017127004,5053051
5053,05,2,ketoconazole,Rat,Male,8 hr,1,É M,Low,003017127005,5053052
5053,06,1,ketoconazole,Rat,Male,24 hr,1,É M,Low,003017127012,5053061
5053,06,2,ketoconazole,Rat,Male,24 hr,1,É M,Low,003017127013,5053062
5053,07,1,ketoconazole,Rat,Male,2 hr,3,É M,Middle,003017126028,5053071
5053,07,2,ketoconazole,Rat,Male,2 hr,3,É M,Middle,003017126029,5053072
5053,08,1,ketoconazole,Rat,Male,8 hr,3,É M,Middle,003017127006,5053081
5053,08,2,ketoconazole,Rat,Male,8 hr,3,É M,Middle,003017127007,5053082
5053,09,1,ketoconazole,Rat,Male,24 hr,3,É M,Middle,003017127014,5053091
5053,09,2,ketoconazole,Rat,Male,24 hr,3,É M,Middle,003017127015,5053092
5053,10,1,ketoconazole,Rat,Male,2 hr,15,É M,High,003017126030,5053101
5053,10,2,ketoconazole,Rat,Male,2 hr,15,É M,High,003017127001,5053102
5053,11,1,ketoconazole,Rat,Male,8 hr,15,É M,High,003017127008,5053111
5053,11,2,ketoconazole,Rat,Male,8 hr,15,É M,High,003017127009,5053112
5053,12,1,ketoconazole,Rat,Male,24 hr,15,É M,High,003017127016,5053121
5053,12,2,ketoconazole,Rat,Male,24 hr,15,É M,High,003017127017,5053122
5054,01,1,tetracycline,Rat,Male,2 hr,0,É M,Control,003017154020,5054011
5054,01,2,tetracycline,Rat,Male,2 hr,0,É M,Control,003017154021,5054012
5054,02,1,tetracycline,Rat,Male,8 hr,0,É M,Control,003017154028,5054021
5054,02,2,tetracycline,Rat,Male,8 hr,0,É M,Control,003017154029,5054022
5054,03,1,tetracycline,Rat,Male,24 hr,0,É M,Control,003017155006,5054031
5054,03,2,tetracycline,Rat,Male,24 hr,0,É M,Control,003017155007,5054032
5054,04,1,tetracycline,Rat,Male,2 hr,1,É M,Low,003017154022,5054041
5054,04,2,tetracycline,Rat,Male,2 hr,1,É M,Low,003017154023,5054042
5054,05,1,tetracycline,Rat,Male,8 hr,1,É M,Low,003017154030,5054051
5054,05,2,tetracycline,Rat,Male,8 hr,1,É M,Low,003017155001,5054052
5054,06,1,tetracycline,Rat,Male,24 hr,1,É M,Low,003017155008,5054061
5054,06,2,tetracycline,Rat,Male,24 hr,1,É M,Low,003017155009,5054062
5054,07,1,tetracycline,Rat,Male,2 hr,5,É M,Middle,003017154024,5054071
5054,07,2,tetracycline,Rat,Male,2 hr,5,É M,Middle,003017154025,5054072
5054,08,1,tetracycline,Rat,Male,8 hr,5,É M,Middle,003017155002,5054081
5054,08,2,tetracycline,Rat,Male,8 hr,5,É M,Middle,003017155003,5054082
5054,09,1,tetracycline,Rat,Male,24 hr,5,É M,Middle,003017155010,5054091
5054,09,2,tetracycline,Rat,Male,24 hr,5,É M,Middle,003017155011,5054092
5054,10,1,tetracycline,Rat,Male,2 hr,25,É M,High,003017154026,5054101
5054,10,2,tetracycline,Rat,Male,2 hr,25,É M,High,003017154027,5054102
5054,11,1,tetracycline,Rat,Male,8 hr,25,É M,High,003017155004,5054111
5054,11,2,tetracycline,Rat,Male,8 hr,25,É M,High,003017155005,5054112
5054,12,1,tetracycline,Rat,Male,24 hr,25,É M,High,003017155012,5054121
5054,12,2,tetracycline,Rat,Male,24 hr,25,É M,High,003017155013,5054122
5055,01,1,lomustine,Rat,Male,2 hr,0,É M,Control,003017170009,5055011
5055,01,2,lomustine,Rat,Male,2 hr,0,É M,Control,003017170010,5055012
5055,02,1,lomustine,Rat,Male,8 hr,0,É M,Control,003017170017,5055021
5055,02,2,lomustine,Rat,Male,8 hr,0,É M,Control,003017170018,5055022
5055,03,1,lomustine,Rat,Male,24 hr,0,É M,Control,003017170025,5055031
5055,03,2,lomustine,Rat,Male,24 hr,0,É M,Control,003017170026,5055032
5055,04,1,lomustine,Rat,Male,2 hr,5,É M,Low,003017170011,5055041
5055,04,2,lomustine,Rat,Male,2 hr,5,É M,Low,003017170012,5055042
5055,05,1,lomustine,Rat,Male,8 hr,5,É M,Low,003017170019,5055051
5055,05,2,lomustine,Rat,Male,8 hr,5,É M,Low,003017170020,5055052
5055,06,1,lomustine,Rat,Male,24 hr,5,É M,Low,003017170027,5055061
5055,06,2,lomustine,Rat,Male,24 hr,5,É M,Low,003017170028,5055062
5055,07,1,lomustine,Rat,Male,2 hr,24,É M,Middle,003017170013,5055071
5055,07,2,lomustine,Rat,Male,2 hr,24,É M,Middle,003017170014,5055072
5055,08,1,lomustine,Rat,Male,8 hr,24,É M,Middle,003017170021,5055081
5055,08,2,lomustine,Rat,Male,8 hr,24,É M,Middle,003017170022,5055082
5055,09,1,lomustine,Rat,Male,24 hr,24,É M,Middle,003017170029,5055091
5055,09,2,lomustine,Rat,Male,24 hr,24,É M,Middle,003017170030,5055092
5055,10,1,lomustine,Rat,Male,2 hr,120,É M,High,003017170015,5055101
5055,10,2,lomustine,Rat,Male,2 hr,120,É M,High,003017170016,5055102
5055,11,1,lomustine,Rat,Male,8 hr,120,É M,High,003017170023,5055111
5055,11,2,lomustine,Rat,Male,8 hr,120,É M,High,003017170024,5055112
5055,12,1,lomustine,Rat,Male,24 hr,120,É M,High,003017171001,5055121
5055,12,2,lomustine,Rat,Male,24 hr,120,É M,High,003017171002,5055122
5056,01,1,ciprofloxacin,Rat,Male,2 hr,0,É M,Control,003017121006,5056011
5056,01,2,ciprofloxacin,Rat,Male,2 hr,0,É M,Control,003017121007,5056012
5056,02,1,ciprofloxacin,Rat,Male,8 hr,0,É M,Control,003017121014,5056021
5056,02,2,ciprofloxacin,Rat,Male,8 hr,0,É M,Control,003017121015,5056022
5056,03,1,ciprofloxacin,Rat,Male,24 hr,0,É M,Control,003017121022,5056031
5056,03,2,ciprofloxacin,Rat,Male,24 hr,0,É M,Control,003017121023,5056032
5056,04,1,ciprofloxacin,Rat,Male,2 hr,1,É M,Low,003017121008,5056041
5056,04,2,ciprofloxacin,Rat,Male,2 hr,1,É M,Low,003017121009,5056042
5056,05,1,ciprofloxacin,Rat,Male,8 hr,1,É M,Low,003017121016,5056051
5056,05,2,ciprofloxacin,Rat,Male,8 hr,1,É M,Low,003017121017,5056052
5056,06,1,ciprofloxacin,Rat,Male,24 hr,1,É M,Low,003017121024,5056061
5056,06,2,ciprofloxacin,Rat,Male,24 hr,1,É M,Low,003017121025,5056062
5056,07,1,ciprofloxacin,Rat,Male,2 hr,5,É M,Middle,003017121010,5056071
5056,07,2,ciprofloxacin,Rat,Male,2 hr,5,É M,Middle,003017121011,5056072
5056,08,1,ciprofloxacin,Rat,Male,8 hr,5,É M,Middle,003017121018,5056081
5056,08,2,ciprofloxacin,Rat,Male,8 hr,5,É M,Middle,003017121019,5056082
5056,09,1,ciprofloxacin,Rat,Male,24 hr,5,É M,Middle,003017121026,5056091
5056,09,2,ciprofloxacin,Rat,Male,24 hr,5,É M,Middle,003017121027,5056092
5056,10,1,ciprofloxacin,Rat,Male,2 hr,25,É M,High,003017121012,5056101
5056,10,2,ciprofloxacin,Rat,Male,2 hr,25,É M,High,003017121013,5056102
5056,11,1,ciprofloxacin,Rat,Male,8 hr,25,É M,High,003017121020,5056111
5056,11,2,ciprofloxacin,Rat,Male,8 hr,25,É M,High,003017121021,5056112
5056,12,1,ciprofloxacin,Rat,Male,24 hr,25,É M,High,003017121028,5056121
5056,12,2,ciprofloxacin,Rat,Male,24 hr,25,É M,High,003017121029,5056122
5057,01,1,pemoline,Rat,Male,2 hr,0,É M,Control,003017134001,5057011
5057,01,2,pemoline,Rat,Male,2 hr,0,É M,Control,003017134002,5057012
5057,02,1,pemoline,Rat,Male,8 hr,0,É M,Control,003017134009,5057021
5057,02,2,pemoline,Rat,Male,8 hr,0,É M,Control,003017134010,5057022
5057,03,1,pemoline,Rat,Male,24 hr,0,É M,Control,003017134017,5057031
5057,03,2,pemoline,Rat,Male,24 hr,0,É M,Control,003017134018,5057032
5057,04,1,pemoline,Rat,Male,2 hr,3,É M,Low,003017134003,5057041
5057,04,2,pemoline,Rat,Male,2 hr,3,É M,Low,003017134004,5057042
5057,05,1,pemoline,Rat,Male,8 hr,3,É M,Low,003017134011,5057051
5057,05,2,pemoline,Rat,Male,8 hr,3,É M,Low,003017134012,5057052
5057,06,1,pemoline,Rat,Male,24 hr,3,É M,Low,003017134019,5057061
5057,06,2,pemoline,Rat,Male,24 hr,3,É M,Low,003017134020,5057062
5057,07,1,pemoline,Rat,Male,2 hr,15,É M,Middle,003017134005,5057071
5057,07,2,pemoline,Rat,Male,2 hr,15,É M,Middle,003017134006,5057072
5057,08,1,pemoline,Rat,Male,8 hr,15,É M,Middle,003017134013,5057081
5057,08,2,pemoline,Rat,Male,8 hr,15,É M,Middle,003017134014,5057082
5057,09,1,pemoline,Rat,Male,24 hr,15,É M,Middle,003017134021,5057091
5057,09,2,pemoline,Rat,Male,24 hr,15,É M,Middle,003017134022,5057092
5057,10,1,pemoline,Rat,Male,2 hr,75,É M,High,003017134007,5057101
5057,10,2,pemoline,Rat,Male,2 hr,75,É M,High,003017134008,5057102
5057,11,1,pemoline,Rat,Male,8 hr,75,É M,High,003017134015,5057111
5057,11,2,pemoline,Rat,Male,8 hr,75,É M,High,003017134016,5057112
5057,12,1,pemoline,Rat,Male,24 hr,75,É M,High,003017134023,5057121
5057,12,2,pemoline,Rat,Male,24 hr,75,É M,High,003017134024,5057122
5058,01,1,chlormezanone,Rat,Male,2 hr,0,É M,Control,003017130024,5058011
5058,01,2,chlormezanone,Rat,Male,2 hr,0,É M,Control,003017130025,5058012
5058,02,1,chlormezanone,Rat,Male,8 hr,0,É M,Control,003017131002,5058021
5058,02,2,chlormezanone,Rat,Male,8 hr,0,É M,Control,003017131003,5058022
5058,03,1,chlormezanone,Rat,Male,24 hr,0,É M,Control,003017131010,5058031
5058,03,2,chlormezanone,Rat,Male,24 hr,0,É M,Control,003017131011,5058032
5058,04,1,chlormezanone,Rat,Male,2 hr,10,É M,Low,003017130026,5058041
5058,04,2,chlormezanone,Rat,Male,2 hr,10,É M,Low,003017130027,5058042
5058,05,1,chlormezanone,Rat,Male,8 hr,10,É M,Low,003017131004,5058051
5058,05,2,chlormezanone,Rat,Male,8 hr,10,É M,Low,003017131005,5058052
5058,06,1,chlormezanone,Rat,Male,24 hr,10,É M,Low,003017131012,5058061
5058,06,2,chlormezanone,Rat,Male,24 hr,10,É M,Low,003017131013,5058062
5058,07,1,chlormezanone,Rat,Male,2 hr,50,É M,Middle,003017130028,5058071
5058,07,2,chlormezanone,Rat,Male,2 hr,50,É M,Middle,003017130029,5058072
5058,08,1,chlormezanone,Rat,Male,8 hr,50,É M,Middle,003017131006,5058081
5058,08,2,chlormezanone,Rat,Male,8 hr,50,É M,Middle,003017131007,5058082
5058,09,1,chlormezanone,Rat,Male,24 hr,50,É M,Middle,003017131014,5058091
5058,09,2,chlormezanone,Rat,Male,24 hr,50,É M,Middle,003017131015,5058092
5058,10,1,chlormezanone,Rat,Male,2 hr,250,É M,High,003017130030,5058101
5058,10,2,chlormezanone,Rat,Male,2 hr,250,É M,High,003017131001,5058102
5058,11,1,chlormezanone,Rat,Male,8 hr,250,É M,High,003017131008,5058111
5058,11,2,chlormezanone,Rat,Male,8 hr,250,É M,High,003017131009,5058112
5058,12,1,chlormezanone,Rat,Male,24 hr,250,É M,High,003017131016,5058121
5058,12,2,chlormezanone,Rat,Male,24 hr,250,É M,High,003017131017,5058122
5059,01,1,metformin,Rat,Male,2 hr,0,É M,Control,003017132024,5059011
5059,01,2,metformin,Rat,Male,2 hr,0,É M,Control,003017132025,5059012
5059,02,1,metformin,Rat,Male,8 hr,0,É M,Control,003017133002,5059021
5059,02,2,metformin,Rat,Male,8 hr,0,É M,Control,003017133003,5059022
5059,03,1,metformin,Rat,Male,24 hr,0,É M,Control,003017133010,5059031
5059,03,2,metformin,Rat,Male,24 hr,0,É M,Control,003017133011,5059032
5059,04,1,metformin,Rat,Male,2 hr,40,É M,Low,003017132026,5059041
5059,04,2,metformin,Rat,Male,2 hr,40,É M,Low,003017132027,5059042
5059,05,1,metformin,Rat,Male,8 hr,40,É M,Low,003017133004,5059051
5059,05,2,metformin,Rat,Male,8 hr,40,É M,Low,003017133005,5059052
5059,06,1,metformin,Rat,Male,24 hr,40,É M,Low,003017133012,5059061
5059,06,2,metformin,Rat,Male,24 hr,40,É M,Low,003017133013,5059062
5059,07,1,metformin,Rat,Male,2 hr,200,É M,Middle,003017132028,5059071
5059,07,2,metformin,Rat,Male,2 hr,200,É M,Middle,003017132029,5059072
5059,08,1,metformin,Rat,Male,8 hr,200,É M,Middle,003017133006,5059081
5059,08,2,metformin,Rat,Male,8 hr,200,É M,Middle,003017133007,5059082
5059,09,1,metformin,Rat,Male,24 hr,200,É M,Middle,003017133014,5059091
5059,09,2,metformin,Rat,Male,24 hr,200,É M,Middle,003017133015,5059092
5059,10,1,metformin,Rat,Male,2 hr,1000,É M,High,003017132030,5059101
5059,10,2,metformin,Rat,Male,2 hr,1000,É M,High,003017133001,5059102
5059,11,1,metformin,Rat,Male,8 hr,1000,É M,High,003017133008,5059111
5059,11,2,metformin,Rat,Male,8 hr,1000,É M,High,003017133009,5059112
5059,12,1,metformin,Rat,Male,24 hr,1000,É M,High,003017133016,5059121
5059,12,2,metformin,Rat,Male,24 hr,1000,É M,High,003017133017,5059122
5060,01,1,tamoxifen,Rat,Male,2 hr,0,É M,Control,003017148020,5060011
5060,01,2,tamoxifen,Rat,Male,2 hr,0,É M,Control,003017148021,5060012
5060,02,1,tamoxifen,Rat,Male,8 hr,0,É M,Control,003017148028,5060021
5060,02,2,tamoxifen,Rat,Male,8 hr,0,É M,Control,003017148029,5060022
5060,03,1,tamoxifen,Rat,Male,24 hr,0,É M,Control,003017149006,5060031
5060,03,2,tamoxifen,Rat,Male,24 hr,0,É M,Control,003017149007,5060032
5060,04,1,tamoxifen,Rat,Male,2 hr,0,É M,Low,003017148022,5060041
5060,04,2,tamoxifen,Rat,Male,2 hr,0,É M,Low,003017148023,5060042
5060,05,1,tamoxifen,Rat,Male,8 hr,0,É M,Low,003017148030,5060051
5060,05,2,tamoxifen,Rat,Male,8 hr,0,É M,Low,003017149001,5060052
5060,06,1,tamoxifen,Rat,Male,24 hr,0,É M,Low,003017149008,5060061
5060,06,2,tamoxifen,Rat,Male,24 hr,0,É M,Low,003017149009,5060062
5060,07,1,tamoxifen,Rat,Male,2 hr,1,É M,Middle,003017148024,5060071
5060,07,2,tamoxifen,Rat,Male,2 hr,1,É M,Middle,003017148025,5060072
5060,08,1,tamoxifen,Rat,Male,8 hr,1,É M,Middle,003017149002,5060081
5060,08,2,tamoxifen,Rat,Male,8 hr,1,É M,Middle,003017149003,5060082
5060,09,1,tamoxifen,Rat,Male,24 hr,1,É M,Middle,003017149010,5060091
5060,09,2,tamoxifen,Rat,Male,24 hr,1,É M,Middle,003017149011,5060092
5060,10,1,tamoxifen,Rat,Male,2 hr,3,É M,High,003017148026,5060101
5060,10,2,tamoxifen,Rat,Male,2 hr,3,É M,High,003017148027,5060102
5060,11,1,tamoxifen,Rat,Male,8 hr,3,É M,High,003017149004,5060111
5060,11,2,tamoxifen,Rat,Male,8 hr,3,É M,High,003017149005,5060112
5060,12,1,tamoxifen,Rat,Male,24 hr,3,É M,High,003017149012,5060121
5060,12,2,tamoxifen,Rat,Male,24 hr,3,É M,High,003017149013,5060122
5061,01,1,ethinylestradiol,Rat,Male,2 hr,0,É M,Control,003017145001,5061011
5061,01,2,ethinylestradiol,Rat,Male,2 hr,0,É M,Control,003017182007,5061012
5061,02,1,ethinylestradiol,Rat,Male,8 hr,0,É M,Control,003017145009,5061021
5061,02,2,ethinylestradiol,Rat,Male,8 hr,0,É M,Control,003017145010,5061022
5061,03,1,ethinylestradiol,Rat,Male,24 hr,0,É M,Control,003017145017,5061031
5061,03,2,ethinylestradiol,Rat,Male,24 hr,0,É M,Control,003017145018,5061032
5061,04,1,ethinylestradiol,Rat,Male,2 hr,1,É M,Low,003017145003,5061041
5061,04,2,ethinylestradiol,Rat,Male,2 hr,1,É M,Low,003017145004,5061042
5061,05,1,ethinylestradiol,Rat,Male,8 hr,1,É M,Low,003017145011,5061051
5061,05,2,ethinylestradiol,Rat,Male,8 hr,1,É M,Low,003017145012,5061052
5061,06,1,ethinylestradiol,Rat,Male,24 hr,1,É M,Low,003017145019,5061061
5061,06,2,ethinylestradiol,Rat,Male,24 hr,1,É M,Low,003017145020,5061062
5061,07,1,ethinylestradiol,Rat,Male,2 hr,3,É M,Middle,003017145005,5061071
5061,07,2,ethinylestradiol,Rat,Male,2 hr,3,É M,Middle,003017145006,5061072
5061,08,1,ethinylestradiol,Rat,Male,8 hr,3,É M,Middle,003017145013,5061081
5061,08,2,ethinylestradiol,Rat,Male,8 hr,3,É M,Middle,003017145014,5061082
5061,09,1,ethinylestradiol,Rat,Male,24 hr,3,É M,Middle,003017145021,5061091
5061,09,2,ethinylestradiol,Rat,Male,24 hr,3,É M,Middle,003017145022,5061092
5061,10,1,ethinylestradiol,Rat,Male,2 hr,15,É M,High,003017145007,5061101
5061,10,2,ethinylestradiol,Rat,Male,2 hr,15,É M,High,003017145008,5061102
5061,11,1,ethinylestradiol,Rat,Male,8 hr,15,É M,High,003017145015,5061111
5061,11,2,ethinylestradiol,Rat,Male,8 hr,15,É M,High,003017145016,5061112
5061,12,1,ethinylestradiol,Rat,Male,24 hr,15,É M,High,003017145023,5061121
5061,12,2,ethinylestradiol,Rat,Male,24 hr,15,É M,High,003017145024,5061122
5062,01,1,methyldopa,Rat,Male,2 hr,0,É M,Control,003017159030,5062011
5062,01,2,methyldopa,Rat,Male,2 hr,0,É M,Control,003017160001,5062012
5062,02,1,methyldopa,Rat,Male,8 hr,0,É M,Control,003017160008,5062021
5062,02,2,methyldopa,Rat,Male,8 hr,0,É M,Control,003017160009,5062022
5062,03,1,methyldopa,Rat,Male,24 hr,0,É M,Control,003017160016,5062031
5062,03,2,methyldopa,Rat,Male,24 hr,0,É M,Control,003017160017,5062032
5062,04,1,methyldopa,Rat,Male,2 hr,2,É M,Low,003017160002,5062041
5062,04,2,methyldopa,Rat,Male,2 hr,2,É M,Low,003017160003,5062042
5062,05,1,methyldopa,Rat,Male,8 hr,2,É M,Low,003017160010,5062051
5062,05,2,methyldopa,Rat,Male,8 hr,2,É M,Low,003017160011,5062052
5062,06,1,methyldopa,Rat,Male,24 hr,2,É M,Low,003017160018,5062061
5062,06,2,methyldopa,Rat,Male,24 hr,2,É M,Low,003017160019,5062062
5062,07,1,methyldopa,Rat,Male,2 hr,10,É M,Middle,003017160004,5062071
5062,07,2,methyldopa,Rat,Male,2 hr,10,É M,Middle,003017160005,5062072
5062,08,1,methyldopa,Rat,Male,8 hr,10,É M,Middle,003017160012,5062081
5062,08,2,methyldopa,Rat,Male,8 hr,10,É M,Middle,003017160013,5062082
5062,09,1,methyldopa,Rat,Male,24 hr,10,É M,Middle,003017160020,5062091
5062,09,2,methyldopa,Rat,Male,24 hr,10,É M,Middle,003017160021,5062092
5062,10,1,methyldopa,Rat,Male,2 hr,50,É M,High,003017160006,5062101
5062,10,2,methyldopa,Rat,Male,2 hr,50,É M,High,003017160007,5062102
5062,11,1,methyldopa,Rat,Male,8 hr,50,É M,High,003017160014,5062111
5062,11,2,methyldopa,Rat,Male,8 hr,50,É M,High,003017160015,5062112
5062,12,1,methyldopa,Rat,Male,24 hr,50,É M,High,003017160022,5062121
5062,12,2,methyldopa,Rat,Male,24 hr,50,É M,High,003017160023,5062122
5063,01,1,methimazole,Rat,Male,2 hr,0,É M,Control,003017171003,5063011
5063,01,2,methimazole,Rat,Male,2 hr,0,É M,Control,003017171004,5063012
5063,02,1,methimazole,Rat,Male,8 hr,0,É M,Control,003017171011,5063021
5063,02,2,methimazole,Rat,Male,8 hr,0,É M,Control,003017171012,5063022
5063,03,1,methimazole,Rat,Male,24 hr,0,É M,Control,003017171019,5063031
5063,03,2,methimazole,Rat,Male,24 hr,0,É M,Control,003017171020,5063032
5063,04,1,methimazole,Rat,Male,2 hr,400,É M,Low,003017171005,5063041
5063,04,2,methimazole,Rat,Male,2 hr,400,É M,Low,003017171006,5063042
5063,05,1,methimazole,Rat,Male,8 hr,400,É M,Low,003017171013,5063051
5063,05,2,methimazole,Rat,Male,8 hr,400,É M,Low,003017171014,5063052
5063,06,1,methimazole,Rat,Male,24 hr,400,É M,Low,003017171021,5063061
5063,06,2,methimazole,Rat,Male,24 hr,400,É M,Low,003017171022,5063062
5063,07,1,methimazole,Rat,Male,2 hr,2000,É M,Middle,003017182008,5063071
5063,07,2,methimazole,Rat,Male,2 hr,2000,É M,Middle,003017171008,5063072
5063,08,1,methimazole,Rat,Male,8 hr,2000,É M,Middle,003017171015,5063081
5063,08,2,methimazole,Rat,Male,8 hr,2000,É M,Middle,003017171016,5063082
5063,09,1,methimazole,Rat,Male,24 hr,2000,É M,Middle,003017171023,5063091
5063,09,2,methimazole,Rat,Male,24 hr,2000,É M,Middle,003017171024,5063092
5063,10,1,methimazole,Rat,Male,2 hr,10000,É M,High,003017171009,5063101
5063,10,2,methimazole,Rat,Male,2 hr,10000,É M,High,003017171010,5063102
5063,11,1,methimazole,Rat,Male,8 hr,10000,É M,High,003017171017,5063111
5063,11,2,methimazole,Rat,Male,8 hr,10000,É M,High,003017171018,5063112
5063,12,1,methimazole,Rat,Male,24 hr,10000,É M,High,003017171025,5063121
5063,12,2,methimazole,Rat,Male,24 hr,10000,É M,High,003017171026,5063122
5064,01,1,monocrotaline,Rat,Male,2 hr,0,É M,Control,003017168001,5064011
5064,01,2,monocrotaline,Rat,Male,2 hr,0,É M,Control,003017168002,5064012
5064,02,1,monocrotaline,Rat,Male,8 hr,0,É M,Control,003017168009,5064021
5064,02,2,monocrotaline,Rat,Male,8 hr,0,É M,Control,003017168010,5064022
5064,03,1,monocrotaline,Rat,Male,24 hr,0,É M,Control,003017170001,5064031
5064,03,2,monocrotaline,Rat,Male,24 hr,0,É M,Control,003017170002,5064032
5064,04,1,monocrotaline,Rat,Male,2 hr,4,É M,Low,003017168003,5064041
5064,04,2,monocrotaline,Rat,Male,2 hr,4,É M,Low,003017168004,5064042
5064,05,1,monocrotaline,Rat,Male,8 hr,4,É M,Low,003017168011,5064051
5064,05,2,monocrotaline,Rat,Male,8 hr,4,É M,Low,003017168012,5064052
5064,06,1,monocrotaline,Rat,Male,24 hr,4,É M,Low,003017170003,5064061
5064,06,2,monocrotaline,Rat,Male,24 hr,4,É M,Low,003017170004,5064062
5064,07,1,monocrotaline,Rat,Male,2 hr,18,É M,Middle,003017168005,5064071
5064,07,2,monocrotaline,Rat,Male,2 hr,18,É M,Middle,003017168006,5064072
5064,08,1,monocrotaline,Rat,Male,8 hr,18,É M,Middle,003017167027,5064081
5064,08,2,monocrotaline,Rat,Male,8 hr,18,É M,Middle,003017167028,5064082
5064,09,1,monocrotaline,Rat,Male,24 hr,18,É M,Middle,003017170005,5064091
5064,09,2,monocrotaline,Rat,Male,24 hr,18,É M,Middle,003017170006,5064092
5064,10,1,monocrotaline,Rat,Male,2 hr,90,É M,High,003017168007,5064101
5064,10,2,monocrotaline,Rat,Male,2 hr,90,É M,High,003017168008,5064102
5064,11,1,monocrotaline,Rat,Male,8 hr,90,É M,High,003017167029,5064111
5064,11,2,monocrotaline,Rat,Male,8 hr,90,É M,High,003017167030,5064112
5064,12,1,monocrotaline,Rat,Male,24 hr,90,É M,High,003017170007,5064121
5064,12,2,monocrotaline,Rat,Male,24 hr,90,É M,High,003017170008,5064122
5065,01,1,vitamin A,Rat,Male,2 hr,0,É M,Control,003017169007,5065011
5065,01,2,vitamin A,Rat,Male,2 hr,0,É M,Control,003017169008,5065012
5065,02,1,vitamin A,Rat,Male,8 hr,0,É M,Control,003017169015,5065021
5065,02,2,vitamin A,Rat,Male,8 hr,0,É M,Control,003017169016,5065022
5065,03,1,vitamin A,Rat,Male,24 hr,0,É M,Control,003017169023,5065031
5065,03,2,vitamin A,Rat,Male,24 hr,0,É M,Control,003017169024,5065032
5065,04,1,vitamin A,Rat,Male,2 hr,0,É M,Low,003017169009,5065041
5065,04,2,vitamin A,Rat,Male,2 hr,0,É M,Low,003017169010,5065042
5065,05,1,vitamin A,Rat,Male,8 hr,0,É M,Low,003017169017,5065051
5065,05,2,vitamin A,Rat,Male,8 hr,0,É M,Low,003017169018,5065052
5065,06,1,vitamin A,Rat,Male,24 hr,0,É M,Low,003017169025,5065061
5065,06,2,vitamin A,Rat,Male,24 hr,0,É M,Low,003017169026,5065062
5065,07,1,vitamin A,Rat,Male,2 hr,2,É M,Middle,003017169011,5065071
5065,07,2,vitamin A,Rat,Male,2 hr,2,É M,Middle,003017169012,5065072
5065,08,1,vitamin A,Rat,Male,8 hr,2,É M,Middle,003017169019,5065081
5065,08,2,vitamin A,Rat,Male,8 hr,2,É M,Middle,003017169020,5065082
5065,09,1,vitamin A,Rat,Male,24 hr,2,É M,Middle,003017169027,5065091
5065,09,2,vitamin A,Rat,Male,24 hr,2,É M,Middle,003017169028,5065092
5065,10,1,vitamin A,Rat,Male,2 hr,8,É M,High,003017169013,5065101
5065,10,2,vitamin A,Rat,Male,2 hr,8,É M,High,003017169014,5065102
5065,11,1,vitamin A,Rat,Male,8 hr,8,É M,High,003017169021,5065111
5065,11,2,vitamin A,Rat,Male,8 hr,8,É M,High,003017169022,5065112
5065,12,1,vitamin A,Rat,Male,24 hr,8,É M,High,003017169029,5065121
5065,12,2,vitamin A,Rat,Male,24 hr,8,É M,High,003017169030,5065122
5066,01,1,acetaminophen,Human,Female,2 hr,0,É M,Control,003016016001,5066011
5066,01,2,acetaminophen,Human,Female,2 hr,0,É M,Control,003016016002,5066012
5066,02,1,acetaminophen,Human,Female,8 hr,0,É M,Control,003016016009,5066021
5066,02,2,acetaminophen,Human,Female,8 hr,0,É M,Control,003016016010,5066022
5066,03,1,acetaminophen,Human,Female,24 hr,0,É M,Control,003016016017,5066031
5066,03,2,acetaminophen,Human,Female,24 hr,0,É M,Control,003016016018,5066032
5066,04,1,acetaminophen,Human,Female,2 hr,200,É M,Low,003016016003,5066041
5066,04,2,acetaminophen,Human,Female,2 hr,200,É M,Low,003016016004,5066042
5066,05,1,acetaminophen,Human,Female,8 hr,200,É M,Low,003016016011,5066051
5066,05,2,acetaminophen,Human,Female,8 hr,200,É M,Low,003016016012,5066052
5066,06,1,acetaminophen,Human,Female,24 hr,200,É M,Low,003016016019,5066061
5066,06,2,acetaminophen,Human,Female,24 hr,200,É M,Low,003016016020,5066062
5066,07,1,acetaminophen,Human,Female,2 hr,1000,É M,Middle,003016016005,5066071
5066,07,2,acetaminophen,Human,Female,2 hr,1000,É M,Middle,003016016006,5066072
5066,08,1,acetaminophen,Human,Female,8 hr,1000,É M,Middle,003016016013,5066081
5066,08,2,acetaminophen,Human,Female,8 hr,1000,É M,Middle,003016016014,5066082
5066,09,1,acetaminophen,Human,Female,24 hr,1000,É M,Middle,003016016021,5066091
5066,09,2,acetaminophen,Human,Female,24 hr,1000,É M,Middle,003016016022,5066092
5066,10,1,acetaminophen,Human,Female,2 hr,5000,É M,High,003016016007,5066101
5066,10,2,acetaminophen,Human,Female,2 hr,5000,É M,High,003016016008,5066102
5066,11,1,acetaminophen,Human,Female,8 hr,5000,É M,High,003016016015,5066111
5066,11,2,acetaminophen,Human,Female,8 hr,5000,É M,High,003016016016,5066112
5066,12,1,acetaminophen,Human,Female,24 hr,5000,É M,High,003016016023,5066121
5066,12,2,acetaminophen,Human,Female,24 hr,5000,É M,High,003016016024,5066122
5067,01,1,isoniazid,Human,Female,2 hr,0,É M,Control,003016015022,5067011
5067,01,2,isoniazid,Human,Female,2 hr,0,É M,Control,003016015023,5067012
5067,02,1,isoniazid,Human,Female,8 hr,0,É M,Control,003016015030,5067021
5067,02,2,isoniazid,Human,Female,8 hr,0,É M,Control,003016017001,5067022
5067,03,1,isoniazid,Human,Female,24 hr,0,É M,Control,003016017008,5067031
5067,03,2,isoniazid,Human,Female,24 hr,0,É M,Control,003016017009,5067032
5067,04,1,isoniazid,Human,Female,2 hr,400,É M,Low,003016015024,5067041
5067,04,2,isoniazid,Human,Female,2 hr,400,É M,Low,003016015025,5067042
5067,05,1,isoniazid,Human,Female,8 hr,400,É M,Low,003016017002,5067051
5067,05,2,isoniazid,Human,Female,8 hr,400,É M,Low,003016017003,5067052
5067,06,1,isoniazid,Human,Female,24 hr,400,É M,Low,003016016025,5067061
5067,06,2,isoniazid,Human,Female,24 hr,400,É M,Low,003016016026,5067062
5067,07,1,isoniazid,Human,Female,2 hr,2000,É M,Middle,003016015026,5067071
5067,07,2,isoniazid,Human,Female,2 hr,2000,É M,Middle,003016015027,5067072
5067,08,1,isoniazid,Human,Female,8 hr,2000,É M,Middle,003016017004,5067081
5067,08,2,isoniazid,Human,Female,8 hr,2000,É M,Middle,003016017005,5067082
5067,09,1,isoniazid,Human,Female,24 hr,2000,É M,Middle,003016016027,5067091
5067,09,2,isoniazid,Human,Female,24 hr,2000,É M,Middle,003016016028,5067092
5067,10,1,isoniazid,Human,Female,2 hr,10000,É M,High,003016015028,5067101
5067,10,2,isoniazid,Human,Female,2 hr,10000,É M,High,003016015029,5067102
5067,11,1,isoniazid,Human,Female,8 hr,10000,É M,High,003016017006,5067111
5067,11,2,isoniazid,Human,Female,8 hr,10000,É M,High,003016017007,5067112
5067,12,1,isoniazid,Human,Female,24 hr,10000,É M,High,003016016029,5067121
5067,12,2,isoniazid,Human,Female,24 hr,10000,É M,High,003016016030,5067122
5068,01,1,carbon tetrachloride,Human,Female,2 hr,0,É M,Control,003016018004,5068011
5068,01,2,carbon tetrachloride,Human,Female,2 hr,0,É M,Control,003016018005,5068012
5068,02,1,carbon tetrachloride,Human,Female,8 hr,0,É M,Control,003016018012,5068021
5068,02,2,carbon tetrachloride,Human,Female,8 hr,0,É M,Control,003016018013,5068022
5068,03,1,carbon tetrachloride,Human,Female,24 hr,0,É M,Control,003016018020,5068031
5068,03,2,carbon tetrachloride,Human,Female,24 hr,0,É M,Control,003016018021,5068032
5068,04,1,carbon tetrachloride,Human,Female,2 hr,300,É M,Low,003016018006,5068041
5068,04,2,carbon tetrachloride,Human,Female,2 hr,300,É M,Low,003016018007,5068042
5068,05,1,carbon tetrachloride,Human,Female,8 hr,300,É M,Low,003016018014,5068051
5068,05,2,carbon tetrachloride,Human,Female,8 hr,300,É M,Low,003016018015,5068052
5068,06,1,carbon tetrachloride,Human,Female,24 hr,300,É M,Low,003016018022,5068061
5068,06,2,carbon tetrachloride,Human,Female,24 hr,300,É M,Low,003016018023,5068062
5068,07,1,carbon tetrachloride,Human,Female,2 hr,1500,É M,Middle,003016018008,5068071
5068,07,2,carbon tetrachloride,Human,Female,2 hr,1500,É M,Middle,003016018009,5068072
5068,08,1,carbon tetrachloride,Human,Female,8 hr,1500,É M,Middle,003016018016,5068081
5068,08,2,carbon tetrachloride,Human,Female,8 hr,1500,É M,Middle,003016018017,5068082
5068,09,1,carbon tetrachloride,Human,Female,24 hr,1500,É M,Middle,003016018024,5068091
5068,09,2,carbon tetrachloride,Human,Female,24 hr,1500,É M,Middle,003016018025,5068092
5068,10,1,carbon tetrachloride,Human,Female,2 hr,7500,É M,High,003016018010,5068101
5068,10,2,carbon tetrachloride,Human,Female,2 hr,7500,É M,High,003016018011,5068102
5068,11,1,carbon tetrachloride,Human,Female,8 hr,7500,É M,High,003016018018,5068111
5068,11,2,carbon tetrachloride,Human,Female,8 hr,7500,É M,High,003016018019,5068112
5068,12,1,carbon tetrachloride,Human,Female,24 hr,7500,É M,High,003016018026,5068121
5068,12,2,carbon tetrachloride,Human,Female,24 hr,7500,É M,High,003016018027,5068122
5069,01,1,phenobarbital,Human,Female,2 hr,0,É M,Control,003016018028,5069011
5069,01,2,phenobarbital,Human,Female,2 hr,0,É M,Control,003016018029,5069012
5069,02,1,phenobarbital,Human,Female,8 hr,0,É M,Control,003016019006,5069021
5069,02,2,phenobarbital,Human,Female,8 hr,0,É M,Control,003016019007,5069022
5069,03,1,phenobarbital,Human,Female,24 hr,0,É M,Control,003016019014,5069031
5069,03,2,phenobarbital,Human,Female,24 hr,0,É M,Control,003016019015,5069032
5069,04,1,phenobarbital,Human,Female,2 hr,400,É M,Low,003016018030,5069041
5069,04,2,phenobarbital,Human,Female,2 hr,400,É M,Low,003016019001,5069042
5069,05,1,phenobarbital,Human,Female,8 hr,400,É M,Low,003016019008,5069051
5069,05,2,phenobarbital,Human,Female,8 hr,400,É M,Low,003016019009,5069052
5069,06,1,phenobarbital,Human,Female,24 hr,400,É M,Low,003016019016,5069061
5069,06,2,phenobarbital,Human,Female,24 hr,400,É M,Low,003016019017,5069062
5069,07,1,phenobarbital,Human,Female,2 hr,2000,É M,Middle,003016019002,5069071
5069,07,2,phenobarbital,Human,Female,2 hr,2000,É M,Middle,003016019003,5069072
5069,08,1,phenobarbital,Human,Female,8 hr,2000,É M,Middle,003016019010,5069081
5069,08,2,phenobarbital,Human,Female,8 hr,2000,É M,Middle,003016019011,5069082
5069,09,1,phenobarbital,Human,Female,24 hr,2000,É M,Middle,003016019018,5069091
5069,09,2,phenobarbital,Human,Female,24 hr,2000,É M,Middle,003016019019,5069092
5069,10,1,phenobarbital,Human,Female,2 hr,10000,É M,High,003016019004,5069101
5069,10,2,phenobarbital,Human,Female,2 hr,10000,É M,High,003016019005,5069102
5069,11,1,phenobarbital,Human,Female,8 hr,10000,É M,High,003016019012,5069111
5069,11,2,phenobarbital,Human,Female,8 hr,10000,É M,High,003016019013,5069112
5069,12,1,phenobarbital,Human,Female,24 hr,10000,É M,High,003016019020,5069121
5069,12,2,phenobarbital,Human,Female,24 hr,10000,É M,High,003016019021,5069122
5070,01,1,valproic acid,Human,Female,2 hr,0,É M,Control,003016037018,5070011
5070,01,2,valproic acid,Human,Female,2 hr,0,É M,Control,003016037019,5070012
5070,02,1,valproic acid,Human,Female,8 hr,0,É M,Control,003016037026,5070021
5070,02,2,valproic acid,Human,Female,8 hr,0,É M,Control,003016037027,5070022
5070,03,1,valproic acid,Human,Female,24 hr,0,É M,Control,003016038004,5070031
5070,03,2,valproic acid,Human,Female,24 hr,0,É M,Control,003016038005,5070032
5070,04,1,valproic acid,Human,Female,2 hr,200,É M,Low,003016037020,5070041
5070,04,2,valproic acid,Human,Female,2 hr,200,É M,Low,003016037021,5070042
5070,05,1,valproic acid,Human,Female,8 hr,200,É M,Low,003016037028,5070051
5070,05,2,valproic acid,Human,Female,8 hr,200,É M,Low,003016037029,5070052
5070,06,1,valproic acid,Human,Female,24 hr,200,É M,Low,003016038006,5070061
5070,06,2,valproic acid,Human,Female,24 hr,200,É M,Low,003016038007,5070062
5070,07,1,valproic acid,Human,Female,2 hr,1000,É M,Middle,003016037022,5070071
5070,07,2,valproic acid,Human,Female,2 hr,1000,É M,Middle,003016037023,5070072
5070,08,1,valproic acid,Human,Female,8 hr,1000,É M,Middle,003016037030,5070081
5070,08,2,valproic acid,Human,Female,8 hr,1000,É M,Middle,003016038001,5070082
5070,09,1,valproic acid,Human,Female,24 hr,1000,É M,Middle,003016038008,5070091
5070,09,2,valproic acid,Human,Female,24 hr,1000,É M,Middle,003016038009,5070092
5070,10,1,valproic acid,Human,Female,2 hr,5000,É M,High,003016037024,5070101
5070,10,2,valproic acid,Human,Female,2 hr,5000,É M,High,003016037025,5070102
5070,11,1,valproic acid,Human,Female,8 hr,5000,É M,High,003016038002,5070111
5070,11,2,valproic acid,Human,Female,8 hr,5000,É M,High,003016038003,5070112
5070,12,1,valproic acid,Human,Female,24 hr,5000,É M,High,003016038010,5070121
5070,12,2,valproic acid,Human,Female,24 hr,5000,É M,High,003016038011,5070122
5071,01,1,clofibrate,Human,Female,2 hr,0,É M,Control,003016017010,5071011
5071,01,2,clofibrate,Human,Female,2 hr,0,É M,Control,003016017011,5071012
5071,02,1,clofibrate,Human,Female,8 hr,0,É M,Control,003016017018,5071021
5071,02,2,clofibrate,Human,Female,8 hr,0,É M,Control,003016017019,5071022
5071,03,1,clofibrate,Human,Female,24 hr,0,É M,Control,003016017026,5071031
5071,03,2,clofibrate,Human,Female,24 hr,0,É M,Control,003016017027,5071032
5071,04,1,clofibrate,Human,Female,2 hr,12,É M,Low,003016017012,5071041
5071,04,2,clofibrate,Human,Female,2 hr,12,É M,Low,003016017013,5071042
5071,05,1,clofibrate,Human,Female,8 hr,12,É M,Low,003016017020,5071051
5071,05,2,clofibrate,Human,Female,8 hr,12,É M,Low,003016017021,5071052
5071,06,1,clofibrate,Human,Female,24 hr,12,É M,Low,003016017028,5071061
5071,06,2,clofibrate,Human,Female,24 hr,12,É M,Low,003016017029,5071062
5071,07,1,clofibrate,Human,Female,2 hr,60,É M,Middle,003016017014,5071071
5071,07,2,clofibrate,Human,Female,2 hr,60,É M,Middle,003016017015,5071072
5071,08,1,clofibrate,Human,Female,8 hr,60,É M,Middle,003016017022,5071081
5071,08,2,clofibrate,Human,Female,8 hr,60,É M,Middle,003016017023,5071082
5071,09,1,clofibrate,Human,Female,24 hr,60,É M,Middle,003016017030,5071091
5071,09,2,clofibrate,Human,Female,24 hr,60,É M,Middle,003016018001,5071092
5071,10,1,clofibrate,Human,Female,2 hr,300,É M,High,003016017016,5071101
5071,10,2,clofibrate,Human,Female,2 hr,300,É M,High,003016017017,5071102
5071,11,1,clofibrate,Human,Female,8 hr,300,É M,High,003016017024,5071111
5071,11,2,clofibrate,Human,Female,8 hr,300,É M,High,003016017025,5071112
5071,12,1,clofibrate,Human,Female,24 hr,300,É M,High,003016018002,5071121
5071,12,2,clofibrate,Human,Female,24 hr,300,É M,High,003016018003,5071122
5073,01,1,rifampicin,Human,Female,2 hr,0,É M,Control,003016013001,5073011
5073,01,2,rifampicin,Human,Female,2 hr,0,É M,Control,003016013002,5073012
5073,02,1,rifampicin,Human,Female,8 hr,0,É M,Control,003016013009,5073021
5073,02,2,rifampicin,Human,Female,8 hr,0,É M,Control,003016013010,5073022
5073,03,1,rifampicin,Human,Female,24 hr,0,É M,Control,003016013017,5073031
5073,03,2,rifampicin,Human,Female,24 hr,0,É M,Control,003016013018,5073032
5073,04,1,rifampicin,Human,Female,2 hr,3,É M,Low,003016013003,5073041
5073,04,2,rifampicin,Human,Female,2 hr,3,É M,Low,003016013004,5073042
5073,05,1,rifampicin,Human,Female,8 hr,3,É M,Low,003016013011,5073051
5073,05,2,rifampicin,Human,Female,8 hr,3,É M,Low,003016013012,5073052
5073,06,1,rifampicin,Human,Female,24 hr,3,É M,Low,003016013019,5073061
5073,06,2,rifampicin,Human,Female,24 hr,3,É M,Low,003016013020,5073062
5073,07,1,rifampicin,Human,Female,2 hr,14,É M,Middle,003016013005,5073071
5073,07,2,rifampicin,Human,Female,2 hr,14,É M,Middle,003016013006,5073072
5073,08,1,rifampicin,Human,Female,8 hr,14,É M,Middle,003016013013,5073081
5073,08,2,rifampicin,Human,Female,8 hr,14,É M,Middle,003016013014,5073082
5073,09,1,rifampicin,Human,Female,24 hr,14,É M,Middle,003016013021,5073091
5073,09,2,rifampicin,Human,Female,24 hr,14,É M,Middle,003016013022,5073092
5073,10,1,rifampicin,Human,Female,2 hr,70,É M,High,003016013007,5073101
5073,10,2,rifampicin,Human,Female,2 hr,70,É M,High,003016013008,5073102
5073,11,1,rifampicin,Human,Female,8 hr,70,É M,High,003016013015,5073111
5073,11,2,rifampicin,Human,Female,8 hr,70,É M,High,003016013016,5073112
5073,12,1,rifampicin,Human,Female,24 hr,70,É M,High,003016013023,5073121
5073,12,2,rifampicin,Human,Female,24 hr,70,É M,High,003016013024,5073122
5074,01,1,naphthyl isothiocyanate,Human,Female,2 hr,0,É M,Control,003016011022,5074011
5074,01,2,naphthyl isothiocyanate,Human,Female,2 hr,0,É M,Control,003016011023,5074012
5074,02,1,naphthyl isothiocyanate,Human,Female,8 hr,0,É M,Control,003016011030,5074021
5074,02,2,naphthyl isothiocyanate,Human,Female,8 hr,0,É M,Control,003016012001,5074022
5074,03,1,naphthyl isothiocyanate,Human,Female,24 hr,0,É M,Control,003016012008,5074031
5074,03,2,naphthyl isothiocyanate,Human,Female,24 hr,0,É M,Control,003016012009,5074032
5074,04,1,naphthyl isothiocyanate,Human,Female,2 hr,8,É M,Low,003016011024,5074041
5074,04,2,naphthyl isothiocyanate,Human,Female,2 hr,8,É M,Low,003016011025,5074042
5074,05,1,naphthyl isothiocyanate,Human,Female,8 hr,8,É M,Low,003016012002,5074051
5074,05,2,naphthyl isothiocyanate,Human,Female,8 hr,8,É M,Low,003016012003,5074052
5074,06,1,naphthyl isothiocyanate,Human,Female,24 hr,8,É M,Low,003016012010,5074061
5074,06,2,naphthyl isothiocyanate,Human,Female,24 hr,8,É M,Low,003016012011,5074062
5074,07,1,naphthyl isothiocyanate,Human,Female,2 hr,40,É M,Middle,003016011026,5074071
5074,07,2,naphthyl isothiocyanate,Human,Female,2 hr,40,É M,Middle,003016011027,5074072
5074,08,1,naphthyl isothiocyanate,Human,Female,8 hr,40,É M,Middle,003016012004,5074081
5074,08,2,naphthyl isothiocyanate,Human,Female,8 hr,40,É M,Middle,003016012005,5074082
5074,09,1,naphthyl isothiocyanate,Human,Female,24 hr,40,É M,Middle,003016012012,5074091
5074,09,2,naphthyl isothiocyanate,Human,Female,24 hr,40,É M,Middle,003016012013,5074092
5074,10,1,naphthyl isothiocyanate,Human,Female,2 hr,200,É M,High,003016011028,5074101
5074,10,2,naphthyl isothiocyanate,Human,Female,2 hr,200,É M,High,003016011029,5074102
5074,11,1,naphthyl isothiocyanate,Human,Female,8 hr,200,É M,High,003016012006,5074111
5074,11,2,naphthyl isothiocyanate,Human,Female,8 hr,200,É M,High,003016012007,5074112
5074,12,1,naphthyl isothiocyanate,Human,Female,24 hr,200,É M,High,003016012014,5074121
5074,12,2,naphthyl isothiocyanate,Human,Female,24 hr,200,É M,High,003016012015,5074122
5075,01,1,allyl alcohol,Human,Female,2 hr,0,É M,Control,003016036024,5075011
5075,01,2,allyl alcohol,Human,Female,2 hr,0,É M,Control,003016036025,5075012
5075,02,1,allyl alcohol,Human,Female,8 hr,0,É M,Control,003016037002,5075021
5075,02,2,allyl alcohol,Human,Female,8 hr,0,É M,Control,003016037003,5075022
5075,03,1,allyl alcohol,Human,Female,24 hr,0,É M,Control,003016037010,5075031
5075,03,2,allyl alcohol,Human,Female,24 hr,0,É M,Control,003016037011,5075032
5075,04,1,allyl alcohol,Human,Female,2 hr,3,É M,Low,003016036026,5075041
5075,04,2,allyl alcohol,Human,Female,2 hr,3,É M,Low,003016036027,5075042
5075,05,1,allyl alcohol,Human,Female,8 hr,3,É M,Low,003016037004,5075051
5075,05,2,allyl alcohol,Human,Female,8 hr,3,É M,Low,003016037005,5075052
5075,06,1,allyl alcohol,Human,Female,24 hr,3,É M,Low,003016037012,5075061
5075,06,2,allyl alcohol,Human,Female,24 hr,3,É M,Low,003016037013,5075062
5075,07,1,allyl alcohol,Human,Female,2 hr,14,É M,Middle,003016036028,5075071
5075,07,2,allyl alcohol,Human,Female,2 hr,14,É M,Middle,003016036029,5075072
5075,08,1,allyl alcohol,Human,Female,8 hr,14,É M,Middle,003016037006,5075081
5075,08,2,allyl alcohol,Human,Female,8 hr,14,É M,Middle,003016037007,5075082
5075,09,1,allyl alcohol,Human,Female,24 hr,14,É M,Middle,003016037014,5075091
5075,09,2,allyl alcohol,Human,Female,24 hr,14,É M,Middle,003016037015,5075092
5075,10,1,allyl alcohol,Human,Female,2 hr,70,É M,High,003016036030,5075101
5075,10,2,allyl alcohol,Human,Female,2 hr,70,É M,High,003016037001,5075102
5075,11,1,allyl alcohol,Human,Female,8 hr,70,É M,High,003016037008,5075111
5075,11,2,allyl alcohol,Human,Female,8 hr,70,É M,High,003016037009,5075112
5075,12,1,allyl alcohol,Human,Female,24 hr,70,É M,High,003016037016,5075121
5075,12,2,allyl alcohol,Human,Female,24 hr,70,É M,High,003016037017,5075122
5076,01,1,phenylbutazone,Human,Female,2 hr,0,É M,Control,003016012016,5076011
5076,01,2,phenylbutazone,Human,Female,2 hr,0,É M,Control,003016012017,5076012
5076,02,1,phenylbutazone,Human,Female,8 hr,0,É M,Control,003016012024,5076021
5076,02,2,phenylbutazone,Human,Female,8 hr,0,É M,Control,003016012025,5076022
5076,03,1,phenylbutazone,Human,Female,24 hr,0,É M,Control,003016013026,5076031
5076,03,2,phenylbutazone,Human,Female,24 hr,0,É M,Control,003016013027,5076032
5076,04,1,phenylbutazone,Human,Female,2 hr,16,É M,Low,003016012018,5076041
5076,04,2,phenylbutazone,Human,Female,2 hr,16,É M,Low,003016012019,5076042
5076,05,1,phenylbutazone,Human,Female,8 hr,16,É M,Low,003016012026,5076051
5076,05,2,phenylbutazone,Human,Female,8 hr,16,É M,Low,003016012027,5076052
5076,06,1,phenylbutazone,Human,Female,24 hr,16,É M,Low,003016013028,5076061
5076,06,2,phenylbutazone,Human,Female,24 hr,16,É M,Low,003016013029,5076062
5076,07,1,phenylbutazone,Human,Female,2 hr,80,É M,Middle,003016012020,5076071
5076,07,2,phenylbutazone,Human,Female,2 hr,80,É M,Middle,003016012021,5076072
5076,08,1,phenylbutazone,Human,Female,8 hr,80,É M,Middle,003016012028,5076081
5076,08,2,phenylbutazone,Human,Female,8 hr,80,É M,Middle,003016012029,5076082
5076,09,1,phenylbutazone,Human,Female,24 hr,80,É M,Middle,003016013030,5076091
5076,09,2,phenylbutazone,Human,Female,24 hr,80,É M,Middle,003016014001,5076092
5076,10,1,phenylbutazone,Human,Female,2 hr,400,É M,High,003016012022,5076101
5076,10,2,phenylbutazone,Human,Female,2 hr,400,É M,High,003016012023,5076102
5076,11,1,phenylbutazone,Human,Female,8 hr,400,É M,High,003016012030,5076111
5076,11,2,phenylbutazone,Human,Female,8 hr,400,É M,High,003016013025,5076112
5076,12,1,phenylbutazone,Human,Female,24 hr,400,É M,High,003016014002,5076121
5076,12,2,phenylbutazone,Human,Female,24 hr,400,É M,High,003016014003,5076122
5077,01,1,omeprazole,Human,Female,2 hr,0,É M,Control,003016035030,5077011
5077,01,2,omeprazole,Human,Female,2 hr,0,É M,Control,003016036001,5077012
5077,02,1,omeprazole,Human,Female,8 hr,0,É M,Control,003016036008,5077021
5077,02,2,omeprazole,Human,Female,8 hr,0,É M,Control,003016036009,5077022
5077,03,1,omeprazole,Human,Female,24 hr,0,É M,Control,003016036016,5077031
5077,03,2,omeprazole,Human,Female,24 hr,0,É M,Control,003016036017,5077032
5077,04,1,omeprazole,Human,Female,2 hr,24,É M,Low,003016036002,5077041
5077,04,2,omeprazole,Human,Female,2 hr,24,É M,Low,003016036003,5077042
5077,05,1,omeprazole,Human,Female,8 hr,24,É M,Low,003016036010,5077051
5077,05,2,omeprazole,Human,Female,8 hr,24,É M,Low,003016036011,5077052
5077,06,1,omeprazole,Human,Female,24 hr,24,É M,Low,003016036018,5077061
5077,06,2,omeprazole,Human,Female,24 hr,24,É M,Low,003016036019,5077062
5077,07,1,omeprazole,Human,Female,2 hr,120,É M,Middle,003016036004,5077071
5077,07,2,omeprazole,Human,Female,2 hr,120,É M,Middle,003016036005,5077072
5077,08,1,omeprazole,Human,Female,8 hr,120,É M,Middle,003016036012,5077081
5077,08,2,omeprazole,Human,Female,8 hr,120,É M,Middle,003016036013,5077082
5077,09,1,omeprazole,Human,Female,24 hr,120,É M,Middle,003016036020,5077091
5077,09,2,omeprazole,Human,Female,24 hr,120,É M,Middle,003016036021,5077092
5077,10,1,omeprazole,Human,Female,2 hr,600,É M,High,003016036006,5077101
5077,10,2,omeprazole,Human,Female,2 hr,600,É M,High,003016036007,5077102
5077,11,1,omeprazole,Human,Female,8 hr,600,É M,High,003016036014,5077111
5077,11,2,omeprazole,Human,Female,8 hr,600,É M,High,003016036015,5077112
5077,12,1,omeprazole,Human,Female,24 hr,600,É M,High,003016036022,5077121
5077,12,2,omeprazole,Human,Female,24 hr,600,É M,High,003016036023,5077122
5078,01,1,ethionine,Human,Female,2 hr,0,É M,Control,003016021001,5078011
5078,01,2,ethionine,Human,Female,2 hr,0,É M,Control,003016021002,5078012
5078,02,1,ethionine,Human,Female,8 hr,0,É M,Control,003016021009,5078021
5078,02,2,ethionine,Human,Female,8 hr,0,É M,Control,003016021010,5078022
5078,03,1,ethionine,Human,Female,24 hr,0,É M,Control,003016020024,5078031
5078,03,2,ethionine,Human,Female,24 hr,0,É M,Control,003016020025,5078032
5078,04,1,ethionine,Human,Female,2 hr,400,É M,Low,003016021003,5078041
5078,04,2,ethionine,Human,Female,2 hr,400,É M,Low,003016021004,5078042
5078,05,1,ethionine,Human,Female,8 hr,400,É M,Low,003016021011,5078051
5078,05,2,ethionine,Human,Female,8 hr,400,É M,Low,003016021012,5078052
5078,06,1,ethionine,Human,Female,24 hr,400,É M,Low,003016020026,5078061
5078,06,2,ethionine,Human,Female,24 hr,400,É M,Low,003016020027,5078062
5078,07,1,ethionine,Human,Female,2 hr,2000,É M,Middle,003016021005,5078071
5078,07,2,ethionine,Human,Female,2 hr,2000,É M,Middle,003016021006,5078072
5078,08,1,ethionine,Human,Female,8 hr,2000,É M,Middle,003016020020,5078081
5078,08,2,ethionine,Human,Female,8 hr,2000,É M,Middle,003016020021,5078082
5078,09,1,ethionine,Human,Female,24 hr,2000,É M,Middle,003016020028,5078091
5078,09,2,ethionine,Human,Female,24 hr,2000,É M,Middle,003016020029,5078092
5078,10,1,ethionine,Human,Female,2 hr,10000,É M,High,003016021007,5078101
5078,10,2,ethionine,Human,Female,2 hr,10000,É M,High,003016021008,5078102
5078,11,1,ethionine,Human,Female,8 hr,10000,É M,High,003016020022,5078111
5078,11,2,ethionine,Human,Female,8 hr,10000,É M,High,003016020023,5078112
5078,12,1,ethionine,Human,Female,24 hr,10000,É M,High,003016020030,5078121
5078,12,2,ethionine,Human,Female,24 hr,10000,É M,High,003016030010,5078122
5079,01,1,aspirin,Human,Female,2 hr,0,É M,Control,003016024019,5079011
5079,01,2,aspirin,Human,Female,2 hr,0,É M,Control,003016024020,5079012
5079,02,1,aspirin,Human,Female,8 hr,0,É M,Control,003016024027,5079021
5079,02,2,aspirin,Human,Female,8 hr,0,É M,Control,003016024028,5079022
5079,03,1,aspirin,Human,Female,24 hr,0,É M,Control,003016025005,5079031
5079,03,2,aspirin,Human,Female,24 hr,0,É M,Control,003016025006,5079032
5079,04,1,aspirin,Human,Female,2 hr,120,É M,Low,003016024021,5079041
5079,04,2,aspirin,Human,Female,2 hr,120,É M,Low,003016024022,5079042
5079,05,1,aspirin,Human,Female,8 hr,120,É M,Low,003016024029,5079051
5079,05,2,aspirin,Human,Female,8 hr,120,É M,Low,003016024030,5079052
5079,06,1,aspirin,Human,Female,24 hr,120,É M,Low,003016025007,5079061
5079,06,2,aspirin,Human,Female,24 hr,120,É M,Low,003016025008,5079062
5079,07,1,aspirin,Human,Female,2 hr,600,É M,Middle,003016024023,5079071
5079,07,2,aspirin,Human,Female,2 hr,600,É M,Middle,003016024024,5079072
5079,08,1,aspirin,Human,Female,8 hr,600,É M,Middle,003016025001,5079081
5079,08,2,aspirin,Human,Female,8 hr,600,É M,Middle,003016025002,5079082
5079,09,1,aspirin,Human,Female,24 hr,600,É M,Middle,003016025009,5079091
5079,09,2,aspirin,Human,Female,24 hr,600,É M,Middle,003016025010,5079092
5079,10,1,aspirin,Human,Female,2 hr,3000,É M,High,003016024025,5079101
5079,10,2,aspirin,Human,Female,2 hr,3000,É M,High,003016024026,5079102
5079,11,1,aspirin,Human,Female,8 hr,3000,É M,High,003016025003,5079111
5079,11,2,aspirin,Human,Female,8 hr,3000,É M,High,003016025004,5079112
5079,12,1,aspirin,Human,Female,24 hr,3000,É M,High,003016025011,5079121
5079,12,2,aspirin,Human,Female,24 hr,3000,É M,High,003016025012,5079122
5080,01,1,indomethacin,Human,Female,2 hr,0,É M,Control,003016014004,5080011
5080,01,2,indomethacin,Human,Female,2 hr,0,É M,Control,003016014005,5080012
5080,02,1,indomethacin,Human,Female,8 hr,0,É M,Control,003016014012,5080021
5080,02,2,indomethacin,Human,Female,8 hr,0,É M,Control,003016014013,5080022
5080,03,1,indomethacin,Human,Female,24 hr,0,É M,Control,003016014020,5080031
5080,03,2,indomethacin,Human,Female,24 hr,0,É M,Control,003016014021,5080032
5080,04,1,indomethacin,Human,Female,2 hr,8,É M,Low,003016014006,5080041
5080,04,2,indomethacin,Human,Female,2 hr,8,É M,Low,003016014007,5080042
5080,05,1,indomethacin,Human,Female,8 hr,8,É M,Low,003016014014,5080051
5080,05,2,indomethacin,Human,Female,8 hr,8,É M,Low,003016014015,5080052
5080,06,1,indomethacin,Human,Female,24 hr,8,É M,Low,003016014022,5080061
5080,06,2,indomethacin,Human,Female,24 hr,8,É M,Low,003016014023,5080062
5080,07,1,indomethacin,Human,Female,2 hr,40,É M,Middle,003016014008,5080071
5080,07,2,indomethacin,Human,Female,2 hr,40,É M,Middle,003016014009,5080072
5080,08,1,indomethacin,Human,Female,8 hr,40,É M,Middle,003016014016,5080081
5080,08,2,indomethacin,Human,Female,8 hr,40,É M,Middle,003016014017,5080082
5080,09,1,indomethacin,Human,Female,24 hr,40,É M,Middle,003016014024,5080091
5080,09,2,indomethacin,Human,Female,24 hr,40,É M,Middle,003016014025,5080092
5080,10,1,indomethacin,Human,Female,2 hr,200,É M,High,003016014010,5080101
5080,10,2,indomethacin,Human,Female,2 hr,200,É M,High,003016014011,5080102
5080,11,1,indomethacin,Human,Female,8 hr,200,É M,High,003016014018,5080111
5080,11,2,indomethacin,Human,Female,8 hr,200,É M,High,003016014019,5080112
5080,12,1,indomethacin,Human,Female,24 hr,200,É M,High,003016014026,5080121
5080,12,2,indomethacin,Human,Female,24 hr,200,É M,High,003016014027,5080122
5081,01,1,chlorpromazine,Human,Female,2 hr,0,É M,Control,003016014028,5081011
5081,01,2,chlorpromazine,Human,Female,2 hr,0,É M,Control,003016014029,5081012
5081,02,1,chlorpromazine,Human,Female,8 hr,0,É M,Control,003016015006,5081021
5081,02,2,chlorpromazine,Human,Female,8 hr,0,É M,Control,003016015007,5081022
5081,03,1,chlorpromazine,Human,Female,24 hr,0,É M,Control,003016015014,5081031
5081,03,2,chlorpromazine,Human,Female,24 hr,0,É M,Control,003016015015,5081032
5081,04,1,chlorpromazine,Human,Female,2 hr,1,É M,Low,003016014030,5081041
5081,04,2,chlorpromazine,Human,Female,2 hr,1,É M,Low,003016015001,5081042
5081,05,1,chlorpromazine,Human,Female,8 hr,1,É M,Low,003016051026,5081051
5081,05,2,chlorpromazine,Human,Female,8 hr,1,É M,Low,003016048014,5081052
5081,06,1,chlorpromazine,Human,Female,24 hr,1,É M,Low,003016020019,5081061
5081,06,2,chlorpromazine,Human,Female,24 hr,1,É M,Low,003016015017,5081062
5081,07,1,chlorpromazine,Human,Female,2 hr,4,É M,Middle,003016015002,5081071
5081,07,2,chlorpromazine,Human,Female,2 hr,4,É M,Middle,003016015003,5081072
5081,08,1,chlorpromazine,Human,Female,8 hr,4,É M,Middle,003016015010,5081081
5081,08,2,chlorpromazine,Human,Female,8 hr,4,É M,Middle,003016015011,5081082
5081,09,1,chlorpromazine,Human,Female,24 hr,4,É M,Middle,003016015018,5081091
5081,09,2,chlorpromazine,Human,Female,24 hr,4,É M,Middle,003016015019,5081092
5081,10,1,chlorpromazine,Human,Female,2 hr,20,É M,High,003016048013,5081101
5081,10,2,chlorpromazine,Human,Female,2 hr,20,É M,High,003016015005,5081102
5081,11,1,chlorpromazine,Human,Female,8 hr,20,É M,High,003016015012,5081111
5081,11,2,chlorpromazine,Human,Female,8 hr,20,É M,High,003016015013,5081112
5081,12,1,chlorpromazine,Human,Female,24 hr,20,É M,High,003016015020,5081121
5081,12,2,chlorpromazine,Human,Female,24 hr,20,É M,High,003016015021,5081122
5082,01,1,thioacetamide,Human,Female,2 hr,0,É M,Control,003016050006,5082011
5082,01,2,thioacetamide,Human,Female,2 hr,0,É M,Control,003016050007,5082012
5082,02,1,thioacetamide,Human,Female,8 hr,0,É M,Control,003016050014,5082021
5082,02,2,thioacetamide,Human,Female,8 hr,0,É M,Control,003016050015,5082022
5082,03,1,thioacetamide,Human,Female,24 hr,0,É M,Control,003016050022,5082031
5082,03,2,thioacetamide,Human,Female,24 hr,0,É M,Control,003016050023,5082032
5082,04,1,thioacetamide,Human,Female,2 hr,400,É M,Low,003016050008,5082041
5082,04,2,thioacetamide,Human,Female,2 hr,400,É M,Low,003016050009,5082042
5082,05,1,thioacetamide,Human,Female,8 hr,400,É M,Low,003016051027,5082051
5082,05,2,thioacetamide,Human,Female,8 hr,400,É M,Low,003016050017,5082052
5082,06,1,thioacetamide,Human,Female,24 hr,400,É M,Low,003016050024,5082061
5082,06,2,thioacetamide,Human,Female,24 hr,400,É M,Low,003016050025,5082062
5082,07,1,thioacetamide,Human,Female,2 hr,2000,É M,Middle,003016050010,5082071
5082,07,2,thioacetamide,Human,Female,2 hr,2000,É M,Middle,003016050011,5082072
5082,08,1,thioacetamide,Human,Female,8 hr,2000,É M,Middle,003016050018,5082081
5082,08,2,thioacetamide,Human,Female,8 hr,2000,É M,Middle,003016050019,5082082
5082,09,1,thioacetamide,Human,Female,24 hr,2000,É M,Middle,003016050026,5082091
5082,09,2,thioacetamide,Human,Female,24 hr,2000,É M,Middle,003016050027,5082092
5082,10,1,thioacetamide,Human,Female,2 hr,10000,É M,High,003016050012,5082101
5082,10,2,thioacetamide,Human,Female,2 hr,10000,É M,High,003016050013,5082102
5082,11,1,thioacetamide,Human,Female,8 hr,10000,É M,High,003016050020,5082111
5082,11,2,thioacetamide,Human,Female,8 hr,10000,É M,High,003016050021,5082112
5082,12,1,thioacetamide,Human,Female,24 hr,10000,É M,High,003016050028,5082121
5082,12,2,thioacetamide,Human,Female,24 hr,10000,É M,High,003016050029,5082122
5083,01,1,carbamazepine,Human,Female,2 hr,0,É M,Control,003016021013,5083011
5083,01,2,carbamazepine,Human,Female,2 hr,0,É M,Control,003016021014,5083012
5083,02,1,carbamazepine,Human,Female,8 hr,0,É M,Control,003016021021,5083021
5083,02,2,carbamazepine,Human,Female,8 hr,0,É M,Control,003016021022,5083022
5083,03,1,carbamazepine,Human,Female,24 hr,0,É M,Control,003016021029,5083031
5083,03,2,carbamazepine,Human,Female,24 hr,0,É M,Control,003016021030,5083032
5083,04,1,carbamazepine,Human,Female,2 hr,12,É M,Low,003016021015,5083041
5083,04,2,carbamazepine,Human,Female,2 hr,12,É M,Low,003016021016,5083042
5083,05,1,carbamazepine,Human,Female,8 hr,12,É M,Low,003016021023,5083051
5083,05,2,carbamazepine,Human,Female,8 hr,12,É M,Low,003016021024,5083052
5083,06,1,carbamazepine,Human,Female,24 hr,12,É M,Low,003016022001,5083061
5083,06,2,carbamazepine,Human,Female,24 hr,12,É M,Low,003016022002,5083062
5083,07,1,carbamazepine,Human,Female,2 hr,60,É M,Middle,003016021017,5083071
5083,07,2,carbamazepine,Human,Female,2 hr,60,É M,Middle,003016021018,5083072
5083,08,1,carbamazepine,Human,Female,8 hr,60,É M,Middle,003016021025,5083081
5083,08,2,carbamazepine,Human,Female,8 hr,60,É M,Middle,003016021026,5083082
5083,09,1,carbamazepine,Human,Female,24 hr,60,É M,Middle,003016022003,5083091
5083,09,2,carbamazepine,Human,Female,24 hr,60,É M,Middle,003016022004,5083092
5083,10,1,carbamazepine,Human,Female,2 hr,300,É M,High,003016021019,5083101
5083,10,2,carbamazepine,Human,Female,2 hr,300,É M,High,003016021020,5083102
5083,11,1,carbamazepine,Human,Female,8 hr,300,É M,High,003016021027,5083111
5083,11,2,carbamazepine,Human,Female,8 hr,300,É M,High,003016021028,5083112
5083,12,1,carbamazepine,Human,Female,24 hr,300,É M,High,003016022005,5083121
5083,12,2,carbamazepine,Human,Female,24 hr,300,É M,High,003016022006,5083122
5084,01,1,diclofenac,Human,Female,2 hr,0,É M,Control,003016038015,5084011
5084,01,2,diclofenac,Human,Female,2 hr,0,É M,Control,003016038016,5084012
5084,02,1,diclofenac,Human,Female,8 hr,0,É M,Control,003016038023,5084021
5084,02,2,diclofenac,Human,Female,8 hr,0,É M,Control,003016038024,5084022
5084,03,1,diclofenac,Human,Female,24 hr,0,É M,Control,003016039001,5084031
5084,03,2,diclofenac,Human,Female,24 hr,0,É M,Control,003016039002,5084032
5084,04,1,diclofenac,Human,Female,2 hr,16,É M,Low,003016038017,5084041
5084,04,2,diclofenac,Human,Female,2 hr,16,É M,Low,003016038018,5084042
5084,05,1,diclofenac,Human,Female,8 hr,16,É M,Low,003016038025,5084051
5084,05,2,diclofenac,Human,Female,8 hr,16,É M,Low,003016038026,5084052
5084,06,1,diclofenac,Human,Female,24 hr,16,É M,Low,003016039003,5084061
5084,06,2,diclofenac,Human,Female,24 hr,16,É M,Low,003016039004,5084062
5084,07,1,diclofenac,Human,Female,2 hr,80,É M,Middle,003016038019,5084071
5084,07,2,diclofenac,Human,Female,2 hr,80,É M,Middle,003016038020,5084072
5084,08,1,diclofenac,Human,Female,8 hr,80,É M,Middle,003016038027,5084081
5084,08,2,diclofenac,Human,Female,8 hr,80,É M,Middle,003016038028,5084082
5084,09,1,diclofenac,Human,Female,24 hr,80,É M,Middle,003016039005,5084091
5084,09,2,diclofenac,Human,Female,24 hr,80,É M,Middle,003016039006,5084092
5084,10,1,diclofenac,Human,Female,2 hr,400,É M,High,003016038021,5084101
5084,10,2,diclofenac,Human,Female,2 hr,400,É M,High,003016038022,5084102
5084,11,1,diclofenac,Human,Female,8 hr,400,É M,High,003016038029,5084111
5084,11,2,diclofenac,Human,Female,8 hr,400,É M,High,003016038030,5084112
5084,12,1,diclofenac,Human,Female,24 hr,400,É M,High,003016039007,5084121
5084,12,2,diclofenac,Human,Female,24 hr,400,É M,High,003016039008,5084122
5085,01,1,nitrofurantoin,Human,Female,2 hr,0,É M,Control,003016030013,5085011
5085,01,2,nitrofurantoin,Human,Female,2 hr,0,É M,Control,003016030014,5085012
5085,02,1,nitrofurantoin,Human,Female,8 hr,0,É M,Control,003016030021,5085021
5085,02,2,nitrofurantoin,Human,Female,8 hr,0,É M,Control,003016030022,5085022
5085,03,1,nitrofurantoin,Human,Female,24 hr,0,É M,Control,003016030029,5085031
5085,03,2,nitrofurantoin,Human,Female,24 hr,0,É M,Control,003016030030,5085032
5085,04,1,nitrofurantoin,Human,Female,2 hr,5,É M,Low,003016030015,5085041
5085,04,2,nitrofurantoin,Human,Female,2 hr,5,É M,Low,003016030016,5085042
5085,05,1,nitrofurantoin,Human,Female,8 hr,5,É M,Low,003016030023,5085051
5085,05,2,nitrofurantoin,Human,Female,8 hr,5,É M,Low,003016030024,5085052
5085,06,1,nitrofurantoin,Human,Female,24 hr,5,É M,Low,003016048009,5085061
5085,06,2,nitrofurantoin,Human,Female,24 hr,5,É M,Low,003016048010,5085062
5085,07,1,nitrofurantoin,Human,Female,2 hr,25,É M,Middle,003016030017,5085071
5085,07,2,nitrofurantoin,Human,Female,2 hr,25,É M,Middle,003016030018,5085072
5085,08,1,nitrofurantoin,Human,Female,8 hr,25,É M,Middle,003016030025,5085081
5085,08,2,nitrofurantoin,Human,Female,8 hr,25,É M,Middle,003016030026,5085082
5085,09,1,nitrofurantoin,Human,Female,24 hr,25,É M,Middle,003016048011,5085091
5085,09,2,nitrofurantoin,Human,Female,24 hr,25,É M,Middle,003016048012,5085092
5085,10,1,nitrofurantoin,Human,Female,2 hr,125,É M,High,003016030019,5085101
5085,10,2,nitrofurantoin,Human,Female,2 hr,125,É M,High,003016030020,5085102
5085,11,1,nitrofurantoin,Human,Female,8 hr,125,É M,High,003016030027,5085111
5085,11,2,nitrofurantoin,Human,Female,8 hr,125,É M,High,003016030028,5085112
5085,12,1,nitrofurantoin,Human,Female,24 hr,125,É M,High,003016031005,5085121
5085,12,2,nitrofurantoin,Human,Female,24 hr,125,É M,High,003016031006,5085122
5086,01,1,benzbromarone,Human,Female,2 hr,0,É M,Control,003016029016,5086011
5086,01,2,benzbromarone,Human,Female,2 hr,0,É M,Control,003016029017,5086012
5086,02,1,benzbromarone,Human,Female,8 hr,0,É M,Control,003016029024,5086021
5086,02,2,benzbromarone,Human,Female,8 hr,0,É M,Control,003016029025,5086022
5086,03,1,benzbromarone,Human,Female,24 hr,0,É M,Control,003016030002,5086031
5086,03,2,benzbromarone,Human,Female,24 hr,0,É M,Control,003016030003,5086032
5086,04,1,benzbromarone,Human,Female,2 hr,4,É M,Low,003016029018,5086041
5086,04,2,benzbromarone,Human,Female,2 hr,4,É M,Low,003016029019,5086042
5086,05,1,benzbromarone,Human,Female,8 hr,4,É M,Low,003016029026,5086051
5086,05,2,benzbromarone,Human,Female,8 hr,4,É M,Low,003016029027,5086052
5086,06,1,benzbromarone,Human,Female,24 hr,4,É M,Low,003016030004,5086061
5086,06,2,benzbromarone,Human,Female,24 hr,4,É M,Low,003016030005,5086062
5086,07,1,benzbromarone,Human,Female,2 hr,20,É M,Middle,003016029020,5086071
5086,07,2,benzbromarone,Human,Female,2 hr,20,É M,Middle,003016029021,5086072
5086,08,1,benzbromarone,Human,Female,8 hr,20,É M,Middle,003016029028,5086081
5086,08,2,benzbromarone,Human,Female,8 hr,20,É M,Middle,003016029029,5086082
5086,09,1,benzbromarone,Human,Female,24 hr,20,É M,Middle,003016030006,5086091
5086,09,2,benzbromarone,Human,Female,24 hr,20,É M,Middle,003016030007,5086092
5086,10,1,benzbromarone,Human,Female,2 hr,100,É M,High,003016029022,5086101
5086,10,2,benzbromarone,Human,Female,2 hr,100,É M,High,003016029023,5086102
5086,11,1,benzbromarone,Human,Female,8 hr,100,É M,High,003016029030,5086111
5086,11,2,benzbromarone,Human,Female,8 hr,100,É M,High,003016030001,5086112
5086,12,1,benzbromarone,Human,Female,24 hr,100,É M,High,003016030008,5086121
5086,12,2,benzbromarone,Human,Female,24 hr,100,É M,High,003016030009,5086122
5087,01,1,hexachlorobenzene,Human,Female,2 hr,0,É M,Control,003016026030,5087011
5087,01,2,hexachlorobenzene,Human,Female,2 hr,0,É M,Control,003016027001,5087012
5087,02,1,hexachlorobenzene,Human,Female,8 hr,0,É M,Control,003016027008,5087021
5087,02,2,hexachlorobenzene,Human,Female,8 hr,0,É M,Control,003016027009,5087022
5087,03,1,hexachlorobenzene,Human,Female,24 hr,0,É M,Control,003016027016,5087031
5087,03,2,hexachlorobenzene,Human,Female,24 hr,0,É M,Control,003016027017,5087032
5087,04,1,hexachlorobenzene,Human,Female,2 hr,1,É M,Low,003016027002,5087041
5087,04,2,hexachlorobenzene,Human,Female,2 hr,1,É M,Low,003016027003,5087042
5087,05,1,hexachlorobenzene,Human,Female,8 hr,1,É M,Low,003016027010,5087051
5087,05,2,hexachlorobenzene,Human,Female,8 hr,1,É M,Low,003016027011,5087052
5087,06,1,hexachlorobenzene,Human,Female,24 hr,1,É M,Low,003016027018,5087061
5087,06,2,hexachlorobenzene,Human,Female,24 hr,1,É M,Low,003016027019,5087062
5087,07,1,hexachlorobenzene,Human,Female,2 hr,6,É M,Middle,003016027004,5087071
5087,07,2,hexachlorobenzene,Human,Female,2 hr,6,É M,Middle,003016027005,5087072
5087,08,1,hexachlorobenzene,Human,Female,8 hr,6,É M,Middle,003016027012,5087081
5087,08,2,hexachlorobenzene,Human,Female,8 hr,6,É M,Middle,003016027013,5087082
5087,09,1,hexachlorobenzene,Human,Female,24 hr,6,É M,Middle,003016027020,5087091
5087,09,2,hexachlorobenzene,Human,Female,24 hr,6,É M,Middle,003016027021,5087092
5087,10,1,hexachlorobenzene,Human,Female,2 hr,30,É M,High,003016027006,5087101
5087,10,2,hexachlorobenzene,Human,Female,2 hr,30,É M,High,003016027007,5087102
5087,11,1,hexachlorobenzene,Human,Female,8 hr,30,É M,High,003016027014,5087111
5087,11,2,hexachlorobenzene,Human,Female,8 hr,30,É M,High,003016027015,5087112
5087,12,1,hexachlorobenzene,Human,Female,24 hr,30,É M,High,003016027022,5087121
5087,12,2,hexachlorobenzene,Human,Female,24 hr,30,É M,High,003016027023,5087122
5088,01,1,diazepam,Human,Female,2 hr,0,É M,Control,003016031007,5088011
5088,01,2,diazepam,Human,Female,2 hr,0,É M,Control,003016031008,5088012
5088,02,1,diazepam,Human,Female,8 hr,0,É M,Control,003016031015,5088021
5088,02,2,diazepam,Human,Female,8 hr,0,É M,Control,003016031016,5088022
5088,03,1,diazepam,Human,Female,24 hr,0,É M,Control,003016031023,5088031
5088,03,2,diazepam,Human,Female,24 hr,0,É M,Control,003016031024,5088032
5088,04,1,diazepam,Human,Female,2 hr,10,É M,Low,003016031009,5088041
5088,04,2,diazepam,Human,Female,2 hr,10,É M,Low,003016031010,5088042
5088,05,1,diazepam,Human,Female,8 hr,10,É M,Low,003016031017,5088051
5088,05,2,diazepam,Human,Female,8 hr,10,É M,Low,003016031018,5088052
5088,06,1,diazepam,Human,Female,24 hr,10,É M,Low,003016031025,5088061
5088,06,2,diazepam,Human,Female,24 hr,10,É M,Low,003016031026,5088062
5088,07,1,diazepam,Human,Female,2 hr,50,É M,Middle,003016031011,5088071
5088,07,2,diazepam,Human,Female,2 hr,50,É M,Middle,003016031012,5088072
5088,08,1,diazepam,Human,Female,8 hr,50,É M,Middle,003016031019,5088081
5088,08,2,diazepam,Human,Female,8 hr,50,É M,Middle,003016031020,5088082
5088,09,1,diazepam,Human,Female,24 hr,50,É M,Middle,003016031027,5088091
5088,09,2,diazepam,Human,Female,24 hr,50,É M,Middle,003016031028,5088092
5088,10,1,diazepam,Human,Female,2 hr,250,É M,High,003016031013,5088101
5088,10,2,diazepam,Human,Female,2 hr,250,É M,High,003016031014,5088102
5088,11,1,diazepam,Human,Female,8 hr,250,É M,High,003016041027,5088111
5088,11,2,diazepam,Human,Female,8 hr,250,É M,High,003016031022,5088112
5088,12,1,diazepam,Human,Female,24 hr,250,É M,High,003016031029,5088121
5088,12,2,diazepam,Human,Female,24 hr,250,É M,High,003016031030,5088122
5089,01,1,cyclophosphamide,Human,Female,2 hr,0,É M,Control,003016035006,5089011
5089,01,2,cyclophosphamide,Human,Female,2 hr,0,É M,Control,003016035007,5089012
5089,02,1,cyclophosphamide,Human,Female,8 hr,0,É M,Control,003016035014,5089021
5089,02,2,cyclophosphamide,Human,Female,8 hr,0,É M,Control,003016035015,5089022
5089,03,1,cyclophosphamide,Human,Female,24 hr,0,É M,Control,003016035022,5089031
5089,03,2,cyclophosphamide,Human,Female,24 hr,0,É M,Control,003016035023,5089032
5089,04,1,cyclophosphamide,Human,Female,2 hr,80,É M,Low,003016035008,5089041
5089,04,2,cyclophosphamide,Human,Female,2 hr,80,É M,Low,003016035009,5089042
5089,05,1,cyclophosphamide,Human,Female,8 hr,80,É M,Low,003016035016,5089051
5089,05,2,cyclophosphamide,Human,Female,8 hr,80,É M,Low,003016035017,5089052
5089,06,1,cyclophosphamide,Human,Female,24 hr,80,É M,Low,003016035024,5089061
5089,06,2,cyclophosphamide,Human,Female,24 hr,80,É M,Low,003016035025,5089062
5089,07,1,cyclophosphamide,Human,Female,2 hr,400,É M,Middle,003016035010,5089071
5089,07,2,cyclophosphamide,Human,Female,2 hr,400,É M,Middle,003016035011,5089072
5089,08,1,cyclophosphamide,Human,Female,8 hr,400,É M,Middle,003016035018,5089081
5089,08,2,cyclophosphamide,Human,Female,8 hr,400,É M,Middle,003016035019,5089082
5089,09,1,cyclophosphamide,Human,Female,24 hr,400,É M,Middle,003016035026,5089091
5089,09,2,cyclophosphamide,Human,Female,24 hr,400,É M,Middle,003016035027,5089092
5089,10,1,cyclophosphamide,Human,Female,2 hr,2000,É M,High,003016035012,5089101
5089,10,2,cyclophosphamide,Human,Female,2 hr,2000,É M,High,003016035013,5089102
5089,11,1,cyclophosphamide,Human,Female,8 hr,2000,É M,High,003016035020,5089111
5089,11,2,cyclophosphamide,Human,Female,8 hr,2000,É M,High,003016035021,5089112
5089,12,1,cyclophosphamide,Human,Female,24 hr,2000,É M,High,003016035028,5089121
5089,12,2,cyclophosphamide,Human,Female,24 hr,2000,É M,High,003016035029,5089122
5090,01,1,methapyrilene,Human,Female,2 hr,0,É M,Control,003016041023,5090011
5090,01,2,methapyrilene,Human,Female,2 hr,0,É M,Control,003016019023,5090012
5090,02,1,methapyrilene,Human,Female,8 hr,0,É M,Control,003016019030,5090021
5090,02,2,methapyrilene,Human,Female,8 hr,0,É M,Control,003016020001,5090022
5090,03,1,methapyrilene,Human,Female,24 hr,0,É M,Control,003016020008,5090031
5090,03,2,methapyrilene,Human,Female,24 hr,0,É M,Control,003016020009,5090032
5090,04,1,methapyrilene,Human,Female,2 hr,24,É M,Low,003016019024,5090041
5090,04,2,methapyrilene,Human,Female,2 hr,24,É M,Low,003016019025,5090042
5090,05,1,methapyrilene,Human,Female,8 hr,24,É M,Low,003016020002,5090051
5090,05,2,methapyrilene,Human,Female,8 hr,24,É M,Low,003016020003,5090052
5090,06,1,methapyrilene,Human,Female,24 hr,24,É M,Low,003016020010,5090061
5090,06,2,methapyrilene,Human,Female,24 hr,24,É M,Low,003016020011,5090062
5090,07,1,methapyrilene,Human,Female,2 hr,120,É M,Middle,003016019026,5090071
5090,07,2,methapyrilene,Human,Female,2 hr,120,É M,Middle,003016019027,5090072
5090,08,1,methapyrilene,Human,Female,8 hr,120,É M,Middle,003016020004,5090081
5090,08,2,methapyrilene,Human,Female,8 hr,120,É M,Middle,003016020005,5090082
5090,09,1,methapyrilene,Human,Female,24 hr,120,É M,Middle,003016020012,5090091
5090,09,2,methapyrilene,Human,Female,24 hr,120,É M,Middle,003016020013,5090092
5090,10,1,methapyrilene,Human,Female,2 hr,600,É M,High,003016019028,5090101
5090,10,2,methapyrilene,Human,Female,2 hr,600,É M,High,003016019029,5090102
5090,11,1,methapyrilene,Human,Female,8 hr,600,É M,High,003016020006,5090111
5090,11,2,methapyrilene,Human,Female,8 hr,600,É M,High,003016020007,5090112
5090,12,1,methapyrilene,Human,Female,24 hr,600,É M,High,003016020014,5090121
5090,12,2,methapyrilene,Human,Female,24 hr,600,É M,High,003016020015,5090122
5091,01,1,phenytoin,Human,Female,2 hr,0,É M,Control,003016045027,5091011
5091,01,2,phenytoin,Human,Female,2 hr,0,É M,Control,003016045028,5091012
5091,02,1,phenytoin,Human,Female,8 hr,0,É M,Control,003016046005,5091021
5091,02,2,phenytoin,Human,Female,8 hr,0,É M,Control,003016046006,5091022
5091,03,1,phenytoin,Human,Female,24 hr,0,É M,Control,003016046013,5091031
5091,03,2,phenytoin,Human,Female,24 hr,0,É M,Control,003016046014,5091032
5091,04,1,phenytoin,Human,Female,2 hr,2,É M,Low,003016045029,5091041
5091,04,2,phenytoin,Human,Female,2 hr,2,É M,Low,003016045030,5091042
5091,05,1,phenytoin,Human,Female,8 hr,2,É M,Low,003016046007,5091051
5091,05,2,phenytoin,Human,Female,8 hr,2,É M,Low,003016046008,5091052
5091,06,1,phenytoin,Human,Female,24 hr,2,É M,Low,003016046015,5091061
5091,06,2,phenytoin,Human,Female,24 hr,2,É M,Low,003016046016,5091062
5091,07,1,phenytoin,Human,Female,2 hr,12,É M,Middle,003016046001,5091071
5091,07,2,phenytoin,Human,Female,2 hr,12,É M,Middle,003016046002,5091072
5091,08,1,phenytoin,Human,Female,8 hr,12,É M,Middle,003016046009,5091081
5091,08,2,phenytoin,Human,Female,8 hr,12,É M,Middle,003016046010,5091082
5091,09,1,phenytoin,Human,Female,24 hr,12,É M,Middle,003016046017,5091091
5091,09,2,phenytoin,Human,Female,24 hr,12,É M,Middle,003016046018,5091092
5091,10,1,phenytoin,Human,Female,2 hr,60,É M,High,003016046003,5091101
5091,10,2,phenytoin,Human,Female,2 hr,60,É M,High,003016046004,5091102
5091,11,1,phenytoin,Human,Female,8 hr,60,É M,High,003016046011,5091111
5091,11,2,phenytoin,Human,Female,8 hr,60,É M,High,003016046012,5091112
5091,12,1,phenytoin,Human,Female,24 hr,60,É M,High,003016046019,5091121
5091,12,2,phenytoin,Human,Female,24 hr,60,É M,High,003016046020,5091122
5092,01,1,coumarin,Human,Female,2 hr,0,É M,Control,003016040003,5092011
5092,01,2,coumarin,Human,Female,2 hr,0,É M,Control,003016040004,5092012
5092,02,1,coumarin,Human,Female,8 hr,0,É M,Control,003016040011,5092021
5092,02,2,coumarin,Human,Female,8 hr,0,É M,Control,003016040012,5092022
5092,03,1,coumarin,Human,Female,24 hr,0,É M,Control,003016040019,5092031
5092,03,2,coumarin,Human,Female,24 hr,0,É M,Control,003016040020,5092032
5092,04,1,coumarin,Human,Female,2 hr,12,É M,Low,003016040005,5092041
5092,04,2,coumarin,Human,Female,2 hr,12,É M,Low,003016040006,5092042
5092,05,1,coumarin,Human,Female,8 hr,12,É M,Low,003016040013,5092051
5092,05,2,coumarin,Human,Female,8 hr,12,É M,Low,003016040014,5092052
5092,06,1,coumarin,Human,Female,24 hr,12,É M,Low,003016040021,5092061
5092,06,2,coumarin,Human,Female,24 hr,12,É M,Low,003016040022,5092062
5092,07,1,coumarin,Human,Female,2 hr,60,É M,Middle,003016040007,5092071
5092,07,2,coumarin,Human,Female,2 hr,60,É M,Middle,003016040008,5092072
5092,08,1,coumarin,Human,Female,8 hr,60,É M,Middle,003016040015,5092081
5092,08,2,coumarin,Human,Female,8 hr,60,É M,Middle,003016040016,5092082
5092,09,1,coumarin,Human,Female,24 hr,60,É M,Middle,003016040023,5092091
5092,09,2,coumarin,Human,Female,24 hr,60,É M,Middle,003016040024,5092092
5092,10,1,coumarin,Human,Female,2 hr,300,É M,High,003016040009,5092101
5092,10,2,coumarin,Human,Female,2 hr,300,É M,High,003016040010,5092102
5092,11,1,coumarin,Human,Female,8 hr,300,É M,High,003016040017,5092111
5092,11,2,coumarin,Human,Female,8 hr,300,É M,High,003016040018,5092112
5092,12,1,coumarin,Human,Female,24 hr,300,É M,High,003016040025,5092121
5092,12,2,coumarin,Human,Female,24 hr,300,É M,High,003016040026,5092122
5093,01,1,allopurinol,Human,Female,2 hr,0,É M,Control,003016028022,5093011
5093,01,2,allopurinol,Human,Female,2 hr,0,É M,Control,003016028023,5093012
5093,02,1,allopurinol,Human,Female,8 hr,0,É M,Control,003016028030,5093021
5093,02,2,allopurinol,Human,Female,8 hr,0,É M,Control,003016029001,5093022
5093,03,1,allopurinol,Human,Female,24 hr,0,É M,Control,003016029008,5093031
5093,03,2,allopurinol,Human,Female,24 hr,0,É M,Control,003016029009,5093032
5093,04,1,allopurinol,Human,Female,2 hr,6,É M,Low,003016028024,5093041
5093,04,2,allopurinol,Human,Female,2 hr,6,É M,Low,003016028025,5093042
5093,05,1,allopurinol,Human,Female,8 hr,6,É M,Low,003016029002,5093051
5093,05,2,allopurinol,Human,Female,8 hr,6,É M,Low,003016029003,5093052
5093,06,1,allopurinol,Human,Female,24 hr,6,É M,Low,003016029010,5093061
5093,06,2,allopurinol,Human,Female,24 hr,6,É M,Low,003016029011,5093062
5093,07,1,allopurinol,Human,Female,2 hr,28,É M,Middle,003016028026,5093071
5093,07,2,allopurinol,Human,Female,2 hr,28,É M,Middle,003016028027,5093072
5093,08,1,allopurinol,Human,Female,8 hr,28,É M,Middle,003016029004,5093081
5093,08,2,allopurinol,Human,Female,8 hr,28,É M,Middle,003016029005,5093082
5093,09,1,allopurinol,Human,Female,24 hr,28,É M,Middle,003016029012,5093091
5093,09,2,allopurinol,Human,Female,24 hr,28,É M,Middle,003016029013,5093092
5093,10,1,allopurinol,Human,Female,2 hr,140,É M,High,003016028028,5093101
5093,10,2,allopurinol,Human,Female,2 hr,140,É M,High,003016028029,5093102
5093,11,1,allopurinol,Human,Female,8 hr,140,É M,High,003016029006,5093111
5093,11,2,allopurinol,Human,Female,8 hr,140,É M,High,003016029007,5093112
5093,12,1,allopurinol,Human,Female,24 hr,140,É M,High,003016029014,5093121
5093,12,2,allopurinol,Human,Female,24 hr,140,É M,High,003016029015,5093122
5094,01,1,propylthiouracil,Human,Female,2 hr,0,É M,Control,003016039009,5094011
5094,01,2,propylthiouracil,Human,Female,2 hr,0,É M,Control,003016039010,5094012
5094,02,1,propylthiouracil,Human,Female,8 hr,0,É M,Control,003016039017,5094021
5094,02,2,propylthiouracil,Human,Female,8 hr,0,É M,Control,003016039018,5094022
5094,03,1,propylthiouracil,Human,Female,24 hr,0,É M,Control,003016039025,5094031
5094,03,2,propylthiouracil,Human,Female,24 hr,0,É M,Control,003016039026,5094032
5094,04,1,propylthiouracil,Human,Female,2 hr,160,É M,Low,003016039011,5094041
5094,04,2,propylthiouracil,Human,Female,2 hr,160,É M,Low,003016039012,5094042
5094,05,1,propylthiouracil,Human,Female,8 hr,160,É M,Low,003016039019,5094051
5094,05,2,propylthiouracil,Human,Female,8 hr,160,É M,Low,003016039020,5094052
5094,06,1,propylthiouracil,Human,Female,24 hr,160,É M,Low,003016039027,5094061
5094,06,2,propylthiouracil,Human,Female,24 hr,160,É M,Low,003016039028,5094062
5094,07,1,propylthiouracil,Human,Female,2 hr,800,É M,Middle,003016039013,5094071
5094,07,2,propylthiouracil,Human,Female,2 hr,800,É M,Middle,003016039014,5094072
5094,08,1,propylthiouracil,Human,Female,8 hr,800,É M,Middle,003016039021,5094081
5094,08,2,propylthiouracil,Human,Female,8 hr,800,É M,Middle,003016039022,5094082
5094,09,1,propylthiouracil,Human,Female,24 hr,800,É M,Middle,003016039029,5094091
5094,09,2,propylthiouracil,Human,Female,24 hr,800,É M,Middle,003016039030,5094092
5094,10,1,propylthiouracil,Human,Female,2 hr,4000,É M,High,003016039015,5094101
5094,10,2,propylthiouracil,Human,Female,2 hr,4000,É M,High,003016039016,5094102
5094,11,1,propylthiouracil,Human,Female,8 hr,4000,É M,High,003016039023,5094111
5094,11,2,propylthiouracil,Human,Female,8 hr,4000,É M,High,003016039024,5094112
5094,12,1,propylthiouracil,Human,Female,24 hr,4000,É M,High,003016040001,5094121
5094,12,2,propylthiouracil,Human,Female,24 hr,4000,É M,High,003016040002,5094122
5095,01,1,WY-14643,Human,Female,2 hr,0,É M,Control,003016023025,5095011
5095,01,2,WY-14643,Human,Female,2 hr,0,É M,Control,003016023026,5095012
5095,02,1,WY-14643,Human,Female,8 hr,0,É M,Control,003016024003,5095021
5095,02,2,WY-14643,Human,Female,8 hr,0,É M,Control,003016024004,5095022
5095,03,1,WY-14643,Human,Female,24 hr,0,É M,Control,003016024011,5095031
5095,03,2,WY-14643,Human,Female,24 hr,0,É M,Control,003016024012,5095032
5095,04,1,WY-14643,Human,Female,2 hr,6,É M,Low,003016023027,5095041
5095,04,2,WY-14643,Human,Female,2 hr,6,É M,Low,003016023028,5095042
5095,05,1,WY-14643,Human,Female,8 hr,6,É M,Low,003016024005,5095051
5095,05,2,WY-14643,Human,Female,8 hr,6,É M,Low,003016024006,5095052
5095,06,1,WY-14643,Human,Female,24 hr,6,É M,Low,003016024013,5095061
5095,06,2,WY-14643,Human,Female,24 hr,6,É M,Low,003016024014,5095062
5095,07,1,WY-14643,Human,Female,2 hr,30,É M,Middle,003016023029,5095071
5095,07,2,WY-14643,Human,Female,2 hr,30,É M,Middle,003016023030,5095072
5095,08,1,WY-14643,Human,Female,8 hr,30,É M,Middle,003016024007,5095081
5095,08,2,WY-14643,Human,Female,8 hr,30,É M,Middle,003016024008,5095082
5095,09,1,WY-14643,Human,Female,24 hr,30,É M,Middle,003016024015,5095091
5095,09,2,WY-14643,Human,Female,24 hr,30,É M,Middle,003016024016,5095092
5095,10,1,WY-14643,Human,Female,2 hr,150,É M,High,003016024001,5095101
5095,10,2,WY-14643,Human,Female,2 hr,150,É M,High,003016048017,5095102
5095,11,1,WY-14643,Human,Female,8 hr,150,É M,High,003016024009,5095111
5095,11,2,WY-14643,Human,Female,8 hr,150,É M,High,003016024010,5095112
5095,12,1,WY-14643,Human,Female,24 hr,150,É M,High,003016024017,5095121
5095,12,2,WY-14643,Human,Female,24 hr,150,É M,High,003016024018,5095122
5096,01,1,gemfibrozil,Human,Female,2 hr,0,É M,Control,003016025013,5096011
5096,01,2,gemfibrozil,Human,Female,2 hr,0,É M,Control,003016025014,5096012
5096,02,1,gemfibrozil,Human,Female,8 hr,0,É M,Control,003016025021,5096021
5096,02,2,gemfibrozil,Human,Female,8 hr,0,É M,Control,003016025022,5096022
5096,03,1,gemfibrozil,Human,Female,24 hr,0,É M,Control,003016025029,5096031
5096,03,2,gemfibrozil,Human,Female,24 hr,0,É M,Control,003016030011,5096032
5096,04,1,gemfibrozil,Human,Female,2 hr,4,É M,Low,003016025015,5096041
5096,04,2,gemfibrozil,Human,Female,2 hr,4,É M,Low,003016025016,5096042
5096,05,1,gemfibrozil,Human,Female,8 hr,4,É M,Low,003016025023,5096051
5096,05,2,gemfibrozil,Human,Female,8 hr,4,É M,Low,003016025024,5096052
5096,06,1,gemfibrozil,Human,Female,24 hr,4,É M,Low,003016025030,5096061
5096,06,2,gemfibrozil,Human,Female,24 hr,4,É M,Low,003016026001,5096062
5096,07,1,gemfibrozil,Human,Female,2 hr,20,É M,Middle,003016025017,5096071
5096,07,2,gemfibrozil,Human,Female,2 hr,20,É M,Middle,003016025018,5096072
5096,08,1,gemfibrozil,Human,Female,8 hr,20,É M,Middle,003016025025,5096081
5096,08,2,gemfibrozil,Human,Female,8 hr,20,É M,Middle,003016025026,5096082
5096,09,1,gemfibrozil,Human,Female,24 hr,20,É M,Middle,003016026002,5096091
5096,09,2,gemfibrozil,Human,Female,24 hr,20,É M,Middle,003016026003,5096092
5096,10,1,gemfibrozil,Human,Female,2 hr,100,É M,High,003016025019,5096101
5096,10,2,gemfibrozil,Human,Female,2 hr,100,É M,High,003016025020,5096102
5096,11,1,gemfibrozil,Human,Female,8 hr,100,É M,High,003016025027,5096111
5096,11,2,gemfibrozil,Human,Female,8 hr,100,É M,High,003016025028,5096112
5096,12,1,gemfibrozil,Human,Female,24 hr,100,É M,High,003016026004,5096121
5096,12,2,gemfibrozil,Human,Female,24 hr,100,É M,High,003016026005,5096122
5097,01,1,bromobenzene,Human,Female,2 hr,0,É M,Control,003016034012,5097011
5097,01,2,bromobenzene,Human,Female,2 hr,0,É M,Control,003016034013,5097012
5097,02,1,bromobenzene,Human,Female,8 hr,0,É M,Control,003016034020,5097021
5097,02,2,bromobenzene,Human,Female,8 hr,0,É M,Control,003016034021,5097022
5097,03,1,bromobenzene,Human,Female,24 hr,0,É M,Control,003016034028,5097031
5097,03,2,bromobenzene,Human,Female,24 hr,0,É M,Control,003016034029,5097032
5097,04,1,bromobenzene,Human,Female,2 hr,8,É M,Low,003016034014,5097041
5097,04,2,bromobenzene,Human,Female,2 hr,8,É M,Low,003016034015,5097042
5097,05,1,bromobenzene,Human,Female,8 hr,8,É M,Low,003016034022,5097051
5097,05,2,bromobenzene,Human,Female,8 hr,8,É M,Low,003016034023,5097052
5097,06,1,bromobenzene,Human,Female,24 hr,8,É M,Low,003016034030,5097061
5097,06,2,bromobenzene,Human,Female,24 hr,8,É M,Low,003016035001,5097062
5097,07,1,bromobenzene,Human,Female,2 hr,40,É M,Middle,003016034016,5097071
5097,07,2,bromobenzene,Human,Female,2 hr,40,É M,Middle,003016034017,5097072
5097,08,1,bromobenzene,Human,Female,8 hr,40,É M,Middle,003016034024,5097081
5097,08,2,bromobenzene,Human,Female,8 hr,40,É M,Middle,003016034025,5097082
5097,09,1,bromobenzene,Human,Female,24 hr,40,É M,Middle,003016035002,5097091
5097,09,2,bromobenzene,Human,Female,24 hr,40,É M,Middle,003016035003,5097092
5097,10,1,bromobenzene,Human,Female,2 hr,200,É M,High,003016034018,5097101
5097,10,2,bromobenzene,Human,Female,2 hr,200,É M,High,003016034019,5097102
5097,11,1,bromobenzene,Human,Female,8 hr,200,É M,High,003016034026,5097111
5097,11,2,bromobenzene,Human,Female,8 hr,200,É M,High,003016034027,5097112
5097,12,1,bromobenzene,Human,Female,24 hr,200,É M,High,003016035004,5097121
5097,12,2,bromobenzene,Human,Female,24 hr,200,É M,High,003016035005,5097122
5098,01,1,amiodarone,Human,Female,2 hr,0,É M,Control,003016027024,5098011
5098,01,2,amiodarone,Human,Female,2 hr,0,É M,Control,003016027025,5098012
5098,02,1,amiodarone,Human,Female,8 hr,0,É M,Control,003016028006,5098021
5098,02,2,amiodarone,Human,Female,8 hr,0,É M,Control,003016028007,5098022
5098,03,1,amiodarone,Human,Female,24 hr,0,É M,Control,003016028014,5098031
5098,03,2,amiodarone,Human,Female,24 hr,0,É M,Control,003016028015,5098032
5098,04,1,amiodarone,Human,Female,2 hr,0,É M,Low,003016027026,5098041
5098,04,2,amiodarone,Human,Female,2 hr,0,É M,Low,003016028001,5098042
5098,05,1,amiodarone,Human,Female,8 hr,0,É M,Low,003016028008,5098051
5098,05,2,amiodarone,Human,Female,8 hr,0,É M,Low,003016028009,5098052
5098,06,1,amiodarone,Human,Female,24 hr,0,É M,Low,003016028016,5098061
5098,06,2,amiodarone,Human,Female,24 hr,0,É M,Low,003016028017,5098062
5098,07,1,amiodarone,Human,Female,2 hr,1,É M,Middle,003016028002,5098071
5098,07,2,amiodarone,Human,Female,2 hr,1,É M,Middle,003016028003,5098072
5098,08,1,amiodarone,Human,Female,8 hr,1,É M,Middle,003016028010,5098081
5098,08,2,amiodarone,Human,Female,8 hr,1,É M,Middle,003016028011,5098082
5098,09,1,amiodarone,Human,Female,24 hr,1,É M,Middle,003016028018,5098091
5098,09,2,amiodarone,Human,Female,24 hr,1,É M,Middle,003016028019,5098092
5098,10,1,amiodarone,Human,Female,2 hr,7,É M,High,003016028004,5098101
5098,10,2,amiodarone,Human,Female,2 hr,7,É M,High,003016028005,5098102
5098,11,1,amiodarone,Human,Female,8 hr,7,É M,High,003016028012,5098111
5098,11,2,amiodarone,Human,Female,8 hr,7,É M,High,003016028013,5098112
5098,12,1,amiodarone,Human,Female,24 hr,7,É M,High,003016028020,5098121
5098,12,2,amiodarone,Human,Female,24 hr,7,É M,High,003016028021,5098122
5099,01,1,sulfasalazine,Human,Female,2 hr,0,É M,Control,003016033018,5099011
5099,01,2,sulfasalazine,Human,Female,2 hr,0,É M,Control,003016033019,5099012
5099,02,1,sulfasalazine,Human,Female,8 hr,0,É M,Control,003016033026,5099021
5099,02,2,sulfasalazine,Human,Female,8 hr,0,É M,Control,003016033027,5099022
5099,03,1,sulfasalazine,Human,Female,24 hr,0,É M,Control,003016034004,5099031
5099,03,2,sulfasalazine,Human,Female,24 hr,0,É M,Control,003016034005,5099032
5099,04,1,sulfasalazine,Human,Female,2 hr,6,É M,Low,003016033020,5099041
5099,04,2,sulfasalazine,Human,Female,2 hr,6,É M,Low,003016033021,5099042
5099,05,1,sulfasalazine,Human,Female,8 hr,6,É M,Low,003016033028,5099051
5099,05,2,sulfasalazine,Human,Female,8 hr,6,É M,Low,003016033029,5099052
5099,06,1,sulfasalazine,Human,Female,24 hr,6,É M,Low,003016034006,5099061
5099,06,2,sulfasalazine,Human,Female,24 hr,6,É M,Low,003016034007,5099062
5099,07,1,sulfasalazine,Human,Female,2 hr,30,É M,Middle,003016033022,5099071
5099,07,2,sulfasalazine,Human,Female,2 hr,30,É M,Middle,003016033023,5099072
5099,08,1,sulfasalazine,Human,Female,8 hr,30,É M,Middle,003016033030,5099081
5099,08,2,sulfasalazine,Human,Female,8 hr,30,É M,Middle,003016034001,5099082
5099,09,1,sulfasalazine,Human,Female,24 hr,30,É M,Middle,003016034008,5099091
5099,09,2,sulfasalazine,Human,Female,24 hr,30,É M,Middle,003016034009,5099092
5099,10,1,sulfasalazine,Human,Female,2 hr,150,É M,High,003016033024,5099101
5099,10,2,sulfasalazine,Human,Female,2 hr,150,É M,High,003016033025,5099102
5099,11,1,sulfasalazine,Human,Female,8 hr,150,É M,High,003016034002,5099111
5099,11,2,sulfasalazine,Human,Female,8 hr,150,É M,High,003016034003,5099112
5099,12,1,sulfasalazine,Human,Female,24 hr,150,É M,High,003016034010,5099121
5099,12,2,sulfasalazine,Human,Female,24 hr,150,É M,High,003016034011,5099122
5100,01,1,cimetidine,Human,Female,2 hr,0,É M,Control,003016022007,5100011
5100,01,2,cimetidine,Human,Female,2 hr,0,É M,Control,003016022008,5100012
5100,02,1,cimetidine,Human,Female,8 hr,0,É M,Control,003016022015,5100021
5100,02,2,cimetidine,Human,Female,8 hr,0,É M,Control,003016022016,5100022
5100,03,1,cimetidine,Human,Female,24 hr,0,É M,Control,003016022023,5100031
5100,03,2,cimetidine,Human,Female,24 hr,0,É M,Control,003016022024,5100032
5100,04,1,cimetidine,Human,Female,2 hr,12,É M,Low,003016030012,5100041
5100,04,2,cimetidine,Human,Female,2 hr,12,É M,Low,003016022010,5100042
5100,05,1,cimetidine,Human,Female,8 hr,12,É M,Low,003016022017,5100051
5100,05,2,cimetidine,Human,Female,8 hr,12,É M,Low,003016022018,5100052
5100,06,1,cimetidine,Human,Female,24 hr,12,É M,Low,003016022025,5100061
5100,06,2,cimetidine,Human,Female,24 hr,12,É M,Low,003016022026,5100062
5100,07,1,cimetidine,Human,Female,2 hr,60,É M,Middle,003016022011,5100071
5100,07,2,cimetidine,Human,Female,2 hr,60,É M,Middle,003016022012,5100072
5100,08,1,cimetidine,Human,Female,8 hr,60,É M,Middle,003016022019,5100081
5100,08,2,cimetidine,Human,Female,8 hr,60,É M,Middle,003016022020,5100082
5100,09,1,cimetidine,Human,Female,24 hr,60,É M,Middle,003016022027,5100091
5100,09,2,cimetidine,Human,Female,24 hr,60,É M,Middle,003016022028,5100092
5100,10,1,cimetidine,Human,Female,2 hr,300,É M,High,003016022013,5100101
5100,10,2,cimetidine,Human,Female,2 hr,300,É M,High,003016022014,5100102
5100,11,1,cimetidine,Human,Female,8 hr,300,É M,High,003016022021,5100111
5100,11,2,cimetidine,Human,Female,8 hr,300,É M,High,003016022022,5100112
5100,12,1,cimetidine,Human,Female,24 hr,300,É M,High,003016022029,5100121
5100,12,2,cimetidine,Human,Female,24 hr,300,É M,High,003016022030,5100122
5101,01,1,haloperidol,Human,Female,2 hr,0,É M,Control,003016040027,5101011
5101,01,2,haloperidol,Human,Female,2 hr,0,É M,Control,003016040028,5101012
5101,02,1,haloperidol,Human,Female,8 hr,0,É M,Control,003016041005,5101021
5101,02,2,haloperidol,Human,Female,8 hr,0,É M,Control,003016041006,5101022
5101,03,1,haloperidol,Human,Female,24 hr,0,É M,Control,003016041013,5101031
5101,03,2,haloperidol,Human,Female,24 hr,0,É M,Control,003016041014,5101032
5101,04,1,haloperidol,Human,Female,2 hr,1,É M,Low,003016040029,5101041
5101,04,2,haloperidol,Human,Female,2 hr,1,É M,Low,003016040030,5101042
5101,05,1,haloperidol,Human,Female,8 hr,1,É M,Low,003016041007,5101051
5101,05,2,haloperidol,Human,Female,8 hr,1,É M,Low,003016041008,5101052
5101,06,1,haloperidol,Human,Female,24 hr,1,É M,Low,003016041015,5101061
5101,06,2,haloperidol,Human,Female,24 hr,1,É M,Low,003016041016,5101062
5101,07,1,haloperidol,Human,Female,2 hr,4,É M,Middle,003016041001,5101071
5101,07,2,haloperidol,Human,Female,2 hr,4,É M,Middle,003016041002,5101072
5101,08,1,haloperidol,Human,Female,8 hr,4,É M,Middle,003016041009,5101081
5101,08,2,haloperidol,Human,Female,8 hr,4,É M,Middle,003016041010,5101082
5101,09,1,haloperidol,Human,Female,24 hr,4,É M,Middle,003016041017,5101091
5101,09,2,haloperidol,Human,Female,24 hr,4,É M,Middle,003016041018,5101092
5101,10,1,haloperidol,Human,Female,2 hr,20,É M,High,003016041003,5101101
5101,10,2,haloperidol,Human,Female,2 hr,20,É M,High,003016041004,5101102
5101,11,1,haloperidol,Human,Female,8 hr,20,É M,High,003016041011,5101111
5101,11,2,haloperidol,Human,Female,8 hr,20,É M,High,003016041012,5101112
5101,12,1,haloperidol,Human,Female,24 hr,20,É M,High,003016041019,5101121
5101,12,2,haloperidol,Human,Female,24 hr,20,É M,High,003016041020,5101122
5102,01,1,fluphenazine,Human,Female,2 hr,0,É M,Control,003016023001,5102011
5102,01,2,fluphenazine,Human,Female,2 hr,0,É M,Control,003016023002,5102012
5102,02,1,fluphenazine,Human,Female,8 hr,0,É M,Control,003016023009,5102021
5102,02,2,fluphenazine,Human,Female,8 hr,0,É M,Control,003016023010,5102022
5102,03,1,fluphenazine,Human,Female,24 hr,0,É M,Control,003016023017,5102031
5102,03,2,fluphenazine,Human,Female,24 hr,0,É M,Control,003016023018,5102032
5102,04,1,fluphenazine,Human,Female,2 hr,1,É M,Low,003016023003,5102041
5102,04,2,fluphenazine,Human,Female,2 hr,1,É M,Low,003016023004,5102042
5102,05,1,fluphenazine,Human,Female,8 hr,1,É M,Low,003016023011,5102051
5102,05,2,fluphenazine,Human,Female,8 hr,1,É M,Low,003016023012,5102052
5102,06,1,fluphenazine,Human,Female,24 hr,1,É M,Low,003016023019,5102061
5102,06,2,fluphenazine,Human,Female,24 hr,1,É M,Low,003016023020,5102062
5102,07,1,fluphenazine,Human,Female,2 hr,4,É M,Middle,003016023005,5102071
5102,07,2,fluphenazine,Human,Female,2 hr,4,É M,Middle,003016023006,5102072
5102,08,1,fluphenazine,Human,Female,8 hr,4,É M,Middle,003016023013,5102081
5102,08,2,fluphenazine,Human,Female,8 hr,4,É M,Middle,003016023014,5102082
5102,09,1,fluphenazine,Human,Female,24 hr,4,É M,Middle,003016023021,5102091
5102,09,2,fluphenazine,Human,Female,24 hr,4,É M,Middle,003016023022,5102092
5102,10,1,fluphenazine,Human,Female,2 hr,20,É M,High,003016023007,5102101
5102,10,2,fluphenazine,Human,Female,2 hr,20,É M,High,003016023008,5102102
5102,11,1,fluphenazine,Human,Female,8 hr,20,É M,High,003016023015,5102111
5102,11,2,fluphenazine,Human,Female,8 hr,20,É M,High,003016023016,5102112
5102,12,1,fluphenazine,Human,Female,24 hr,20,É M,High,003016023023,5102121
5102,12,2,fluphenazine,Human,Female,24 hr,20,É M,High,003016023024,5102122
5103,01,1,thioridazine,Human,Female,2 hr,0,É M,Control,003016047015,5103011
5103,01,2,thioridazine,Human,Female,2 hr,0,É M,Control,003016047016,5103012
5103,02,1,thioridazine,Human,Female,8 hr,0,É M,Control,003016047023,5103021
5103,02,2,thioridazine,Human,Female,8 hr,0,É M,Control,003016047024,5103022
5103,03,1,thioridazine,Human,Female,24 hr,0,É M,Control,003016048001,5103031
5103,03,2,thioridazine,Human,Female,24 hr,0,É M,Control,003016048002,5103032
5103,04,1,thioridazine,Human,Female,2 hr,1,É M,Low,003016047017,5103041
5103,04,2,thioridazine,Human,Female,2 hr,1,É M,Low,003016047018,5103042
5103,05,1,thioridazine,Human,Female,8 hr,1,É M,Low,003016047025,5103051
5103,05,2,thioridazine,Human,Female,8 hr,1,É M,Low,003016047026,5103052
5103,06,1,thioridazine,Human,Female,24 hr,1,É M,Low,003016048003,5103061
5103,06,2,thioridazine,Human,Female,24 hr,1,É M,Low,003016048004,5103062
5103,07,1,thioridazine,Human,Female,2 hr,3,É M,Middle,003016047019,5103071
5103,07,2,thioridazine,Human,Female,2 hr,3,É M,Middle,003016047020,5103072
5103,08,1,thioridazine,Human,Female,8 hr,3,É M,Middle,003016047027,5103081
5103,08,2,thioridazine,Human,Female,8 hr,3,É M,Middle,003016047028,5103082
5103,09,1,thioridazine,Human,Female,24 hr,3,É M,Middle,003016048005,5103091
5103,09,2,thioridazine,Human,Female,24 hr,3,É M,Middle,003016048006,5103092
5103,10,1,thioridazine,Human,Female,2 hr,15,É M,High,003016047021,5103101
5103,10,2,thioridazine,Human,Female,2 hr,15,É M,High,003016047022,5103102
5103,11,1,thioridazine,Human,Female,8 hr,15,É M,High,003016047029,5103111
5103,11,2,thioridazine,Human,Female,8 hr,15,É M,High,003016047030,5103112
5103,12,1,thioridazine,Human,Female,24 hr,15,É M,High,003016048007,5103121
5103,12,2,thioridazine,Human,Female,24 hr,15,É M,High,003016048008,5103122
5104,01,1,adapin,Human,Female,2 hr,0,É M,Control,003016046021,5104011
5104,01,2,adapin,Human,Female,2 hr,0,É M,Control,003016046022,5104012
5104,02,1,adapin,Human,Female,8 hr,0,É M,Control,003016046029,5104021
5104,02,2,adapin,Human,Female,8 hr,0,É M,Control,003016046030,5104022
5104,03,1,adapin,Human,Female,24 hr,0,É M,Control,003016047007,5104031
5104,03,2,adapin,Human,Female,24 hr,0,É M,Control,003016047008,5104032
5104,04,1,adapin,Human,Female,2 hr,3,É M,Low,003016046023,5104041
5104,04,2,adapin,Human,Female,2 hr,3,É M,Low,003016046024,5104042
5104,05,1,adapin,Human,Female,8 hr,3,É M,Low,003016047001,5104051
5104,05,2,adapin,Human,Female,8 hr,3,É M,Low,003016047002,5104052
5104,06,1,adapin,Human,Female,24 hr,3,É M,Low,003016047009,5104061
5104,06,2,adapin,Human,Female,24 hr,3,É M,Low,003016047010,5104062
5104,07,1,adapin,Human,Female,2 hr,15,É M,Middle,003016046025,5104071
5104,07,2,adapin,Human,Female,2 hr,15,É M,Middle,003016046026,5104072
5104,08,1,adapin,Human,Female,8 hr,15,É M,Middle,003016047003,5104081
5104,08,2,adapin,Human,Female,8 hr,15,É M,Middle,003016047004,5104082
5104,09,1,adapin,Human,Female,24 hr,15,É M,Middle,003016047011,5104091
5104,09,2,adapin,Human,Female,24 hr,15,É M,Middle,003016047012,5104092
5104,10,1,adapin,Human,Female,2 hr,75,É M,High,003016046027,5104101
5104,10,2,adapin,Human,Female,2 hr,75,É M,High,003016046028,5104102
5104,11,1,adapin,Human,Female,8 hr,75,É M,High,003016047005,5104111
5104,11,2,adapin,Human,Female,8 hr,75,É M,High,003016047006,5104112
5104,12,1,adapin,Human,Female,24 hr,75,É M,High,003016047013,5104121
5104,12,2,adapin,Human,Female,24 hr,75,É M,High,003016047014,5104122
5105,01,1,labetalol,Human,Female,2 hr,0,É M,Control,003016026006,5105011
5105,01,2,labetalol,Human,Female,2 hr,0,É M,Control,003016026007,5105012
5105,02,1,labetalol,Human,Female,8 hr,0,É M,Control,003016026014,5105021
5105,02,2,labetalol,Human,Female,8 hr,0,É M,Control,003016026015,5105022
5105,03,1,labetalol,Human,Female,24 hr,0,É M,Control,003016026022,5105031
5105,03,2,labetalol,Human,Female,24 hr,0,É M,Control,003016026023,5105032
5105,04,1,labetalol,Human,Female,2 hr,6,É M,Low,003016026008,5105041
5105,04,2,labetalol,Human,Female,2 hr,6,É M,Low,003016026009,5105042
5105,05,1,labetalol,Human,Female,8 hr,6,É M,Low,003016026016,5105051
5105,05,2,labetalol,Human,Female,8 hr,6,É M,Low,003016026017,5105052
5105,06,1,labetalol,Human,Female,24 hr,6,É M,Low,003016026024,5105061
5105,06,2,labetalol,Human,Female,24 hr,6,É M,Low,003016026025,5105062
5105,07,1,labetalol,Human,Female,2 hr,28,É M,Middle,003016026010,5105071
5105,07,2,labetalol,Human,Female,2 hr,28,É M,Middle,003016026011,5105072
5105,08,1,labetalol,Human,Female,8 hr,28,É M,Middle,003016026018,5105081
5105,08,2,labetalol,Human,Female,8 hr,28,É M,Middle,003016026019,5105082
5105,09,1,labetalol,Human,Female,24 hr,28,É M,Middle,003016026026,5105091
5105,09,2,labetalol,Human,Female,24 hr,28,É M,Middle,003016026027,5105092
5105,10,1,labetalol,Human,Female,2 hr,140,É M,High,003016026012,5105101
5105,10,2,labetalol,Human,Female,2 hr,140,É M,High,003016026013,5105102
5105,11,1,labetalol,Human,Female,8 hr,140,É M,High,003016026020,5105111
5105,11,2,labetalol,Human,Female,8 hr,140,É M,High,003016026021,5105112
5105,12,1,labetalol,Human,Female,24 hr,140,É M,High,003016026028,5105121
5105,12,2,labetalol,Human,Female,24 hr,140,É M,High,003016026029,5105122
5106,01,1,methyltestosterone,Human,Female,2 hr,0,É M,Control,003016048018,5106011
5106,01,2,methyltestosterone,Human,Female,2 hr,0,É M,Control,003016048019,5106012
5106,02,1,methyltestosterone,Human,Female,8 hr,0,É M,Control,003016048026,5106021
5106,02,2,methyltestosterone,Human,Female,8 hr,0,É M,Control,003016048027,5106022
5106,03,1,methyltestosterone,Human,Female,24 hr,0,É M,Control,003016049004,5106031
5106,03,2,methyltestosterone,Human,Female,24 hr,0,É M,Control,003016049005,5106032
5106,04,1,methyltestosterone,Human,Female,2 hr,1,É M,Low,003016048020,5106041
5106,04,2,methyltestosterone,Human,Female,2 hr,1,É M,Low,003016048021,5106042
5106,05,1,methyltestosterone,Human,Female,8 hr,1,É M,Low,003016048028,5106051
5106,05,2,methyltestosterone,Human,Female,8 hr,1,É M,Low,003016048029,5106052
5106,06,1,methyltestosterone,Human,Female,24 hr,1,É M,Low,003016049006,5106061
5106,06,2,methyltestosterone,Human,Female,24 hr,1,É M,Low,003016049007,5106062
5106,07,1,methyltestosterone,Human,Female,2 hr,4,É M,Middle,003016048022,5106071
5106,07,2,methyltestosterone,Human,Female,2 hr,4,É M,Middle,003016048023,5106072
5106,08,1,methyltestosterone,Human,Female,8 hr,4,É M,Middle,003016048030,5106081
5106,08,2,methyltestosterone,Human,Female,8 hr,4,É M,Middle,003016049001,5106082
5106,09,1,methyltestosterone,Human,Female,24 hr,4,É M,Middle,003016049008,5106091
5106,09,2,methyltestosterone,Human,Female,24 hr,4,É M,Middle,003016049009,5106092
5106,10,1,methyltestosterone,Human,Female,2 hr,20,É M,High,003016048024,5106101
5106,10,2,methyltestosterone,Human,Female,2 hr,20,É M,High,003016048025,5106102
5106,11,1,methyltestosterone,Human,Female,8 hr,20,É M,High,003016049002,5106111
5106,11,2,methyltestosterone,Human,Female,8 hr,20,É M,High,003016049003,5106112
5106,12,1,methyltestosterone,Human,Female,24 hr,20,É M,High,003016049010,5106121
5106,12,2,methyltestosterone,Human,Female,24 hr,20,É M,High,003016049011,5106122
5107,01,1,glibenclamide,Human,Female,2 hr,0,É M,Control,003016043015,5107011
5107,01,2,glibenclamide,Human,Female,2 hr,0,É M,Control,003016043016,5107012
5107,02,1,glibenclamide,Human,Female,8 hr,0,É M,Control,003016043023,5107021
5107,02,2,glibenclamide,Human,Female,8 hr,0,É M,Control,003016043024,5107022
5107,03,1,glibenclamide,Human,Female,24 hr,0,É M,Control,003016044001,5107031
5107,03,2,glibenclamide,Human,Female,24 hr,0,É M,Control,003016044002,5107032
5107,04,1,glibenclamide,Human,Female,2 hr,1,É M,Low,003016043017,5107041
5107,04,2,glibenclamide,Human,Female,2 hr,1,É M,Low,003016043018,5107042
5107,05,1,glibenclamide,Human,Female,8 hr,1,É M,Low,003016043025,5107051
5107,05,2,glibenclamide,Human,Female,8 hr,1,É M,Low,003016043026,5107052
5107,06,1,glibenclamide,Human,Female,24 hr,1,É M,Low,003016044003,5107061
5107,06,2,glibenclamide,Human,Female,24 hr,1,É M,Low,003016044004,5107062
5107,07,1,glibenclamide,Human,Female,2 hr,4,É M,Middle,003016043019,5107071
5107,07,2,glibenclamide,Human,Female,2 hr,4,É M,Middle,003016043020,5107072
5107,08,1,glibenclamide,Human,Female,8 hr,4,É M,Middle,003016043027,5107081
5107,08,2,glibenclamide,Human,Female,8 hr,4,É M,Middle,003016043028,5107082
5107,09,1,glibenclamide,Human,Female,24 hr,4,É M,Middle,003016044005,5107091
5107,09,2,glibenclamide,Human,Female,24 hr,4,É M,Middle,003016044006,5107092
5107,10,1,glibenclamide,Human,Female,2 hr,20,É M,High,003016043021,5107101
5107,10,2,glibenclamide,Human,Female,2 hr,20,É M,High,003016043022,5107102
5107,11,1,glibenclamide,Human,Female,8 hr,20,É M,High,003016043029,5107111
5107,11,2,glibenclamide,Human,Female,8 hr,20,É M,High,003016043030,5107112
5107,12,1,glibenclamide,Human,Female,24 hr,20,É M,High,003016044007,5107121
5107,12,2,glibenclamide,Human,Female,24 hr,20,É M,High,003016044008,5107122
5108,01,1,griseofulvin,Human,Female,2 hr,0,É M,Control,003016032001,5108011
5108,01,2,griseofulvin,Human,Female,2 hr,0,É M,Control,003016032002,5108012
5108,02,1,griseofulvin,Human,Female,8 hr,0,É M,Control,003016032009,5108021
5108,02,2,griseofulvin,Human,Female,8 hr,0,É M,Control,003016032010,5108022
5108,03,1,griseofulvin,Human,Female,24 hr,0,É M,Control,003016032016,5108031
5108,03,2,griseofulvin,Human,Female,24 hr,0,É M,Control,003016032017,5108032
5108,04,1,griseofulvin,Human,Female,2 hr,1,É M,Low,003016032003,5108041
5108,04,2,griseofulvin,Human,Female,2 hr,1,É M,Low,003016032004,5108042
5108,05,1,griseofulvin,Human,Female,8 hr,1,É M,Low,003016041026,5108051
5108,05,2,griseofulvin,Human,Female,8 hr,1,É M,Low,003016032011,5108052
5108,06,1,griseofulvin,Human,Female,24 hr,1,É M,Low,003016032018,5108061
5108,06,2,griseofulvin,Human,Female,24 hr,1,É M,Low,003016032019,5108062
5108,07,1,griseofulvin,Human,Female,2 hr,4,É M,Middle,003016032005,5108071
5108,07,2,griseofulvin,Human,Female,2 hr,4,É M,Middle,003016032006,5108072
5108,08,1,griseofulvin,Human,Female,8 hr,4,É M,Middle,003016032012,5108081
5108,08,2,griseofulvin,Human,Female,8 hr,4,É M,Middle,003016032013,5108082
5108,09,1,griseofulvin,Human,Female,24 hr,4,É M,Middle,003016032020,5108091
5108,09,2,griseofulvin,Human,Female,24 hr,4,É M,Middle,003016032021,5108092
5108,10,1,griseofulvin,Human,Female,2 hr,20,É M,High,003016032007,5108101
5108,10,2,griseofulvin,Human,Female,2 hr,20,É M,High,003016032008,5108102
5108,11,1,griseofulvin,Human,Female,8 hr,20,É M,High,003016032014,5108111
5108,11,2,griseofulvin,Human,Female,8 hr,20,É M,High,003016032015,5108112
5108,12,1,griseofulvin,Human,Female,24 hr,20,É M,High,003016032022,5108121
5108,12,2,griseofulvin,Human,Female,24 hr,20,É M,High,003016032023,5108122
5109,01,1,flutamide,Human,Female,2 hr,0,É M,Control,003016042021,5109011
5109,01,2,flutamide,Human,Female,2 hr,0,É M,Control,003016042022,5109012
5109,02,1,flutamide,Human,Female,8 hr,0,É M,Control,003016042029,5109021
5109,02,2,flutamide,Human,Female,8 hr,0,É M,Control,003016042030,5109022
5109,03,1,flutamide,Human,Female,24 hr,0,É M,Control,003016043007,5109031
5109,03,2,flutamide,Human,Female,24 hr,0,É M,Control,003016043008,5109032
5109,04,1,flutamide,Human,Female,2 hr,2,É M,Low,003016042023,5109041
5109,04,2,flutamide,Human,Female,2 hr,2,É M,Low,003016042024,5109042
5109,05,1,flutamide,Human,Female,8 hr,2,É M,Low,003016043001,5109051
5109,05,2,flutamide,Human,Female,8 hr,2,É M,Low,003016043002,5109052
5109,06,1,flutamide,Human,Female,24 hr,2,É M,Low,003016043009,5109061
5109,06,2,flutamide,Human,Female,24 hr,2,É M,Low,003016043010,5109062
5109,07,1,flutamide,Human,Female,2 hr,10,É M,Middle,003016042025,5109071
5109,07,2,flutamide,Human,Female,2 hr,10,É M,Middle,003016042026,5109072
5109,08,1,flutamide,Human,Female,8 hr,10,É M,Middle,003016043003,5109081
5109,08,2,flutamide,Human,Female,8 hr,10,É M,Middle,003016043004,5109082
5109,09,1,flutamide,Human,Female,24 hr,10,É M,Middle,003016043011,5109091
5109,09,2,flutamide,Human,Female,24 hr,10,É M,Middle,003016043012,5109092
5109,10,1,flutamide,Human,Female,2 hr,50,É M,High,003016042027,5109101
5109,10,2,flutamide,Human,Female,2 hr,50,É M,High,003016042028,5109102
5109,11,1,flutamide,Human,Female,8 hr,50,É M,High,003016043005,5109111
5109,11,2,flutamide,Human,Female,8 hr,50,É M,High,003016043006,5109112
5109,12,1,flutamide,Human,Female,24 hr,50,É M,High,003016043013,5109121
5109,12,2,flutamide,Human,Female,24 hr,50,É M,High,003016043014,5109122
5110,01,1,perhexiline,Human,Female,2 hr,0,É M,Control,003016045003,5110011
5110,01,2,perhexiline,Human,Female,2 hr,0,É M,Control,003016045004,5110012
5110,02,1,perhexiline,Human,Female,8 hr,0,É M,Control,003016045011,5110021
5110,02,2,perhexiline,Human,Female,8 hr,0,É M,Control,003016045012,5110022
5110,03,1,perhexiline,Human,Female,24 hr,0,É M,Control,003016045019,5110031
5110,03,2,perhexiline,Human,Female,24 hr,0,É M,Control,003016045020,5110032
5110,04,1,perhexiline,Human,Female,2 hr,1,É M,Low,003016045005,5110041
5110,04,2,perhexiline,Human,Female,2 hr,1,É M,Low,003016045006,5110042
5110,05,1,perhexiline,Human,Female,8 hr,1,É M,Low,003016045013,5110051
5110,05,2,perhexiline,Human,Female,8 hr,1,É M,Low,003016045014,5110052
5110,06,1,perhexiline,Human,Female,24 hr,1,É M,Low,003016045021,5110061
5110,06,2,perhexiline,Human,Female,24 hr,1,É M,Low,003016045022,5110062
5110,07,1,perhexiline,Human,Female,2 hr,3,É M,Middle,003016045007,5110071
5110,07,2,perhexiline,Human,Female,2 hr,3,É M,Middle,003016045008,5110072
5110,08,1,perhexiline,Human,Female,8 hr,3,É M,Middle,003016045015,5110081
5110,08,2,perhexiline,Human,Female,8 hr,3,É M,Middle,003016045016,5110082
5110,09,1,perhexiline,Human,Female,24 hr,3,É M,Middle,003016045023,5110091
5110,09,2,perhexiline,Human,Female,24 hr,3,É M,Middle,003016045024,5110092
5110,10,1,perhexiline,Human,Female,2 hr,15,É M,High,003016045009,5110101
5110,10,2,perhexiline,Human,Female,2 hr,15,É M,High,003016045010,5110102
5110,11,1,perhexiline,Human,Female,8 hr,15,É M,High,003016045017,5110111
5110,11,2,perhexiline,Human,Female,8 hr,15,É M,High,003016045018,5110112
5110,12,1,perhexiline,Human,Female,24 hr,15,É M,High,003016045025,5110121
5110,12,2,perhexiline,Human,Female,24 hr,15,É M,High,003016045026,5110122
5111,01,1,azathioprine,Human,Female,2 hr,0,É M,Control,003016044009,5111011
5111,01,2,azathioprine,Human,Female,2 hr,0,É M,Control,003016044010,5111012
5111,02,1,azathioprine,Human,Female,8 hr,0,É M,Control,003016044017,5111021
5111,02,2,azathioprine,Human,Female,8 hr,0,É M,Control,003016044018,5111022
5111,03,1,azathioprine,Human,Female,24 hr,0,É M,Control,003016044025,5111031
5111,03,2,azathioprine,Human,Female,24 hr,0,É M,Control,003016044026,5111032
5111,04,1,azathioprine,Human,Female,2 hr,3,É M,Low,003016044011,5111041
5111,04,2,azathioprine,Human,Female,2 hr,3,É M,Low,003016044012,5111042
5111,05,1,azathioprine,Human,Female,8 hr,3,É M,Low,003016044019,5111051
5111,05,2,azathioprine,Human,Female,8 hr,3,É M,Low,003016044020,5111052
5111,06,1,azathioprine,Human,Female,24 hr,3,É M,Low,003016044027,5111061
5111,06,2,azathioprine,Human,Female,24 hr,3,É M,Low,003016044028,5111062
5111,07,1,azathioprine,Human,Female,2 hr,15,É M,Middle,003016044013,5111071
5111,07,2,azathioprine,Human,Female,2 hr,15,É M,Middle,003016044014,5111072
5111,08,1,azathioprine,Human,Female,8 hr,15,É M,Middle,003016044021,5111081
5111,08,2,azathioprine,Human,Female,8 hr,15,É M,Middle,003016044022,5111082
5111,09,1,azathioprine,Human,Female,24 hr,15,É M,Middle,003016044029,5111091
5111,09,2,azathioprine,Human,Female,24 hr,15,É M,Middle,003016044030,5111092
5111,10,1,azathioprine,Human,Female,2 hr,73,É M,High,003016044015,5111101
5111,10,2,azathioprine,Human,Female,2 hr,73,É M,High,003016044016,5111102
5111,11,1,azathioprine,Human,Female,8 hr,73,É M,High,003016044023,5111111
5111,11,2,azathioprine,Human,Female,8 hr,73,É M,High,003016044024,5111112
5111,12,1,azathioprine,Human,Female,24 hr,73,É M,High,003016045001,5111121
5111,12,2,azathioprine,Human,Female,24 hr,73,É M,High,003016045002,5111122
5112,01,1,ketoconazole,Human,Female,2 hr,0,É M,Control,003016050030,5112011
5112,01,2,ketoconazole,Human,Female,2 hr,0,É M,Control,003016051001,5112012
5112,02,1,ketoconazole,Human,Female,8 hr,0,É M,Control,003016051008,5112021
5112,02,2,ketoconazole,Human,Female,8 hr,0,É M,Control,003016051009,5112022
5112,03,1,ketoconazole,Human,Female,24 hr,0,É M,Control,003016051016,5112031
5112,03,2,ketoconazole,Human,Female,24 hr,0,É M,Control,003016051017,5112032
5112,04,1,ketoconazole,Human,Female,2 hr,1,É M,Low,003016051002,5112041
5112,04,2,ketoconazole,Human,Female,2 hr,1,É M,Low,003016051003,5112042
5112,05,1,ketoconazole,Human,Female,8 hr,1,É M,Low,003016051010,5112051
5112,05,2,ketoconazole,Human,Female,8 hr,1,É M,Low,003016051011,5112052
5112,06,1,ketoconazole,Human,Female,24 hr,1,É M,Low,003016051018,5112061
5112,06,2,ketoconazole,Human,Female,24 hr,1,É M,Low,003016051019,5112062
5112,07,1,ketoconazole,Human,Female,2 hr,3,É M,Middle,003016051004,5112071
5112,07,2,ketoconazole,Human,Female,2 hr,3,É M,Middle,003016051005,5112072
5112,08,1,ketoconazole,Human,Female,8 hr,3,É M,Middle,003016051012,5112081
5112,08,2,ketoconazole,Human,Female,8 hr,3,É M,Middle,003016051013,5112082
5112,09,1,ketoconazole,Human,Female,24 hr,3,É M,Middle,003016051020,5112091
5112,09,2,ketoconazole,Human,Female,24 hr,3,É M,Middle,003016051021,5112092
5112,10,1,ketoconazole,Human,Female,2 hr,15,É M,High,003016051006,5112101
5112,10,2,ketoconazole,Human,Female,2 hr,15,É M,High,003016051007,5112102
5112,11,1,ketoconazole,Human,Female,8 hr,15,É M,High,003016051014,5112111
5112,11,2,ketoconazole,Human,Female,8 hr,15,É M,High,003016051015,5112112
5112,12,1,ketoconazole,Human,Female,24 hr,15,É M,High,003016051022,5112121
5112,12,2,ketoconazole,Human,Female,24 hr,15,É M,High,003016051023,5112122
5113,01,1,tetracycline,Human,Female,2 hr,0,É M,Control,003016042001,5113011
5113,01,2,tetracycline,Human,Female,2 hr,0,É M,Control,003016042002,5113012
5113,02,1,tetracycline,Human,Female,8 hr,0,É M,Control,003016042009,5113021
5113,02,2,tetracycline,Human,Female,8 hr,0,É M,Control,003016042010,5113022
5113,03,1,tetracycline,Human,Female,24 hr,0,É M,Control,003016042017,5113031
5113,03,2,tetracycline,Human,Female,24 hr,0,É M,Control,003016042018,5113032
5113,04,1,tetracycline,Human,Female,2 hr,1,É M,Low,003016042003,5113041
5113,04,2,tetracycline,Human,Female,2 hr,1,É M,Low,003016042004,5113042
5113,05,1,tetracycline,Human,Female,8 hr,1,É M,Low,003016042011,5113051
5113,05,2,tetracycline,Human,Female,8 hr,1,É M,Low,003016042012,5113052
5113,06,1,tetracycline,Human,Female,24 hr,1,É M,Low,003016048015,5113061
5113,06,2,tetracycline,Human,Female,24 hr,1,É M,Low,003016048016,5113062
5113,07,1,tetracycline,Human,Female,2 hr,5,É M,Middle,003016042005,5113071
5113,07,2,tetracycline,Human,Female,2 hr,5,É M,Middle,003016042006,5113072
5113,08,1,tetracycline,Human,Female,8 hr,5,É M,Middle,003016042013,5113081
5113,08,2,tetracycline,Human,Female,8 hr,5,É M,Middle,003016042014,5113082
5113,09,1,tetracycline,Human,Female,24 hr,5,É M,Middle,003016042020,5113091
5113,09,2,tetracycline,Human,Female,24 hr,5,É M,Middle,003016041028,5113092
5113,10,1,tetracycline,Human,Female,2 hr,25,É M,High,003016042007,5113101
5113,10,2,tetracycline,Human,Female,2 hr,25,É M,High,003016042008,5113102
5113,11,1,tetracycline,Human,Female,8 hr,25,É M,High,003016042015,5113111
5113,11,2,tetracycline,Human,Female,8 hr,25,É M,High,003016042016,5113112
5113,12,1,tetracycline,Human,Female,24 hr,25,É M,High,003016041029,5113121
5113,12,2,tetracycline,Human,Female,24 hr,25,É M,High,003016041030,5113122
5114,01,1,lomustine,Human,Female,2 hr,0,É M,Control,003016049012,5114011
5114,01,2,lomustine,Human,Female,2 hr,0,É M,Control,003016049013,5114012
5114,02,1,lomustine,Human,Female,8 hr,0,É M,Control,003016049020,5114021
5114,02,2,lomustine,Human,Female,8 hr,0,É M,Control,003016049021,5114022
5114,03,1,lomustine,Human,Female,24 hr,0,É M,Control,003016049028,5114031
5114,03,2,lomustine,Human,Female,24 hr,0,É M,Control,003016049029,5114032
5114,04,1,lomustine,Human,Female,2 hr,5,É M,Low,003016049014,5114041
5114,04,2,lomustine,Human,Female,2 hr,5,É M,Low,003016049015,5114042
5114,05,1,lomustine,Human,Female,8 hr,5,É M,Low,003016049022,5114051
5114,05,2,lomustine,Human,Female,8 hr,5,É M,Low,003016049023,5114052
5114,06,1,lomustine,Human,Female,24 hr,5,É M,Low,003016049030,5114061
5114,06,2,lomustine,Human,Female,24 hr,5,É M,Low,003016050001,5114062
5114,07,1,lomustine,Human,Female,2 hr,24,É M,Middle,003016049016,5114071
5114,07,2,lomustine,Human,Female,2 hr,24,É M,Middle,003016049017,5114072
5114,08,1,lomustine,Human,Female,8 hr,24,É M,Middle,003016049024,5114081
5114,08,2,lomustine,Human,Female,8 hr,24,É M,Middle,003016049025,5114082
5114,09,1,lomustine,Human,Female,24 hr,24,É M,Middle,003016050002,5114091
5114,09,2,lomustine,Human,Female,24 hr,24,É M,Middle,003016050003,5114092
5114,10,1,lomustine,Human,Female,2 hr,120,É M,High,003016049018,5114101
5114,10,2,lomustine,Human,Female,2 hr,120,É M,High,003016049019,5114102
5114,11,1,lomustine,Human,Female,8 hr,120,É M,High,003016049026,5114111
5114,11,2,lomustine,Human,Female,8 hr,120,É M,High,003016049027,5114112
5114,12,1,lomustine,Human,Female,24 hr,120,É M,High,003016050004,5114121
5114,12,2,lomustine,Human,Female,24 hr,120,É M,High,003016050005,5114122
5115,01,1,tacrine,Rat,Male,2 hr,0,É M,Control,003017217017,5115011
5115,01,2,tacrine,Rat,Male,2 hr,0,É M,Control,003017217018,5115012
5115,02,1,tacrine,Rat,Male,8 hr,0,É M,Control,003017217025,5115021
5115,02,2,tacrine,Rat,Male,8 hr,0,É M,Control,003017217026,5115022
5115,03,1,tacrine,Rat,Male,24 hr,0,É M,Control,003017218003,5115031
5115,03,2,tacrine,Rat,Male,24 hr,0,É M,Control,003017218004,5115032
5115,04,1,tacrine,Rat,Male,2 hr,8,É M,Low,003017217019,5115041
5115,04,2,tacrine,Rat,Male,2 hr,8,É M,Low,003017217020,5115042
5115,05,1,tacrine,Rat,Male,8 hr,8,É M,Low,003017217027,5115051
5115,05,2,tacrine,Rat,Male,8 hr,8,É M,Low,003017217028,5115052
5115,06,1,tacrine,Rat,Male,24 hr,8,É M,Low,003017218005,5115061
5115,06,2,tacrine,Rat,Male,24 hr,8,É M,Low,003017218006,5115062
5115,07,1,tacrine,Rat,Male,2 hr,40,É M,Middle,003017217021,5115071
5115,07,2,tacrine,Rat,Male,2 hr,40,É M,Middle,003017217022,5115072
5115,08,1,tacrine,Rat,Male,8 hr,40,É M,Middle,003017217029,5115081
5115,08,2,tacrine,Rat,Male,8 hr,40,É M,Middle,003017217030,5115082
5115,09,1,tacrine,Rat,Male,24 hr,40,É M,Middle,003017218007,5115091
5115,09,2,tacrine,Rat,Male,24 hr,40,É M,Middle,003017218008,5115092
5115,10,1,tacrine,Rat,Male,2 hr,200,É M,High,003017217023,5115101
5115,10,2,tacrine,Rat,Male,2 hr,200,É M,High,003017217024,5115102
5115,11,1,tacrine,Rat,Male,8 hr,200,É M,High,003017218001,5115111
5115,11,2,tacrine,Rat,Male,8 hr,200,É M,High,003017218002,5115112
5115,12,1,tacrine,Rat,Male,24 hr,200,É M,High,003017218009,5115121
5115,12,2,tacrine,Rat,Male,24 hr,200,É M,High,003017218010,5115122
5116,01,1,moxisylyte,Rat,Male,2 hr,0,É M,Control,003017241004,5116011
5116,01,2,moxisylyte,Rat,Male,2 hr,0,É M,Control,003017241005,5116012
5116,02,1,moxisylyte,Rat,Male,8 hr,0,É M,Control,003017241012,5116021
5116,02,2,moxisylyte,Rat,Male,8 hr,0,É M,Control,003017241013,5116022
5116,03,1,moxisylyte,Rat,Male,24 hr,0,É M,Control,003017241020,5116031
5116,03,2,moxisylyte,Rat,Male,24 hr,0,É M,Control,003017241021,5116032
5116,04,1,moxisylyte,Rat,Male,2 hr,24,É M,Low,003017241006,5116041
5116,04,2,moxisylyte,Rat,Male,2 hr,24,É M,Low,003017241007,5116042
5116,05,1,moxisylyte,Rat,Male,8 hr,24,É M,Low,003017241014,5116051
5116,05,2,moxisylyte,Rat,Male,8 hr,24,É M,Low,003017241015,5116052
5116,06,1,moxisylyte,Rat,Male,24 hr,24,É M,Low,003017241022,5116061
5116,06,2,moxisylyte,Rat,Male,24 hr,24,É M,Low,003017241023,5116062
5116,07,1,moxisylyte,Rat,Male,2 hr,120,É M,Middle,003017241008,5116071
5116,07,2,moxisylyte,Rat,Male,2 hr,120,É M,Middle,003017241009,5116072
5116,08,1,moxisylyte,Rat,Male,8 hr,120,É M,Middle,003017241016,5116081
5116,08,2,moxisylyte,Rat,Male,8 hr,120,É M,Middle,003017241017,5116082
5116,09,1,moxisylyte,Rat,Male,24 hr,120,É M,Middle,003017241024,5116091
5116,09,2,moxisylyte,Rat,Male,24 hr,120,É M,Middle,003017241025,5116092
5116,10,1,moxisylyte,Rat,Male,2 hr,600,É M,High,003017241010,5116101
5116,10,2,moxisylyte,Rat,Male,2 hr,600,É M,High,003017241011,5116102
5116,11,1,moxisylyte,Rat,Male,8 hr,600,É M,High,003017241018,5116111
5116,11,2,moxisylyte,Rat,Male,8 hr,600,É M,High,003017241019,5116112
5116,12,1,moxisylyte,Rat,Male,24 hr,600,É M,High,003017241026,5116121
5116,12,2,moxisylyte,Rat,Male,24 hr,600,É M,High,003017241027,5116122
5117,01,1,iproniazid,Rat,Male,2 hr,0,É M,Control,003017237001,5117011
5117,01,2,iproniazid,Rat,Male,2 hr,0,É M,Control,003017237002,5117012
5117,02,1,iproniazid,Rat,Male,8 hr,0,É M,Control,003017237009,5117021
5117,02,2,iproniazid,Rat,Male,8 hr,0,É M,Control,003017237010,5117022
5117,03,1,iproniazid,Rat,Male,24 hr,0,É M,Control,003017237017,5117031
5117,03,2,iproniazid,Rat,Male,24 hr,0,É M,Control,003017237018,5117032
5117,04,1,iproniazid,Rat,Male,2 hr,80,É M,Low,003017237003,5117041
5117,04,2,iproniazid,Rat,Male,2 hr,80,É M,Low,003017237004,5117042
5117,05,1,iproniazid,Rat,Male,8 hr,80,É M,Low,003017237011,5117051
5117,05,2,iproniazid,Rat,Male,8 hr,80,É M,Low,003017237012,5117052
5117,06,1,iproniazid,Rat,Male,24 hr,80,É M,Low,003017237019,5117061
5117,06,2,iproniazid,Rat,Male,24 hr,80,É M,Low,003017237020,5117062
5117,07,1,iproniazid,Rat,Male,2 hr,400,É M,Middle,003017237005,5117071
5117,07,2,iproniazid,Rat,Male,2 hr,400,É M,Middle,003017237006,5117072
5117,08,1,iproniazid,Rat,Male,8 hr,400,É M,Middle,003017237013,5117081
5117,08,2,iproniazid,Rat,Male,8 hr,400,É M,Middle,003017237014,5117082
5117,09,1,iproniazid,Rat,Male,24 hr,400,É M,Middle,003017237021,5117091
5117,09,2,iproniazid,Rat,Male,24 hr,400,É M,Middle,003017277025,5117092
5117,10,1,iproniazid,Rat,Male,2 hr,2000,É M,High,003017237007,5117101
5117,10,2,iproniazid,Rat,Male,2 hr,2000,É M,High,003017237008,5117102
5117,11,1,iproniazid,Rat,Male,8 hr,2000,É M,High,003017237015,5117111
5117,11,2,iproniazid,Rat,Male,8 hr,2000,É M,High,003017237016,5117112
5117,12,1,iproniazid,Rat,Male,24 hr,2000,É M,High,003017237023,5117121
5117,12,2,iproniazid,Rat,Male,24 hr,2000,É M,High,003017237024,5117122
5118,01,1,chloramphenicol,Rat,Male,2 hr,0,É M,Control,003017218011,5118011
5118,01,2,chloramphenicol,Rat,Male,2 hr,0,É M,Control,003017218012,5118012
5118,02,1,chloramphenicol,Rat,Male,8 hr,0,É M,Control,003017218019,5118021
5118,02,2,chloramphenicol,Rat,Male,8 hr,0,É M,Control,003017218020,5118022
5118,03,1,chloramphenicol,Rat,Male,24 hr,0,É M,Control,003017218027,5118031
5118,03,2,chloramphenicol,Rat,Male,24 hr,0,É M,Control,003017218028,5118032
5118,04,1,chloramphenicol,Rat,Male,2 hr,18,É M,Low,003017218013,5118041
5118,04,2,chloramphenicol,Rat,Male,2 hr,18,É M,Low,003017218014,5118042
5118,05,1,chloramphenicol,Rat,Male,8 hr,18,É M,Low,003017218021,5118051
5118,05,2,chloramphenicol,Rat,Male,8 hr,18,É M,Low,003017218022,5118052
5118,06,1,chloramphenicol,Rat,Male,24 hr,18,É M,Low,003017218029,5118061
5118,06,2,chloramphenicol,Rat,Male,24 hr,18,É M,Low,003017218030,5118062
5118,07,1,chloramphenicol,Rat,Male,2 hr,90,É M,Middle,003017218015,5118071
5118,07,2,chloramphenicol,Rat,Male,2 hr,90,É M,Middle,003017218016,5118072
5118,08,1,chloramphenicol,Rat,Male,8 hr,90,É M,Middle,003017218023,5118081
5118,08,2,chloramphenicol,Rat,Male,8 hr,90,É M,Middle,003017218024,5118082
5118,09,1,chloramphenicol,Rat,Male,24 hr,90,É M,Middle,003017219001,5118091
5118,09,2,chloramphenicol,Rat,Male,24 hr,90,É M,Middle,003017219002,5118092
5118,10,1,chloramphenicol,Rat,Male,2 hr,450,É M,High,003017218017,5118101
5118,10,2,chloramphenicol,Rat,Male,2 hr,450,É M,High,003017218018,5118102
5118,11,1,chloramphenicol,Rat,Male,8 hr,450,É M,High,003017218025,5118111
5118,11,2,chloramphenicol,Rat,Male,8 hr,450,É M,High,003017218026,5118112
5118,12,1,chloramphenicol,Rat,Male,24 hr,450,É M,High,003017219003,5118121
5118,12,2,chloramphenicol,Rat,Male,24 hr,450,É M,High,003017219004,5118122
5119,01,1,nitrofurazone,Rat,Male,2 hr,0,É M,Control,003017268014,5119011
5119,01,2,nitrofurazone,Rat,Male,2 hr,0,É M,Control,003017268015,5119012
5119,02,1,nitrofurazone,Rat,Male,8 hr,0,É M,Control,003017268022,5119021
5119,02,2,nitrofurazone,Rat,Male,8 hr,0,É M,Control,003017268023,5119022
5119,03,1,nitrofurazone,Rat,Male,24 hr,0,É M,Control,003017268030,5119031
5119,03,2,nitrofurazone,Rat,Male,24 hr,0,É M,Control,003017269001,5119032
5119,04,1,nitrofurazone,Rat,Male,2 hr,12,É M,Low,003017268016,5119041
5119,04,2,nitrofurazone,Rat,Male,2 hr,12,É M,Low,003017268017,5119042
5119,05,1,nitrofurazone,Rat,Male,8 hr,12,É M,Low,003017268024,5119051
5119,05,2,nitrofurazone,Rat,Male,8 hr,12,É M,Low,003017268025,5119052
5119,06,1,nitrofurazone,Rat,Male,24 hr,12,É M,Low,003017269002,5119061
5119,06,2,nitrofurazone,Rat,Male,24 hr,12,É M,Low,003017269003,5119062
5119,07,1,nitrofurazone,Rat,Male,2 hr,60,É M,Middle,003017294029,5119071
5119,07,2,nitrofurazone,Rat,Male,2 hr,60,É M,Middle,003017268019,5119072
5119,08,1,nitrofurazone,Rat,Male,8 hr,60,É M,Middle,003017268026,5119081
5119,08,2,nitrofurazone,Rat,Male,8 hr,60,É M,Middle,003017268027,5119082
5119,09,1,nitrofurazone,Rat,Male,24 hr,60,É M,Middle,003017269004,5119091
5119,09,2,nitrofurazone,Rat,Male,24 hr,60,É M,Middle,003017269005,5119092
5119,10,1,nitrofurazone,Rat,Male,2 hr,300,É M,High,003017268020,5119101
5119,10,2,nitrofurazone,Rat,Male,2 hr,300,É M,High,003017268021,5119102
5119,11,1,nitrofurazone,Rat,Male,8 hr,300,É M,High,003017268028,5119111
5119,11,2,nitrofurazone,Rat,Male,8 hr,300,É M,High,003017268029,5119112
5119,12,1,nitrofurazone,Rat,Male,24 hr,300,É M,High,003017353022,5119121
5119,12,2,nitrofurazone,Rat,Male,24 hr,300,É M,High,003017269007,5119122
5120,01,1,imipramine,Rat,Male,2 hr,0,É M,Control,003017216023,5120011
5120,01,2,imipramine,Rat,Male,2 hr,0,É M,Control,003017216024,5120012
5120,02,1,imipramine,Rat,Male,8 hr,0,É M,Control,003017217001,5120021
5120,02,2,imipramine,Rat,Male,8 hr,0,É M,Control,003017217002,5120022
5120,03,1,imipramine,Rat,Male,24 hr,0,É M,Control,003017217009,5120031
5120,03,2,imipramine,Rat,Male,24 hr,0,É M,Control,003017217010,5120032
5120,04,1,imipramine,Rat,Male,2 hr,4,É M,Low,003017216025,5120041
5120,04,2,imipramine,Rat,Male,2 hr,4,É M,Low,003017216026,5120042
5120,05,1,imipramine,Rat,Male,8 hr,4,É M,Low,003017217003,5120051
5120,05,2,imipramine,Rat,Male,8 hr,4,É M,Low,003017217004,5120052
5120,06,1,imipramine,Rat,Male,24 hr,4,É M,Low,003017217011,5120061
5120,06,2,imipramine,Rat,Male,24 hr,4,É M,Low,003017217012,5120062
5120,07,1,imipramine,Rat,Male,2 hr,20,É M,Middle,003017216027,5120071
5120,07,2,imipramine,Rat,Male,2 hr,20,É M,Middle,003017216028,5120072
5120,08,1,imipramine,Rat,Male,8 hr,20,É M,Middle,003017217005,5120081
5120,08,2,imipramine,Rat,Male,8 hr,20,É M,Middle,003017217006,5120082
5120,09,1,imipramine,Rat,Male,24 hr,20,É M,Middle,003017217013,5120091
5120,09,2,imipramine,Rat,Male,24 hr,20,É M,Middle,003017217014,5120092
5120,10,1,imipramine,Rat,Male,2 hr,100,É M,High,003017216029,5120101
5120,10,2,imipramine,Rat,Male,2 hr,100,É M,High,003017216030,5120102
5120,11,1,imipramine,Rat,Male,8 hr,100,É M,High,003017217007,5120111
5120,11,2,imipramine,Rat,Male,8 hr,100,É M,High,003017217008,5120112
5120,12,1,imipramine,Rat,Male,24 hr,100,É M,High,003017217015,5120121
5120,12,2,imipramine,Rat,Male,24 hr,100,É M,High,003017217016,5120122
5121,01,1,amitriptyline,Rat,Male,2 hr,0,É M,Control,003017234030,5121011
5121,01,2,amitriptyline,Rat,Male,2 hr,0,É M,Control,003017235001,5121012
5121,02,1,amitriptyline,Rat,Male,8 hr,0,É M,Control,003017235008,5121021
5121,02,2,amitriptyline,Rat,Male,8 hr,0,É M,Control,003017235009,5121022
5121,03,1,amitriptyline,Rat,Male,24 hr,0,É M,Control,003017235016,5121031
5121,03,2,amitriptyline,Rat,Male,24 hr,0,É M,Control,003017235017,5121032
5121,04,1,amitriptyline,Rat,Male,2 hr,2,É M,Low,003017235002,5121041
5121,04,2,amitriptyline,Rat,Male,2 hr,2,É M,Low,003017235003,5121042
5121,05,1,amitriptyline,Rat,Male,8 hr,2,É M,Low,003017235010,5121051
5121,05,2,amitriptyline,Rat,Male,8 hr,2,É M,Low,003017235011,5121052
5121,06,1,amitriptyline,Rat,Male,24 hr,2,É M,Low,003017235018,5121061
5121,06,2,amitriptyline,Rat,Male,24 hr,2,É M,Low,003017235019,5121062
5121,07,1,amitriptyline,Rat,Male,2 hr,12,É M,Middle,003017235004,5121071
5121,07,2,amitriptyline,Rat,Male,2 hr,12,É M,Middle,003017235005,5121072
5121,08,1,amitriptyline,Rat,Male,8 hr,12,É M,Middle,003017235012,5121081
5121,08,2,amitriptyline,Rat,Male,8 hr,12,É M,Middle,003017235013,5121082
5121,09,1,amitriptyline,Rat,Male,24 hr,12,É M,Middle,003017235020,5121091
5121,09,2,amitriptyline,Rat,Male,24 hr,12,É M,Middle,003017235021,5121092
5121,10,1,amitriptyline,Rat,Male,2 hr,60,É M,High,003017235006,5121101
5121,10,2,amitriptyline,Rat,Male,2 hr,60,É M,High,003017235007,5121102
5121,11,1,amitriptyline,Rat,Male,8 hr,60,É M,High,003017235014,5121111
5121,11,2,amitriptyline,Rat,Male,8 hr,60,É M,High,003017235015,5121112
5121,12,1,amitriptyline,Rat,Male,24 hr,60,É M,High,003017235022,5121121
5121,12,2,amitriptyline,Rat,Male,24 hr,60,É M,High,003017235023,5121122
5122,01,1,hydroxyzine,Rat,Male,2 hr,0,É M,Control,003017230001,5122011
5122,01,2,hydroxyzine,Rat,Male,2 hr,0,É M,Control,003017230002,5122012
5122,02,1,hydroxyzine,Rat,Male,8 hr,0,É M,Control,003017230009,5122021
5122,02,2,hydroxyzine,Rat,Male,8 hr,0,É M,Control,003017230010,5122022
5122,03,1,hydroxyzine,Rat,Male,24 hr,0,É M,Control,003017230017,5122031
5122,03,2,hydroxyzine,Rat,Male,24 hr,0,É M,Control,003017230018,5122032
5122,04,1,hydroxyzine,Rat,Male,2 hr,6,É M,Low,003017230003,5122041
5122,04,2,hydroxyzine,Rat,Male,2 hr,6,É M,Low,003017230004,5122042
5122,05,1,hydroxyzine,Rat,Male,8 hr,6,É M,Low,003017230011,5122051
5122,05,2,hydroxyzine,Rat,Male,8 hr,6,É M,Low,003017230012,5122052
5122,06,1,hydroxyzine,Rat,Male,24 hr,6,É M,Low,003017230019,5122061
5122,06,2,hydroxyzine,Rat,Male,24 hr,6,É M,Low,003017230020,5122062
5122,07,1,hydroxyzine,Rat,Male,2 hr,30,É M,Middle,003017230005,5122071
5122,07,2,hydroxyzine,Rat,Male,2 hr,30,É M,Middle,003017230006,5122072
5122,08,1,hydroxyzine,Rat,Male,8 hr,30,É M,Middle,003017230013,5122081
5122,08,2,hydroxyzine,Rat,Male,8 hr,30,É M,Middle,003017230014,5122082
5122,09,1,hydroxyzine,Rat,Male,24 hr,30,É M,Middle,003017230021,5122091
5122,09,2,hydroxyzine,Rat,Male,24 hr,30,É M,Middle,003017230022,5122092
5122,10,1,hydroxyzine,Rat,Male,2 hr,150,É M,High,003017230007,5122101
5122,10,2,hydroxyzine,Rat,Male,2 hr,150,É M,High,003017230008,5122102
5122,11,1,hydroxyzine,Rat,Male,8 hr,150,É M,High,003017230015,5122111
5122,11,2,hydroxyzine,Rat,Male,8 hr,150,É M,High,003017230016,5122112
5122,12,1,hydroxyzine,Rat,Male,24 hr,150,É M,High,003017230023,5122121
5122,12,2,hydroxyzine,Rat,Male,24 hr,150,É M,High,003017230024,5122122
5123,01,1,ibuprofen,Rat,Male,2 hr,0,É M,Control,003017279026,5123011
5123,01,2,ibuprofen,Rat,Male,2 hr,0,É M,Control,003017279027,5123012
5123,02,1,ibuprofen,Rat,Male,8 hr,0,É M,Control,003017280004,5123021
5123,02,2,ibuprofen,Rat,Male,8 hr,0,É M,Control,003017280005,5123022
5123,03,1,ibuprofen,Rat,Male,24 hr,0,É M,Control,003017280012,5123031
5123,03,2,ibuprofen,Rat,Male,24 hr,0,É M,Control,003017280013,5123032
5123,04,1,ibuprofen,Rat,Male,2 hr,40,É M,Low,003017279028,5123041
5123,04,2,ibuprofen,Rat,Male,2 hr,40,É M,Low,003017279029,5123042
5123,05,1,ibuprofen,Rat,Male,8 hr,40,É M,Low,003017280006,5123051
5123,05,2,ibuprofen,Rat,Male,8 hr,40,É M,Low,003017280007,5123052
5123,06,1,ibuprofen,Rat,Male,24 hr,40,É M,Low,003017280014,5123061
5123,06,2,ibuprofen,Rat,Male,24 hr,40,É M,Low,003017280015,5123062
5123,07,1,ibuprofen,Rat,Male,2 hr,200,É M,Middle,003017279030,5123071
5123,07,2,ibuprofen,Rat,Male,2 hr,200,É M,Middle,003017280001,5123072
5123,08,1,ibuprofen,Rat,Male,8 hr,200,É M,Middle,003017280008,5123081
5123,08,2,ibuprofen,Rat,Male,8 hr,200,É M,Middle,003017280009,5123082
5123,09,1,ibuprofen,Rat,Male,24 hr,200,É M,Middle,003017280016,5123091
5123,09,2,ibuprofen,Rat,Male,24 hr,200,É M,Middle,003017280017,5123092
5123,10,1,ibuprofen,Rat,Male,2 hr,1000,É M,High,003017280002,5123101
5123,10,2,ibuprofen,Rat,Male,2 hr,1000,É M,High,003017280003,5123102
5123,11,1,ibuprofen,Rat,Male,8 hr,1000,É M,High,003017280010,5123111
5123,11,2,ibuprofen,Rat,Male,8 hr,1000,É M,High,003017280011,5123112
5123,12,1,ibuprofen,Rat,Male,24 hr,1000,É M,High,003017280018,5123121
5123,12,2,ibuprofen,Rat,Male,24 hr,1000,É M,High,003017280019,5123122
5124,01,1,naproxen,Rat,Male,2 hr,0,É M,Control,003017241028,5124011
5124,01,2,naproxen,Rat,Male,2 hr,0,É M,Control,003017241029,5124012
5124,02,1,naproxen,Rat,Male,8 hr,0,É M,Control,003017242006,5124021
5124,02,2,naproxen,Rat,Male,8 hr,0,É M,Control,003017242007,5124022
5124,03,1,naproxen,Rat,Male,24 hr,0,É M,Control,003017242014,5124031
5124,03,2,naproxen,Rat,Male,24 hr,0,É M,Control,003017242015,5124032
5124,04,1,naproxen,Rat,Male,2 hr,80,É M,Low,003017241030,5124041
5124,04,2,naproxen,Rat,Male,2 hr,80,É M,Low,003017242001,5124042
5124,05,1,naproxen,Rat,Male,8 hr,80,É M,Low,003017242008,5124051
5124,05,2,naproxen,Rat,Male,8 hr,80,É M,Low,003017242009,5124052
5124,06,1,naproxen,Rat,Male,24 hr,80,É M,Low,003017242016,5124061
5124,06,2,naproxen,Rat,Male,24 hr,80,É M,Low,003017242021,5124062
5124,07,1,naproxen,Rat,Male,2 hr,400,É M,Middle,003017242002,5124071
5124,07,2,naproxen,Rat,Male,2 hr,400,É M,Middle,003017242003,5124072
5124,08,1,naproxen,Rat,Male,8 hr,400,É M,Middle,003017242010,5124081
5124,08,2,naproxen,Rat,Male,8 hr,400,É M,Middle,003017242011,5124082
5124,09,1,naproxen,Rat,Male,24 hr,400,É M,Middle,003017242017,5124091
5124,09,2,naproxen,Rat,Male,24 hr,400,É M,Middle,003017242018,5124092
5124,10,1,naproxen,Rat,Male,2 hr,2000,É M,High,003017242004,5124101
5124,10,2,naproxen,Rat,Male,2 hr,2000,É M,High,003017242005,5124102
5124,11,1,naproxen,Rat,Male,8 hr,2000,É M,High,003017242012,5124111
5124,11,2,naproxen,Rat,Male,8 hr,2000,É M,High,003017242013,5124112
5124,12,1,naproxen,Rat,Male,24 hr,2000,É M,High,003017242019,5124121
5124,12,2,naproxen,Rat,Male,24 hr,2000,É M,High,003017242020,5124122
5125,01,1,quinidine,Rat,Male,2 hr,0,É M,Control,003017266026,5125011
5125,01,2,quinidine,Rat,Male,2 hr,0,É M,Control,003017266027,5125012
5125,02,1,quinidine,Rat,Male,8 hr,0,É M,Control,003017267004,5125021
5125,02,2,quinidine,Rat,Male,8 hr,0,É M,Control,003017267005,5125022
5125,03,1,quinidine,Rat,Male,24 hr,0,É M,Control,003017267012,5125031
5125,03,2,quinidine,Rat,Male,24 hr,0,É M,Control,003017267013,5125032
5125,04,1,quinidine,Rat,Male,2 hr,8,É M,Low,003017266028,5125041
5125,04,2,quinidine,Rat,Male,2 hr,8,É M,Low,003017266029,5125042
5125,05,1,quinidine,Rat,Male,8 hr,8,É M,Low,003017267006,5125051
5125,05,2,quinidine,Rat,Male,8 hr,8,É M,Low,003017267007,5125052
5125,06,1,quinidine,Rat,Male,24 hr,8,É M,Low,003017267014,5125061
5125,06,2,quinidine,Rat,Male,24 hr,8,É M,Low,003017267015,5125062
5125,07,1,quinidine,Rat,Male,2 hr,40,É M,Middle,003017266030,5125071
5125,07,2,quinidine,Rat,Male,2 hr,40,É M,Middle,003017267001,5125072
5125,08,1,quinidine,Rat,Male,8 hr,40,É M,Middle,003017267008,5125081
5125,08,2,quinidine,Rat,Male,8 hr,40,É M,Middle,003017267009,5125082
5125,09,1,quinidine,Rat,Male,24 hr,40,É M,Middle,003017267016,5125091
5125,09,2,quinidine,Rat,Male,24 hr,40,É M,Middle,003017267017,5125092
5125,10,1,quinidine,Rat,Male,2 hr,200,É M,High,003017267002,5125101
5125,10,2,quinidine,Rat,Male,2 hr,200,É M,High,003017267003,5125102
5125,11,1,quinidine,Rat,Male,8 hr,200,É M,High,003017267010,5125111
5125,11,2,quinidine,Rat,Male,8 hr,200,É M,High,003017267011,5125112
5125,12,1,quinidine,Rat,Male,24 hr,200,É M,High,003017267018,5125121
5125,12,2,quinidine,Rat,Male,24 hr,200,É M,High,003017267019,5125122
5126,01,1,furosemide,Rat,Male,2 hr,0,É M,Control,003017255008,5126011
5126,01,2,furosemide,Rat,Male,2 hr,0,É M,Control,003017255009,5126012
5126,02,1,furosemide,Rat,Male,8 hr,0,É M,Control,003017255016,5126021
5126,02,2,furosemide,Rat,Male,8 hr,0,É M,Control,003017255017,5126022
5126,03,1,furosemide,Rat,Male,24 hr,0,É M,Control,003017255024,5126031
5126,03,2,furosemide,Rat,Male,24 hr,0,É M,Control,003017255025,5126032
5126,04,1,furosemide,Rat,Male,2 hr,100,É M,Low,003017255010,5126041
5126,04,2,furosemide,Rat,Male,2 hr,100,É M,Low,003017255011,5126042
5126,05,1,furosemide,Rat,Male,8 hr,100,É M,Low,003017255018,5126051
5126,05,2,furosemide,Rat,Male,8 hr,100,É M,Low,003017255019,5126052
5126,06,1,furosemide,Rat,Male,24 hr,100,É M,Low,003017255026,5126061
5126,06,2,furosemide,Rat,Male,24 hr,100,É M,Low,003017255027,5126062
5126,07,1,furosemide,Rat,Male,2 hr,500,É M,Middle,003017255012,5126071
5126,07,2,furosemide,Rat,Male,2 hr,500,É M,Middle,003017255013,5126072
5126,08,1,furosemide,Rat,Male,8 hr,500,É M,Middle,003017255020,5126081
5126,08,2,furosemide,Rat,Male,8 hr,500,É M,Middle,003017255021,5126082
5126,09,1,furosemide,Rat,Male,24 hr,500,É M,Middle,003017255028,5126091
5126,09,2,furosemide,Rat,Male,24 hr,500,É M,Middle,003017255029,5126092
5126,10,1,furosemide,Rat,Male,2 hr,2500,É M,High,003017255014,5126101
5126,10,2,furosemide,Rat,Male,2 hr,2500,É M,High,003017255015,5126102
5126,11,1,furosemide,Rat,Male,8 hr,2500,É M,High,003017255022,5126111
5126,11,2,furosemide,Rat,Male,8 hr,2500,É M,High,003017255023,5126112
5126,12,1,furosemide,Rat,Male,24 hr,2500,É M,High,003017255030,5126121
5126,12,2,furosemide,Rat,Male,24 hr,2500,É M,High,003017256001,5126122
5127,01,1,fenofibrate,Rat,Male,2 hr,0,É M,Control,003017250014,5127011
5127,01,2,fenofibrate,Rat,Male,2 hr,0,É M,Control,003017250015,5127012
5127,02,1,fenofibrate,Rat,Male,8 hr,0,É M,Control,003017250022,5127021
5127,02,2,fenofibrate,Rat,Male,8 hr,0,É M,Control,003017250023,5127022
5127,03,1,fenofibrate,Rat,Male,24 hr,0,É M,Control,003017250030,5127031
5127,03,2,fenofibrate,Rat,Male,24 hr,0,É M,Control,003017251001,5127032
5127,04,1,fenofibrate,Rat,Male,2 hr,1,É M,Low,003017250016,5127041
5127,04,2,fenofibrate,Rat,Male,2 hr,1,É M,Low,003017250017,5127042
5127,05,1,fenofibrate,Rat,Male,8 hr,1,É M,Low,003017250024,5127051
5127,05,2,fenofibrate,Rat,Male,8 hr,1,É M,Low,003017250025,5127052
5127,06,1,fenofibrate,Rat,Male,24 hr,1,É M,Low,003017251002,5127061
5127,06,2,fenofibrate,Rat,Male,24 hr,1,É M,Low,003017251003,5127062
5127,07,1,fenofibrate,Rat,Male,2 hr,6,É M,Middle,003017250018,5127071
5127,07,2,fenofibrate,Rat,Male,2 hr,6,É M,Middle,003017250019,5127072
5127,08,1,fenofibrate,Rat,Male,8 hr,6,É M,Middle,003017250026,5127081
5127,08,2,fenofibrate,Rat,Male,8 hr,6,É M,Middle,003017250027,5127082
5127,09,1,fenofibrate,Rat,Male,24 hr,6,É M,Middle,003017251004,5127091
5127,09,2,fenofibrate,Rat,Male,24 hr,6,É M,Middle,003017251005,5127092
5127,10,1,fenofibrate,Rat,Male,2 hr,30,É M,High,003017250020,5127101
5127,10,2,fenofibrate,Rat,Male,2 hr,30,É M,High,003017250021,5127102
5127,11,1,fenofibrate,Rat,Male,8 hr,30,É M,High,003017250028,5127111
5127,11,2,fenofibrate,Rat,Male,8 hr,30,É M,High,003017250029,5127112
5127,12,1,fenofibrate,Rat,Male,24 hr,30,É M,High,003017251006,5127121
5127,12,2,fenofibrate,Rat,Male,24 hr,30,É M,High,003017251007,5127122
5128,01,1,chlorpropamide,Rat,Male,2 hr,0,É M,Control,003017249020,5128011
5128,01,2,chlorpropamide,Rat,Male,2 hr,0,É M,Control,003017249021,5128012
5128,02,1,chlorpropamide,Rat,Male,8 hr,0,É M,Control,003017249028,5128021
5128,02,2,chlorpropamide,Rat,Male,8 hr,0,É M,Control,003017249029,5128022
5128,03,1,chlorpropamide,Rat,Male,24 hr,0,É M,Control,003017250006,5128031
5128,03,2,chlorpropamide,Rat,Male,24 hr,0,É M,Control,003017250007,5128032
5128,04,1,chlorpropamide,Rat,Male,2 hr,30,É M,Low,003017249022,5128041
5128,04,2,chlorpropamide,Rat,Male,2 hr,30,É M,Low,003017249023,5128042
5128,05,1,chlorpropamide,Rat,Male,8 hr,30,É M,Low,003017249030,5128051
5128,05,2,chlorpropamide,Rat,Male,8 hr,30,É M,Low,003017250001,5128052
5128,06,1,chlorpropamide,Rat,Male,24 hr,30,É M,Low,003017250008,5128061
5128,06,2,chlorpropamide,Rat,Male,24 hr,30,É M,Low,003017250009,5128062
5128,07,1,chlorpropamide,Rat,Male,2 hr,150,É M,Middle,003017249024,5128071
5128,07,2,chlorpropamide,Rat,Male,2 hr,150,É M,Middle,003017249025,5128072
5128,08,1,chlorpropamide,Rat,Male,8 hr,150,É M,Middle,003017250002,5128081
5128,08,2,chlorpropamide,Rat,Male,8 hr,150,É M,Middle,003017250003,5128082
5128,09,1,chlorpropamide,Rat,Male,24 hr,150,É M,Middle,003017250010,5128091
5128,09,2,chlorpropamide,Rat,Male,24 hr,150,É M,Middle,003017250011,5128092
5128,10,1,chlorpropamide,Rat,Male,2 hr,750,É M,High,003017249026,5128101
5128,10,2,chlorpropamide,Rat,Male,2 hr,750,É M,High,003017249027,5128102
5128,11,1,chlorpropamide,Rat,Male,8 hr,750,É M,High,003017250004,5128111
5128,11,2,chlorpropamide,Rat,Male,8 hr,750,É M,High,003017250005,5128112
5128,12,1,chlorpropamide,Rat,Male,24 hr,750,É M,High,003017250012,5128121
5128,12,2,chlorpropamide,Rat,Male,24 hr,750,É M,High,003017250013,5128122
5129,01,1,nicotinic acid,Rat,Male,2 hr,0,É M,Control,003017252026,5129011
5129,01,2,nicotinic acid,Rat,Male,2 hr,0,É M,Control,003017252027,5129012
5129,02,1,nicotinic acid,Rat,Male,8 hr,0,É M,Control,003017253004,5129021
5129,02,2,nicotinic acid,Rat,Male,8 hr,0,É M,Control,003017253005,5129022
5129,03,1,nicotinic acid,Rat,Male,24 hr,0,É M,Control,003017253012,5129031
5129,03,2,nicotinic acid,Rat,Male,24 hr,0,É M,Control,003017253013,5129032
5129,04,1,nicotinic acid,Rat,Male,2 hr,400,É M,Low,003017252028,5129041
5129,04,2,nicotinic acid,Rat,Male,2 hr,400,É M,Low,003017252029,5129042
5129,05,1,nicotinic acid,Rat,Male,8 hr,400,É M,Low,003017253006,5129051
5129,05,2,nicotinic acid,Rat,Male,8 hr,400,É M,Low,003017253007,5129052
5129,06,1,nicotinic acid,Rat,Male,24 hr,400,É M,Low,003017253014,5129061
5129,06,2,nicotinic acid,Rat,Male,24 hr,400,É M,Low,003017253015,5129062
5129,07,1,nicotinic acid,Rat,Male,2 hr,2000,É M,Middle,003017252030,5129071
5129,07,2,nicotinic acid,Rat,Male,2 hr,2000,É M,Middle,003017253001,5129072
5129,08,1,nicotinic acid,Rat,Male,8 hr,2000,É M,Middle,003017253008,5129081
5129,08,2,nicotinic acid,Rat,Male,8 hr,2000,É M,Middle,003017253009,5129082
5129,09,1,nicotinic acid,Rat,Male,24 hr,2000,É M,Middle,003017253016,5129091
5129,09,2,nicotinic acid,Rat,Male,24 hr,2000,É M,Middle,003017253017,5129092
5129,10,1,nicotinic acid,Rat,Male,2 hr,10000,É M,High,003017253002,5129101
5129,10,2,nicotinic acid,Rat,Male,2 hr,10000,É M,High,003017253003,5129102
5129,11,1,nicotinic acid,Rat,Male,8 hr,10000,É M,High,003017253010,5129111
5129,11,2,nicotinic acid,Rat,Male,8 hr,10000,É M,High,003017253011,5129112
5129,12,1,nicotinic acid,Rat,Male,24 hr,10000,É M,High,003017253018,5129121
5129,12,2,nicotinic acid,Rat,Male,24 hr,10000,É M,High,003017253019,5129122
5130,01,1,erythromycin ethylsuccinate,Rat,Male,2 hr,0,É M,Control,003017258027,5130011
5130,01,2,erythromycin ethylsuccinate,Rat,Male,2 hr,0,É M,Control,003017258028,5130012
5130,02,1,erythromycin ethylsuccinate,Rat,Male,8 hr,0,É M,Control,003017259005,5130021
5130,02,2,erythromycin ethylsuccinate,Rat,Male,8 hr,0,É M,Control,003017259006,5130022
5130,03,1,erythromycin ethylsuccinate,Rat,Male,24 hr,0,É M,Control,003017259013,5130031
5130,03,2,erythromycin ethylsuccinate,Rat,Male,24 hr,0,É M,Control,003017259014,5130032
5130,04,1,erythromycin ethylsuccinate,Rat,Male,2 hr,3,É M,Low,003017258029,5130041
5130,04,2,erythromycin ethylsuccinate,Rat,Male,2 hr,3,É M,Low,003017258030,5130042
5130,05,1,erythromycin ethylsuccinate,Rat,Male,8 hr,3,É M,Low,003017259007,5130051
5130,05,2,erythromycin ethylsuccinate,Rat,Male,8 hr,3,É M,Low,003017259008,5130052
5130,06,1,erythromycin ethylsuccinate,Rat,Male,24 hr,3,É M,Low,003017259015,5130061
5130,06,2,erythromycin ethylsuccinate,Rat,Male,24 hr,3,É M,Low,003017259016,5130062
5130,07,1,erythromycin ethylsuccinate,Rat,Male,2 hr,15,É M,Middle,003017339018,5130071
5130,07,2,erythromycin ethylsuccinate,Rat,Male,2 hr,15,É M,Middle,003017259002,5130072
5130,08,1,erythromycin ethylsuccinate,Rat,Male,8 hr,15,É M,Middle,003017259009,5130081
5130,08,2,erythromycin ethylsuccinate,Rat,Male,8 hr,15,É M,Middle,003017259010,5130082
5130,09,1,erythromycin ethylsuccinate,Rat,Male,24 hr,15,É M,Middle,003017296030,5130091
5130,09,2,erythromycin ethylsuccinate,Rat,Male,24 hr,15,É M,Middle,003017259018,5130092
5130,10,1,erythromycin ethylsuccinate,Rat,Male,2 hr,75,É M,High,003017259003,5130101
5130,10,2,erythromycin ethylsuccinate,Rat,Male,2 hr,75,É M,High,003017259004,5130102
5130,11,1,erythromycin ethylsuccinate,Rat,Male,8 hr,75,É M,High,003017259011,5130111
5130,11,2,erythromycin ethylsuccinate,Rat,Male,8 hr,75,É M,High,003017259012,5130112
5130,12,1,erythromycin ethylsuccinate,Rat,Male,24 hr,75,É M,High,003017259019,5130121
5130,12,2,erythromycin ethylsuccinate,Rat,Male,24 hr,75,É M,High,003017259020,5130122
5131,01,1,ethambutol,Rat,Male,2 hr,0,É M,Control,003017256026,5131011
5131,01,2,ethambutol,Rat,Male,2 hr,0,É M,Control,003017256027,5131012
5131,02,1,ethambutol,Rat,Male,8 hr,0,É M,Control,003017257004,5131021
5131,02,2,ethambutol,Rat,Male,8 hr,0,É M,Control,003017257005,5131022
5131,03,1,ethambutol,Rat,Male,24 hr,0,É M,Control,003017257012,5131031
5131,03,2,ethambutol,Rat,Male,24 hr,0,É M,Control,003017257013,5131032
5131,04,1,ethambutol,Rat,Male,2 hr,160,É M,Low,003017256028,5131041
5131,04,2,ethambutol,Rat,Male,2 hr,160,É M,Low,003017256029,5131042
5131,05,1,ethambutol,Rat,Male,8 hr,160,É M,Low,003017257006,5131051
5131,05,2,ethambutol,Rat,Male,8 hr,160,É M,Low,003017257007,5131052
5131,06,1,ethambutol,Rat,Male,24 hr,160,É M,Low,003017257014,5131061
5131,06,2,ethambutol,Rat,Male,24 hr,160,É M,Low,003017257015,5131062
5131,07,1,ethambutol,Rat,Male,2 hr,800,É M,Middle,003017274005,5131071
5131,07,2,ethambutol,Rat,Male,2 hr,800,É M,Middle,003017274006,5131072
5131,08,1,ethambutol,Rat,Male,8 hr,800,É M,Middle,003017257008,5131081
5131,08,2,ethambutol,Rat,Male,8 hr,800,É M,Middle,003017257009,5131082
5131,09,1,ethambutol,Rat,Male,24 hr,800,É M,Middle,003017257016,5131091
5131,09,2,ethambutol,Rat,Male,24 hr,800,É M,Middle,003017257017,5131092
5131,10,1,ethambutol,Rat,Male,2 hr,4000,É M,High,003017257002,5131101
5131,10,2,ethambutol,Rat,Male,2 hr,4000,É M,High,003017257003,5131102
5131,11,1,ethambutol,Rat,Male,8 hr,4000,É M,High,003017257010,5131111
5131,11,2,ethambutol,Rat,Male,8 hr,4000,É M,High,003017257011,5131112
5131,12,1,ethambutol,Rat,Male,24 hr,4000,É M,High,003017257018,5131121
5131,12,2,ethambutol,Rat,Male,24 hr,4000,É M,High,003017257019,5131122
5132,01,1,mefenamic acid,Rat,Male,2 hr,0,É M,Control,003017256002,5132011
5132,01,2,mefenamic acid,Rat,Male,2 hr,0,É M,Control,003017256003,5132012
5132,02,1,mefenamic acid,Rat,Male,8 hr,0,É M,Control,003017256010,5132021
5132,02,2,mefenamic acid,Rat,Male,8 hr,0,É M,Control,003017256011,5132022
5132,03,1,mefenamic acid,Rat,Male,24 hr,0,É M,Control,003017256018,5132031
5132,03,2,mefenamic acid,Rat,Male,24 hr,0,É M,Control,003017256019,5132032
5132,04,1,mefenamic acid,Rat,Male,2 hr,6,É M,Low,003017256004,5132041
5132,04,2,mefenamic acid,Rat,Male,2 hr,6,É M,Low,003017256005,5132042
5132,05,1,mefenamic acid,Rat,Male,8 hr,6,É M,Low,003017256012,5132051
5132,05,2,mefenamic acid,Rat,Male,8 hr,6,É M,Low,003017256013,5132052
5132,06,1,mefenamic acid,Rat,Male,24 hr,6,É M,Low,003017256020,5132061
5132,06,2,mefenamic acid,Rat,Male,24 hr,6,É M,Low,003017256021,5132062
5132,07,1,mefenamic acid,Rat,Male,2 hr,30,É M,Middle,003017256006,5132071
5132,07,2,mefenamic acid,Rat,Male,2 hr,30,É M,Middle,003017256007,5132072
5132,08,1,mefenamic acid,Rat,Male,8 hr,30,É M,Middle,003017256014,5132081
5132,08,2,mefenamic acid,Rat,Male,8 hr,30,É M,Middle,003017256015,5132082
5132,09,1,mefenamic acid,Rat,Male,24 hr,30,É M,Middle,003017272013,5132091
5132,09,2,mefenamic acid,Rat,Male,24 hr,30,É M,Middle,003017256022,5132092
5132,10,1,mefenamic acid,Rat,Male,2 hr,150,É M,High,003017256008,5132101
5132,10,2,mefenamic acid,Rat,Male,2 hr,150,É M,High,003017256009,5132102
5132,11,1,mefenamic acid,Rat,Male,8 hr,150,É M,High,003017256016,5132111
5132,11,2,mefenamic acid,Rat,Male,8 hr,150,É M,High,003017256017,5132112
5132,12,1,mefenamic acid,Rat,Male,24 hr,150,É M,High,003017256023,5132121
5132,12,2,mefenamic acid,Rat,Male,24 hr,150,É M,High,003017256024,5132122
5133,01,1,famotidine,Rat,Male,2 hr,0,É M,Control,003017253020,5133011
5133,01,2,famotidine,Rat,Male,2 hr,0,É M,Control,003017253021,5133012
5133,02,1,famotidine,Rat,Male,8 hr,0,É M,Control,003017253028,5133021
5133,02,2,famotidine,Rat,Male,8 hr,0,É M,Control,003017253029,5133022
5133,03,1,famotidine,Rat,Male,24 hr,0,É M,Control,003017254006,5133031
5133,03,2,famotidine,Rat,Male,24 hr,0,É M,Control,003017254007,5133032
5133,04,1,famotidine,Rat,Male,2 hr,28,É M,Low,003017253022,5133041
5133,04,2,famotidine,Rat,Male,2 hr,28,É M,Low,003017253023,5133042
5133,05,1,famotidine,Rat,Male,8 hr,28,É M,Low,003017253030,5133051
5133,05,2,famotidine,Rat,Male,8 hr,28,É M,Low,003017254001,5133052
5133,06,1,famotidine,Rat,Male,24 hr,28,É M,Low,003017254008,5133061
5133,06,2,famotidine,Rat,Male,24 hr,28,É M,Low,003017254009,5133062
5133,07,1,famotidine,Rat,Male,2 hr,140,É M,Middle,003017253024,5133071
5133,07,2,famotidine,Rat,Male,2 hr,140,É M,Middle,003017253025,5133072
5133,08,1,famotidine,Rat,Male,8 hr,140,É M,Middle,003017254002,5133081
5133,08,2,famotidine,Rat,Male,8 hr,140,É M,Middle,003017254003,5133082
5133,09,1,famotidine,Rat,Male,24 hr,140,É M,Middle,003017254010,5133091
5133,09,2,famotidine,Rat,Male,24 hr,140,É M,Middle,003017254011,5133092
5133,10,1,famotidine,Rat,Male,2 hr,700,É M,High,003017253026,5133101
5133,10,2,famotidine,Rat,Male,2 hr,700,É M,High,003017253027,5133102
5133,11,1,famotidine,Rat,Male,8 hr,700,É M,High,003017254004,5133111
5133,11,2,famotidine,Rat,Male,8 hr,700,É M,High,003017254005,5133112
5133,12,1,famotidine,Rat,Male,24 hr,700,É M,High,003017254012,5133121
5133,12,2,famotidine,Rat,Male,24 hr,700,É M,High,003017254013,5133122
5134,01,1,ranitidine,Rat,Male,2 hr,0,É M,Control,003017254014,5134011
5134,01,2,ranitidine,Rat,Male,2 hr,0,É M,Control,003017254015,5134012
5134,02,1,ranitidine,Rat,Male,8 hr,0,É M,Control,003017254022,5134021
5134,02,2,ranitidine,Rat,Male,8 hr,0,É M,Control,003017254023,5134022
5134,03,1,ranitidine,Rat,Male,24 hr,0,É M,Control,003017255001,5134031
5134,03,2,ranitidine,Rat,Male,24 hr,0,É M,Control,003017255002,5134032
5134,04,1,ranitidine,Rat,Male,2 hr,160,É M,Low,003017254016,5134041
5134,04,2,ranitidine,Rat,Male,2 hr,160,É M,Low,003017254017,5134042
5134,05,1,ranitidine,Rat,Male,8 hr,160,É M,Low,003017254024,5134051
5134,05,2,ranitidine,Rat,Male,8 hr,160,É M,Low,003017254025,5134052
5134,06,1,ranitidine,Rat,Male,24 hr,160,É M,Low,003017255003,5134061
5134,06,2,ranitidine,Rat,Male,24 hr,160,É M,Low,003017255004,5134062
5134,07,1,ranitidine,Rat,Male,2 hr,800,É M,Middle,003017254018,5134071
5134,07,2,ranitidine,Rat,Male,2 hr,800,É M,Middle,003017254019,5134072
5134,08,1,ranitidine,Rat,Male,8 hr,800,É M,Middle,003017254026,5134081
5134,08,2,ranitidine,Rat,Male,8 hr,800,É M,Middle,003017254027,5134082
5134,09,1,ranitidine,Rat,Male,24 hr,800,É M,Middle,003017255005,5134091
5134,09,2,ranitidine,Rat,Male,24 hr,800,É M,Middle,003017255006,5134092
5134,10,1,ranitidine,Rat,Male,2 hr,4000,É M,High,003017254020,5134101
5134,10,2,ranitidine,Rat,Male,2 hr,4000,É M,High,003017254021,5134102
5134,11,1,ranitidine,Rat,Male,8 hr,4000,É M,High,003017254028,5134111
5134,11,2,ranitidine,Rat,Male,8 hr,4000,É M,High,003017254029,5134112
5134,12,1,ranitidine,Rat,Male,24 hr,4000,É M,High,003017255007,5134121
5134,12,2,ranitidine,Rat,Male,24 hr,4000,É M,High,003017254030,5134122
5135,01,1,chlorpheniramine,Rat,Male,2 hr,0,É M,Control,003017283022,5135011
5135,01,2,chlorpheniramine,Rat,Male,2 hr,0,É M,Control,003017283023,5135012
5135,02,1,chlorpheniramine,Rat,Male,8 hr,0,É M,Control,003017283030,5135021
5135,02,2,chlorpheniramine,Rat,Male,8 hr,0,É M,Control,003017284001,5135022
5135,03,1,chlorpheniramine,Rat,Male,24 hr,0,É M,Control,003017284008,5135031
5135,03,2,chlorpheniramine,Rat,Male,24 hr,0,É M,Control,003017284009,5135032
5135,04,1,chlorpheniramine,Rat,Male,2 hr,8,É M,Low,003017283024,5135041
5135,04,2,chlorpheniramine,Rat,Male,2 hr,8,É M,Low,003017283025,5135042
5135,05,1,chlorpheniramine,Rat,Male,8 hr,8,É M,Low,003017284002,5135051
5135,05,2,chlorpheniramine,Rat,Male,8 hr,8,É M,Low,003017284003,5135052
5135,06,1,chlorpheniramine,Rat,Male,24 hr,8,É M,Low,003017284010,5135061
5135,06,2,chlorpheniramine,Rat,Male,24 hr,8,É M,Low,003017284011,5135062
5135,07,1,chlorpheniramine,Rat,Male,2 hr,40,É M,Middle,003017283026,5135071
5135,07,2,chlorpheniramine,Rat,Male,2 hr,40,É M,Middle,003017283027,5135072
5135,08,1,chlorpheniramine,Rat,Male,8 hr,40,É M,Middle,003017284004,5135081
5135,08,2,chlorpheniramine,Rat,Male,8 hr,40,É M,Middle,003017284005,5135082
5135,09,1,chlorpheniramine,Rat,Male,24 hr,40,É M,Middle,003017284012,5135091
5135,09,2,chlorpheniramine,Rat,Male,24 hr,40,É M,Middle,003017284013,5135092
5135,10,1,chlorpheniramine,Rat,Male,2 hr,200,É M,High,003017283028,5135101
5135,10,2,chlorpheniramine,Rat,Male,2 hr,200,É M,High,003017283029,5135102
5135,11,1,chlorpheniramine,Rat,Male,8 hr,200,É M,High,003017284006,5135111
5135,11,2,chlorpheniramine,Rat,Male,8 hr,200,É M,High,003017284007,5135112
5135,12,1,chlorpheniramine,Rat,Male,24 hr,200,É M,High,003017284014,5135121
5135,12,2,chlorpheniramine,Rat,Male,24 hr,200,É M,High,003017284015,5135122
5136,01,1,nifedipine,Rat,Male,2 hr,0,É M,Control,003017281014,5136011
5136,01,2,nifedipine,Rat,Male,2 hr,0,É M,Control,003017281015,5136012
5136,02,1,nifedipine,Rat,Male,8 hr,0,É M,Control,003017281022,5136021
5136,02,2,nifedipine,Rat,Male,8 hr,0,É M,Control,003017281023,5136022
5136,03,1,nifedipine,Rat,Male,24 hr,0,É M,Control,003017281030,5136031
5136,03,2,nifedipine,Rat,Male,24 hr,0,É M,Control,003017282001,5136032
5136,04,1,nifedipine,Rat,Male,2 hr,10,É M,Low,003017281016,5136041
5136,04,2,nifedipine,Rat,Male,2 hr,10,É M,Low,003017281017,5136042
5136,05,1,nifedipine,Rat,Male,8 hr,10,É M,Low,003017281024,5136051
5136,05,2,nifedipine,Rat,Male,8 hr,10,É M,Low,003017281025,5136052
5136,06,1,nifedipine,Rat,Male,24 hr,10,É M,Low,003017282002,5136061
5136,06,2,nifedipine,Rat,Male,24 hr,10,É M,Low,003017282003,5136062
5136,07,1,nifedipine,Rat,Male,2 hr,50,É M,Middle,003017281018,5136071
5136,07,2,nifedipine,Rat,Male,2 hr,50,É M,Middle,003017281019,5136072
5136,08,1,nifedipine,Rat,Male,8 hr,50,É M,Middle,003017281026,5136081
5136,08,2,nifedipine,Rat,Male,8 hr,50,É M,Middle,003017281027,5136082
5136,09,1,nifedipine,Rat,Male,24 hr,50,É M,Middle,003017282004,5136091
5136,09,2,nifedipine,Rat,Male,24 hr,50,É M,Middle,003017282005,5136092
5136,10,1,nifedipine,Rat,Male,2 hr,250,É M,High,003017281020,5136101
5136,10,2,nifedipine,Rat,Male,2 hr,250,É M,High,003017281021,5136102
5136,11,1,nifedipine,Rat,Male,8 hr,250,É M,High,003017281028,5136111
5136,11,2,nifedipine,Rat,Male,8 hr,250,É M,High,003017281029,5136112
5136,12,1,nifedipine,Rat,Male,24 hr,250,É M,High,003017282006,5136121
5136,12,2,nifedipine,Rat,Male,24 hr,250,É M,High,003017282007,5136122
5137,01,1,diltiazem,Rat,Male,2 hr,0,É M,Control,003017299001,5137011
5137,01,2,diltiazem,Rat,Male,2 hr,0,É M,Control,003017299002,5137012
5137,02,1,diltiazem,Rat,Male,8 hr,0,É M,Control,003017299009,5137021
5137,02,2,diltiazem,Rat,Male,8 hr,0,É M,Control,003017299010,5137022
5137,03,1,diltiazem,Rat,Male,24 hr,0,É M,Control,003017299017,5137031
5137,03,2,diltiazem,Rat,Male,24 hr,0,É M,Control,003017299018,5137032
5137,04,1,diltiazem,Rat,Male,2 hr,10,É M,Low,003017299003,5137041
5137,04,2,diltiazem,Rat,Male,2 hr,10,É M,Low,003017299004,5137042
5137,05,1,diltiazem,Rat,Male,8 hr,10,É M,Low,003017299011,5137051
5137,05,2,diltiazem,Rat,Male,8 hr,10,É M,Low,003017299012,5137052
5137,06,1,diltiazem,Rat,Male,24 hr,10,É M,Low,003017299019,5137061
5137,06,2,diltiazem,Rat,Male,24 hr,10,É M,Low,003017299020,5137062
5137,07,1,diltiazem,Rat,Male,2 hr,50,É M,Middle,003017299005,5137071
5137,07,2,diltiazem,Rat,Male,2 hr,50,É M,Middle,003017299006,5137072
5137,08,1,diltiazem,Rat,Male,8 hr,50,É M,Middle,003017299013,5137081
5137,08,2,diltiazem,Rat,Male,8 hr,50,É M,Middle,003017299014,5137082
5137,09,1,diltiazem,Rat,Male,24 hr,50,É M,Middle,003017299021,5137091
5137,09,2,diltiazem,Rat,Male,24 hr,50,É M,Middle,003017299022,5137092
5137,10,1,diltiazem,Rat,Male,2 hr,250,É M,High,003017299007,5137101
5137,10,2,diltiazem,Rat,Male,2 hr,250,É M,High,003017299008,5137102
5137,11,1,diltiazem,Rat,Male,8 hr,250,É M,High,003017299015,5137111
5137,11,2,diltiazem,Rat,Male,8 hr,250,É M,High,003017299016,5137112
5137,12,1,diltiazem,Rat,Male,24 hr,250,É M,High,003017299023,5137121
5137,12,2,diltiazem,Rat,Male,24 hr,250,É M,High,003017299024,5137122
5138,01,1,tannic acid,Rat,Male,2 hr,0,É M,Control,003017289010,5138011
5138,01,2,tannic acid,Rat,Male,2 hr,0,É M,Control,003017289011,5138012
5138,02,1,tannic acid,Rat,Male,8 hr,0,É M,Control,003017289018,5138021
5138,02,2,tannic acid,Rat,Male,8 hr,0,É M,Control,003017289019,5138022
5138,03,1,tannic acid,Rat,Male,24 hr,0,É M,Control,003017289026,5138031
5138,03,2,tannic acid,Rat,Male,24 hr,0,É M,Control,003017289027,5138032
5138,04,1,tannic acid,Rat,Male,2 hr,0,É M,Low,003017289012,5138041
5138,04,2,tannic acid,Rat,Male,2 hr,0,É M,Low,003017289013,5138042
5138,05,1,tannic acid,Rat,Male,8 hr,0,É M,Low,003017289020,5138051
5138,05,2,tannic acid,Rat,Male,8 hr,0,É M,Low,003017289021,5138052
5138,06,1,tannic acid,Rat,Male,24 hr,0,É M,Low,003017289028,5138061
5138,06,2,tannic acid,Rat,Male,24 hr,0,É M,Low,003017289029,5138062
5138,07,1,tannic acid,Rat,Male,2 hr,2,É M,Middle,003017289014,5138071
5138,07,2,tannic acid,Rat,Male,2 hr,2,É M,Middle,003017289015,5138072
5138,08,1,tannic acid,Rat,Male,8 hr,2,É M,Middle,003017289022,5138081
5138,08,2,tannic acid,Rat,Male,8 hr,2,É M,Middle,003017289023,5138082
5138,09,1,tannic acid,Rat,Male,24 hr,2,É M,Middle,003017289030,5138091
5138,09,2,tannic acid,Rat,Male,24 hr,2,É M,Middle,003017290001,5138092
5138,10,1,tannic acid,Rat,Male,2 hr,10,É M,High,003017289016,5138101
5138,10,2,tannic acid,Rat,Male,2 hr,10,É M,High,003017289017,5138102
5138,11,1,tannic acid,Rat,Male,8 hr,10,É M,High,003017289024,5138111
5138,11,2,tannic acid,Rat,Male,8 hr,10,É M,High,003017289025,5138112
5138,12,1,tannic acid,Rat,Male,24 hr,10,É M,High,003017290002,5138121
5138,12,2,tannic acid,Rat,Male,24 hr,10,É M,High,003017290003,5138122
5139,01,1,captopril,Rat,Male,2 hr,0,É M,Control,003017303014,5139011
5139,01,2,captopril,Rat,Male,2 hr,0,É M,Control,003017303015,5139012
5139,02,1,captopril,Rat,Male,8 hr,0,É M,Control,003017303022,5139021
5139,02,2,captopril,Rat,Male,8 hr,0,É M,Control,003017303023,5139022
5139,03,1,captopril,Rat,Male,24 hr,0,É M,Control,003017303030,5139031
5139,03,2,captopril,Rat,Male,24 hr,0,É M,Control,003017304025,5139032
5139,04,1,captopril,Rat,Male,2 hr,400,É M,Low,003017303016,5139041
5139,04,2,captopril,Rat,Male,2 hr,400,É M,Low,003017303017,5139042
5139,05,1,captopril,Rat,Male,8 hr,400,É M,Low,003017303024,5139051
5139,05,2,captopril,Rat,Male,8 hr,400,É M,Low,003017303025,5139052
5139,06,1,captopril,Rat,Male,24 hr,400,É M,Low,003017304026,5139061
5139,06,2,captopril,Rat,Male,24 hr,400,É M,Low,003017304027,5139062
5139,07,1,captopril,Rat,Male,2 hr,2000,É M,Middle,003017303018,5139071
5139,07,2,captopril,Rat,Male,2 hr,2000,É M,Middle,003017303019,5139072
5139,08,1,captopril,Rat,Male,8 hr,2000,É M,Middle,003017303026,5139081
5139,08,2,captopril,Rat,Male,8 hr,2000,É M,Middle,003017303027,5139082
5139,09,1,captopril,Rat,Male,24 hr,2000,É M,Middle,003017304028,5139091
5139,09,2,captopril,Rat,Male,24 hr,2000,É M,Middle,003017304029,5139092
5139,10,1,captopril,Rat,Male,2 hr,10000,É M,High,003017303020,5139101
5139,10,2,captopril,Rat,Male,2 hr,10000,É M,High,003017303021,5139102
5139,11,1,captopril,Rat,Male,8 hr,10000,É M,High,003017303028,5139111
5139,11,2,captopril,Rat,Male,8 hr,10000,É M,High,003017303029,5139112
5139,12,1,captopril,Rat,Male,24 hr,10000,É M,High,003017304030,5139121
5139,12,2,captopril,Rat,Male,24 hr,10000,É M,High,003017305001,5139122
5140,01,1,enalapril,Rat,Male,2 hr,0,É M,Control,003017293011,5140011
5140,01,2,enalapril,Rat,Male,2 hr,0,É M,Control,003017293012,5140012
5140,02,1,enalapril,Rat,Male,8 hr,0,É M,Control,003017293019,5140021
5140,02,2,enalapril,Rat,Male,8 hr,0,É M,Control,003017293020,5140022
5140,03,1,enalapril,Rat,Male,24 hr,0,É M,Control,003017293027,5140031
5140,03,2,enalapril,Rat,Male,24 hr,0,É M,Control,003017293028,5140032
5140,04,1,enalapril,Rat,Male,2 hr,80,É M,Low,003017293013,5140041
5140,04,2,enalapril,Rat,Male,2 hr,80,É M,Low,003017293014,5140042
5140,05,1,enalapril,Rat,Male,8 hr,80,É M,Low,003017293021,5140051
5140,05,2,enalapril,Rat,Male,8 hr,80,É M,Low,003017293022,5140052
5140,06,1,enalapril,Rat,Male,24 hr,80,É M,Low,003017293029,5140061
5140,06,2,enalapril,Rat,Male,24 hr,80,É M,Low,003017295025,5140062
5140,07,1,enalapril,Rat,Male,2 hr,400,É M,Middle,003017293015,5140071
5140,07,2,enalapril,Rat,Male,2 hr,400,É M,Middle,003017293016,5140072
5140,08,1,enalapril,Rat,Male,8 hr,400,É M,Middle,003017293023,5140081
5140,08,2,enalapril,Rat,Male,8 hr,400,É M,Middle,003017293024,5140082
5140,09,1,enalapril,Rat,Male,24 hr,400,É M,Middle,003017294001,5140091
5140,09,2,enalapril,Rat,Male,24 hr,400,É M,Middle,003017294002,5140092
5140,10,1,enalapril,Rat,Male,2 hr,2000,É M,High,003017293017,5140101
5140,10,2,enalapril,Rat,Male,2 hr,2000,É M,High,003017293018,5140102
5140,11,1,enalapril,Rat,Male,8 hr,2000,É M,High,003017293025,5140111
5140,11,2,enalapril,Rat,Male,8 hr,2000,É M,High,003017293026,5140112
5140,12,1,enalapril,Rat,Male,24 hr,2000,É M,High,003017294003,5140121
5140,12,2,enalapril,Rat,Male,24 hr,2000,É M,High,003017294004,5140122
5141,01,1,theophylline,Rat,Male,2 hr,0,É M,Control,003017301001,5141011
5141,01,2,theophylline,Rat,Male,2 hr,0,É M,Control,003017301002,5141012
5141,02,1,theophylline,Rat,Male,8 hr,0,É M,Control,003017301009,5141021
5141,02,2,theophylline,Rat,Male,8 hr,0,É M,Control,003017301010,5141022
5141,03,1,theophylline,Rat,Male,24 hr,0,É M,Control,003017301017,5141031
5141,03,2,theophylline,Rat,Male,24 hr,0,É M,Control,003017301018,5141032
5141,04,1,theophylline,Rat,Male,2 hr,400,É M,Low,003017301003,5141041
5141,04,2,theophylline,Rat,Male,2 hr,400,É M,Low,003017301004,5141042
5141,05,1,theophylline,Rat,Male,8 hr,400,É M,Low,003017301011,5141051
5141,05,2,theophylline,Rat,Male,8 hr,400,É M,Low,003017301012,5141052
5141,06,1,theophylline,Rat,Male,24 hr,400,É M,Low,003017301019,5141061
5141,06,2,theophylline,Rat,Male,24 hr,400,É M,Low,003017301020,5141062
5141,07,1,theophylline,Rat,Male,2 hr,2000,É M,Middle,003017301005,5141071
5141,07,2,theophylline,Rat,Male,2 hr,2000,É M,Middle,003017301006,5141072
5141,08,1,theophylline,Rat,Male,8 hr,2000,É M,Middle,003017301013,5141081
5141,08,2,theophylline,Rat,Male,8 hr,2000,É M,Middle,003017301014,5141082
5141,09,1,theophylline,Rat,Male,24 hr,2000,É M,Middle,003017301021,5141091
5141,09,2,theophylline,Rat,Male,24 hr,2000,É M,Middle,003017301022,5141092
5141,10,1,theophylline,Rat,Male,2 hr,10000,É M,High,003017301007,5141101
5141,10,2,theophylline,Rat,Male,2 hr,10000,É M,High,003017301008,5141102
5141,11,1,theophylline,Rat,Male,8 hr,10000,É M,High,003017301015,5141111
5141,11,2,theophylline,Rat,Male,8 hr,10000,É M,High,003017301016,5141112
5141,12,1,theophylline,Rat,Male,24 hr,10000,É M,High,003017301023,5141121
5141,12,2,theophylline,Rat,Male,24 hr,10000,É M,High,003017301024,5141122
5142,01,1,caffeine,Rat,Male,2 hr,0,É M,Control,003017309002,5142011
5142,01,2,caffeine,Rat,Male,2 hr,0,É M,Control,003017309003,5142012
5142,02,1,caffeine,Rat,Male,8 hr,0,É M,Control,003017309010,5142021
5142,02,2,caffeine,Rat,Male,8 hr,0,É M,Control,003017309011,5142022
5142,03,1,caffeine,Rat,Male,24 hr,0,É M,Control,003017309018,5142031
5142,03,2,caffeine,Rat,Male,24 hr,0,É M,Control,003017309019,5142032
5142,04,1,caffeine,Rat,Male,2 hr,400,É M,Low,003017309004,5142041
5142,04,2,caffeine,Rat,Male,2 hr,400,É M,Low,003017309005,5142042
5142,05,1,caffeine,Rat,Male,8 hr,400,É M,Low,003017309012,5142051
5142,05,2,caffeine,Rat,Male,8 hr,400,É M,Low,003017309013,5142052
5142,06,1,caffeine,Rat,Male,24 hr,400,É M,Low,003017309020,5142061
5142,06,2,caffeine,Rat,Male,24 hr,400,É M,Low,003017309021,5142062
5142,07,1,caffeine,Rat,Male,2 hr,2000,É M,Middle,003017309006,5142071
5142,07,2,caffeine,Rat,Male,2 hr,2000,É M,Middle,003017309007,5142072
5142,08,1,caffeine,Rat,Male,8 hr,2000,É M,Middle,003017309014,5142081
5142,08,2,caffeine,Rat,Male,8 hr,2000,É M,Middle,003017309015,5142082
5142,09,1,caffeine,Rat,Male,24 hr,2000,É M,Middle,003017309022,5142091
5142,09,2,caffeine,Rat,Male,24 hr,2000,É M,Middle,003017309023,5142092
5142,10,1,caffeine,Rat,Male,2 hr,10000,É M,High,003017309008,5142101
5142,10,2,caffeine,Rat,Male,2 hr,10000,É M,High,003017309009,5142102
5142,11,1,caffeine,Rat,Male,8 hr,10000,É M,High,003017309016,5142111
5142,11,2,caffeine,Rat,Male,8 hr,10000,É M,High,003017309017,5142112
5142,12,1,caffeine,Rat,Male,24 hr,10000,É M,High,003017309024,5142121
5142,12,2,caffeine,Rat,Male,24 hr,10000,É M,High,003017309025,5142122
5143,01,1,papaverine,Rat,Male,2 hr,0,É M,Control,003017261009,5143011
5143,01,2,papaverine,Rat,Male,2 hr,0,É M,Control,003017261010,5143012
5143,02,1,papaverine,Rat,Male,8 hr,0,É M,Control,003017261017,5143021
5143,02,2,papaverine,Rat,Male,8 hr,0,É M,Control,003017261018,5143022
5143,03,1,papaverine,Rat,Male,24 hr,0,É M,Control,003017261025,5143031
5143,03,2,papaverine,Rat,Male,24 hr,0,É M,Control,003017261026,5143032
5143,04,1,papaverine,Rat,Male,2 hr,4,É M,Low,003017261011,5143041
5143,04,2,papaverine,Rat,Male,2 hr,4,É M,Low,003017261012,5143042
5143,05,1,papaverine,Rat,Male,8 hr,4,É M,Low,003017261019,5143051
5143,05,2,papaverine,Rat,Male,8 hr,4,É M,Low,003017261020,5143052
5143,06,1,papaverine,Rat,Male,24 hr,4,É M,Low,003017261027,5143061
5143,06,2,papaverine,Rat,Male,24 hr,4,É M,Low,003017261028,5143062
5143,07,1,papaverine,Rat,Male,2 hr,20,É M,Middle,003017261013,5143071
5143,07,2,papaverine,Rat,Male,2 hr,20,É M,Middle,003017261014,5143072
5143,08,1,papaverine,Rat,Male,8 hr,20,É M,Middle,003017261021,5143081
5143,08,2,papaverine,Rat,Male,8 hr,20,É M,Middle,003017261022,5143082
5143,09,1,papaverine,Rat,Male,24 hr,20,É M,Middle,003017261029,5143091
5143,09,2,papaverine,Rat,Male,24 hr,20,É M,Middle,003017261030,5143092
5143,10,1,papaverine,Rat,Male,2 hr,100,É M,High,003017261015,5143101
5143,10,2,papaverine,Rat,Male,2 hr,100,É M,High,003017261016,5143102
5143,11,1,papaverine,Rat,Male,8 hr,100,É M,High,003017261023,5143111
5143,11,2,papaverine,Rat,Male,8 hr,100,É M,High,003017261024,5143112
5143,12,1,papaverine,Rat,Male,24 hr,100,É M,High,003017262001,5143121
5143,12,2,papaverine,Rat,Male,24 hr,100,É M,High,003017262002,5143122
5144,01,1,penicillamine,Rat,Male,2 hr,0,É M,Control,003017275001,5144011
5144,01,2,penicillamine,Rat,Male,2 hr,0,É M,Control,003017275002,5144012
5144,02,1,penicillamine,Rat,Male,8 hr,0,É M,Control,003017275009,5144021
5144,02,2,penicillamine,Rat,Male,8 hr,0,É M,Control,003017275010,5144022
5144,03,1,penicillamine,Rat,Male,24 hr,0,É M,Control,003017275017,5144031
5144,03,2,penicillamine,Rat,Male,24 hr,0,É M,Control,003017275018,5144032
5144,04,1,penicillamine,Rat,Male,2 hr,400,É M,Low,003017275003,5144041
5144,04,2,penicillamine,Rat,Male,2 hr,400,É M,Low,003017275004,5144042
5144,05,1,penicillamine,Rat,Male,8 hr,400,É M,Low,003017275011,5144051
5144,05,2,penicillamine,Rat,Male,8 hr,400,É M,Low,003017275012,5144052
5144,06,1,penicillamine,Rat,Male,24 hr,400,É M,Low,003017275019,5144061
5144,06,2,penicillamine,Rat,Male,24 hr,400,É M,Low,003017275020,5144062
5144,07,1,penicillamine,Rat,Male,2 hr,2000,É M,Middle,003017275005,5144071
5144,07,2,penicillamine,Rat,Male,2 hr,2000,É M,Middle,003017275006,5144072
5144,08,1,penicillamine,Rat,Male,8 hr,2000,É M,Middle,003017275013,5144081
5144,08,2,penicillamine,Rat,Male,8 hr,2000,É M,Middle,003017275014,5144082
5144,09,1,penicillamine,Rat,Male,24 hr,2000,É M,Middle,003017275021,5144091
5144,09,2,penicillamine,Rat,Male,24 hr,2000,É M,Middle,003017275022,5144092
5144,10,1,penicillamine,Rat,Male,2 hr,10000,É M,High,003017275007,5144101
5144,10,2,penicillamine,Rat,Male,2 hr,10000,É M,High,003017275008,5144102
5144,11,1,penicillamine,Rat,Male,8 hr,10000,É M,High,003017275015,5144111
5144,11,2,penicillamine,Rat,Male,8 hr,10000,É M,High,003017275016,5144112
5144,12,1,penicillamine,Rat,Male,24 hr,10000,É M,High,003017275023,5144121
5144,12,2,penicillamine,Rat,Male,24 hr,10000,É M,High,003017275024,5144122
5145,01,1,sulindac,Rat,Male,2 hr,0,É M,Control,003017292017,5145011
5145,01,2,sulindac,Rat,Male,2 hr,0,É M,Control,003017292018,5145012
5145,02,1,sulindac,Rat,Male,8 hr,0,É M,Control,003017292025,5145021
5145,02,2,sulindac,Rat,Male,8 hr,0,É M,Control,003017292026,5145022
5145,03,1,sulindac,Rat,Male,24 hr,0,É M,Control,003017293003,5145031
5145,03,2,sulindac,Rat,Male,24 hr,0,É M,Control,003017293004,5145032
5145,04,1,sulindac,Rat,Male,2 hr,80,É M,Low,003017292019,5145041
5145,04,2,sulindac,Rat,Male,2 hr,80,É M,Low,003017292020,5145042
5145,05,1,sulindac,Rat,Male,8 hr,80,É M,Low,003017292027,5145051
5145,05,2,sulindac,Rat,Male,8 hr,80,É M,Low,003017292028,5145052
5145,06,1,sulindac,Rat,Male,24 hr,80,É M,Low,003017293005,5145061
5145,06,2,sulindac,Rat,Male,24 hr,80,É M,Low,003017293006,5145062
5145,07,1,sulindac,Rat,Male,2 hr,400,É M,Middle,003017292021,5145071
5145,07,2,sulindac,Rat,Male,2 hr,400,É M,Middle,003017292022,5145072
5145,08,1,sulindac,Rat,Male,8 hr,400,É M,Middle,003017292029,5145081
5145,08,2,sulindac,Rat,Male,8 hr,400,É M,Middle,003017292030,5145082
5145,09,1,sulindac,Rat,Male,24 hr,400,É M,Middle,003017293007,5145091
5145,09,2,sulindac,Rat,Male,24 hr,400,É M,Middle,003017293008,5145092
5145,10,1,sulindac,Rat,Male,2 hr,2000,É M,High,003017292023,5145101
5145,10,2,sulindac,Rat,Male,2 hr,2000,É M,High,003017292024,5145102
5145,11,1,sulindac,Rat,Male,8 hr,2000,É M,High,003017293001,5145111
5145,11,2,sulindac,Rat,Male,8 hr,2000,É M,High,003017293002,5145112
5145,12,1,sulindac,Rat,Male,24 hr,2000,É M,High,003017293009,5145121
5145,12,2,sulindac,Rat,Male,24 hr,2000,É M,High,003017293010,5145122
5146,01,1,triamterene,Rat,Male,2 hr,0,É M,Control,003017297001,5146011
5146,01,2,triamterene,Rat,Male,2 hr,0,É M,Control,003017297002,5146012
5146,02,1,triamterene,Rat,Male,8 hr,0,É M,Control,003017297009,5146021
5146,02,2,triamterene,Rat,Male,8 hr,0,É M,Control,003017297010,5146022
5146,03,1,triamterene,Rat,Male,24 hr,0,É M,Control,003017297017,5146031
5146,03,2,triamterene,Rat,Male,24 hr,0,É M,Control,003017297018,5146032
5146,04,1,triamterene,Rat,Male,2 hr,1,É M,Low,003017297003,5146041
5146,04,2,triamterene,Rat,Male,2 hr,1,É M,Low,003017297004,5146042
5146,05,1,triamterene,Rat,Male,8 hr,1,É M,Low,003017297011,5146051
5146,05,2,triamterene,Rat,Male,8 hr,1,É M,Low,003017297012,5146052
5146,06,1,triamterene,Rat,Male,24 hr,1,É M,Low,003017297019,5146061
5146,06,2,triamterene,Rat,Male,24 hr,1,É M,Low,003017297020,5146062
5146,07,1,triamterene,Rat,Male,2 hr,6,É M,Middle,003017297005,5146071
5146,07,2,triamterene,Rat,Male,2 hr,6,É M,Middle,003017297006,5146072
5146,08,1,triamterene,Rat,Male,8 hr,6,É M,Middle,003017297013,5146081
5146,08,2,triamterene,Rat,Male,8 hr,6,É M,Middle,003017297014,5146082
5146,09,1,triamterene,Rat,Male,24 hr,6,É M,Middle,003017297021,5146091
5146,09,2,triamterene,Rat,Male,24 hr,6,É M,Middle,003017297022,5146092
5146,10,1,triamterene,Rat,Male,2 hr,30,É M,High,003017297007,5146101
5146,10,2,triamterene,Rat,Male,2 hr,30,É M,High,003017297008,5146102
5146,11,1,triamterene,Rat,Male,8 hr,30,É M,High,003017297015,5146111
5146,11,2,triamterene,Rat,Male,8 hr,30,É M,High,003017297016,5146112
5146,12,1,triamterene,Rat,Male,24 hr,30,É M,High,003017297023,5146121
5146,12,2,triamterene,Rat,Male,24 hr,30,É M,High,003017297024,5146122
5147,01,1,disopyramide,Rat,Male,2 hr,0,É M,Control,003017256025,5147011
5147,01,2,disopyramide,Rat,Male,2 hr,0,É M,Control,003017258004,5147012
5147,02,1,disopyramide,Rat,Male,8 hr,0,É M,Control,003017258011,5147021
5147,02,2,disopyramide,Rat,Male,8 hr,0,É M,Control,003017258012,5147022
5147,03,1,disopyramide,Rat,Male,24 hr,0,É M,Control,003017258019,5147031
5147,03,2,disopyramide,Rat,Male,24 hr,0,É M,Control,003017258020,5147032
5147,04,1,disopyramide,Rat,Male,2 hr,100,É M,Low,003017258005,5147041
5147,04,2,disopyramide,Rat,Male,2 hr,100,É M,Low,003017258006,5147042
5147,05,1,disopyramide,Rat,Male,8 hr,100,É M,Low,003017258013,5147051
5147,05,2,disopyramide,Rat,Male,8 hr,100,É M,Low,003017258014,5147052
5147,06,1,disopyramide,Rat,Male,24 hr,100,É M,Low,003017258021,5147061
5147,06,2,disopyramide,Rat,Male,24 hr,100,É M,Low,003017258022,5147062
5147,07,1,disopyramide,Rat,Male,2 hr,500,É M,Middle,003017258007,5147071
5147,07,2,disopyramide,Rat,Male,2 hr,500,É M,Middle,003017258008,5147072
5147,08,1,disopyramide,Rat,Male,8 hr,500,É M,Middle,003017258015,5147081
5147,08,2,disopyramide,Rat,Male,8 hr,500,É M,Middle,003017258016,5147082
5147,09,1,disopyramide,Rat,Male,24 hr,500,É M,Middle,003017258023,5147091
5147,09,2,disopyramide,Rat,Male,24 hr,500,É M,Middle,003017258024,5147092
5147,10,1,disopyramide,Rat,Male,2 hr,2500,É M,High,003017258009,5147101
5147,10,2,disopyramide,Rat,Male,2 hr,2500,É M,High,003017258010,5147102
5147,11,1,disopyramide,Rat,Male,8 hr,2500,É M,High,003017258017,5147111
5147,11,2,disopyramide,Rat,Male,8 hr,2500,É M,High,003017258018,5147112
5147,12,1,disopyramide,Rat,Male,24 hr,2500,É M,High,003017258025,5147121
5147,12,2,disopyramide,Rat,Male,24 hr,2500,É M,High,003017258026,5147122
5148,01,1,mexiletine,Rat,Male,2 hr,0,É M,Control,003017260001,5148011
5148,01,2,mexiletine,Rat,Male,2 hr,0,É M,Control,003017260002,5148012
5148,02,1,mexiletine,Rat,Male,8 hr,0,É M,Control,003017260009,5148021
5148,02,2,mexiletine,Rat,Male,8 hr,0,É M,Control,003017260010,5148022
5148,03,1,mexiletine,Rat,Male,24 hr,0,É M,Control,003017259023,5148031
5148,03,2,mexiletine,Rat,Male,24 hr,0,É M,Control,003017284019,5148032
5148,04,1,mexiletine,Rat,Male,2 hr,1,É M,Low,003017260003,5148041
5148,04,2,mexiletine,Rat,Male,2 hr,1,É M,Low,003017260004,5148042
5148,05,1,mexiletine,Rat,Male,8 hr,1,É M,Low,003017260011,5148051
5148,05,2,mexiletine,Rat,Male,8 hr,1,É M,Low,003017260012,5148052
5148,06,1,mexiletine,Rat,Male,24 hr,1,É M,Low,003017259025,5148061
5148,06,2,mexiletine,Rat,Male,24 hr,1,É M,Low,003017259026,5148062
5148,07,1,mexiletine,Rat,Male,2 hr,3,É M,Middle,003017260005,5148071
5148,07,2,mexiletine,Rat,Male,2 hr,3,É M,Middle,003017260006,5148072
5148,08,1,mexiletine,Rat,Male,8 hr,3,É M,Middle,003017260013,5148081
5148,08,2,mexiletine,Rat,Male,8 hr,3,É M,Middle,003017260014,5148082
5148,09,1,mexiletine,Rat,Male,24 hr,3,É M,Middle,003017259027,5148091
5148,09,2,mexiletine,Rat,Male,24 hr,3,É M,Middle,003017259028,5148092
5148,10,1,mexiletine,Rat,Male,2 hr,15,É M,High,003017260007,5148101
5148,10,2,mexiletine,Rat,Male,2 hr,15,É M,High,003017260008,5148102
5148,11,1,mexiletine,Rat,Male,8 hr,15,É M,High,003017259021,5148111
5148,11,2,mexiletine,Rat,Male,8 hr,15,É M,High,003017259022,5148112
5148,12,1,mexiletine,Rat,Male,24 hr,15,É M,High,003017259029,5148121
5148,12,2,mexiletine,Rat,Male,24 hr,15,É M,High,003017259030,5148122
5149,01,1,tiopronin,Rat,Male,2 hr,0,É M,Control,003017305002,5149011
5149,01,2,tiopronin,Rat,Male,2 hr,0,É M,Control,003017305003,5149012
5149,02,1,tiopronin,Rat,Male,8 hr,0,É M,Control,003017305010,5149021
5149,02,2,tiopronin,Rat,Male,8 hr,0,É M,Control,003017305011,5149022
5149,03,1,tiopronin,Rat,Male,24 hr,0,É M,Control,003017305018,5149031
5149,03,2,tiopronin,Rat,Male,24 hr,0,É M,Control,003017305019,5149032
5149,04,1,tiopronin,Rat,Male,2 hr,1,É M,Low,003017305004,5149041
5149,04,2,tiopronin,Rat,Male,2 hr,1,É M,Low,003017305005,5149042
5149,05,1,tiopronin,Rat,Male,8 hr,1,É M,Low,003017305012,5149051
5149,05,2,tiopronin,Rat,Male,8 hr,1,É M,Low,003017305013,5149052
5149,06,1,tiopronin,Rat,Male,24 hr,1,É M,Low,003017305020,5149061
5149,06,2,tiopronin,Rat,Male,24 hr,1,É M,Low,003017305021,5149062
5149,07,1,tiopronin,Rat,Male,2 hr,5,É M,Middle,003017305006,5149071
5149,07,2,tiopronin,Rat,Male,2 hr,5,É M,Middle,003017305007,5149072
5149,08,1,tiopronin,Rat,Male,8 hr,5,É M,Middle,003017305014,5149081
5149,08,2,tiopronin,Rat,Male,8 hr,5,É M,Middle,003017305015,5149082
5149,09,1,tiopronin,Rat,Male,24 hr,5,É M,Middle,003017305022,5149091
5149,09,2,tiopronin,Rat,Male,24 hr,5,É M,Middle,003017305023,5149092
5149,10,1,tiopronin,Rat,Male,2 hr,25,É M,High,003017305008,5149101
5149,10,2,tiopronin,Rat,Male,2 hr,25,É M,High,003017305009,5149102
5149,11,1,tiopronin,Rat,Male,8 hr,25,É M,High,003017305016,5149111
5149,11,2,tiopronin,Rat,Male,8 hr,25,É M,High,003017305017,5149112
5149,12,1,tiopronin,Rat,Male,24 hr,25,É M,High,003017305024,5149121
5149,12,2,tiopronin,Rat,Male,24 hr,25,É M,High,003017305025,5149122
5165,01,1,acetazolamide,Rat,Male,2 hr,0,É M,Control,003017333003,5165011
5165,01,2,acetazolamide,Rat,Male,2 hr,0,É M,Control,003017333004,5165012
5165,02,1,acetazolamide,Rat,Male,8 hr,0,É M,Control,003017333011,5165021
5165,02,2,acetazolamide,Rat,Male,8 hr,0,É M,Control,003017333012,5165022
5165,03,1,acetazolamide,Rat,Male,24 hr,0,É M,Control,003017333019,5165031
5165,03,2,acetazolamide,Rat,Male,24 hr,0,É M,Control,003017333020,5165032
5165,04,1,acetazolamide,Rat,Male,2 hr,24,É M,Low,003017333005,5165041
5165,04,2,acetazolamide,Rat,Male,2 hr,24,É M,Low,003017333006,5165042
5165,05,1,acetazolamide,Rat,Male,8 hr,24,É M,Low,003017333013,5165051
5165,05,2,acetazolamide,Rat,Male,8 hr,24,É M,Low,003017333014,5165052
5165,06,1,acetazolamide,Rat,Male,24 hr,24,É M,Low,003017333021,5165061
5165,06,2,acetazolamide,Rat,Male,24 hr,24,É M,Low,003017333022,5165062
5165,07,1,acetazolamide,Rat,Male,2 hr,120,É M,Middle,003017333007,5165071
5165,07,2,acetazolamide,Rat,Male,2 hr,120,É M,Middle,003017333008,5165072
5165,08,1,acetazolamide,Rat,Male,8 hr,120,É M,Middle,003017333015,5165081
5165,08,2,acetazolamide,Rat,Male,8 hr,120,É M,Middle,003017333016,5165082
5165,09,1,acetazolamide,Rat,Male,24 hr,120,É M,Middle,003017333023,5165091
5165,09,2,acetazolamide,Rat,Male,24 hr,120,É M,Middle,003017333024,5165092
5165,10,1,acetazolamide,Rat,Male,2 hr,600,É M,High,003017333009,5165101
5165,10,2,acetazolamide,Rat,Male,2 hr,600,É M,High,003017333010,5165102
5165,11,1,acetazolamide,Rat,Male,8 hr,600,É M,High,003017333017,5165111
5165,11,2,acetazolamide,Rat,Male,8 hr,600,É M,High,003017333018,5165112
5165,12,1,acetazolamide,Rat,Male,24 hr,600,É M,High,003017333025,5165121
5165,12,2,acetazolamide,Rat,Male,24 hr,600,É M,High,003017333026,5165122
5166,01,1,disulfiram,Rat,Male,2 hr,0,É M,Control,003017325027,5166011
5166,01,2,disulfiram,Rat,Male,2 hr,0,É M,Control,003017325028,5166012
5166,02,1,disulfiram,Rat,Male,8 hr,0,É M,Control,003017326005,5166021
5166,02,2,disulfiram,Rat,Male,8 hr,0,É M,Control,003017326006,5166022
5166,03,1,disulfiram,Rat,Male,24 hr,0,É M,Control,003017326013,5166031
5166,03,2,disulfiram,Rat,Male,24 hr,0,É M,Control,003017326014,5166032
5166,04,1,disulfiram,Rat,Male,2 hr,2,É M,Low,003017325029,5166041
5166,04,2,disulfiram,Rat,Male,2 hr,2,É M,Low,003017325030,5166042
5166,05,1,disulfiram,Rat,Male,8 hr,2,É M,Low,003017326007,5166051
5166,05,2,disulfiram,Rat,Male,8 hr,2,É M,Low,003017326008,5166052
5166,06,1,disulfiram,Rat,Male,24 hr,2,É M,Low,003017326015,5166061
5166,06,2,disulfiram,Rat,Male,24 hr,2,É M,Low,003017326016,5166062
5166,07,1,disulfiram,Rat,Male,2 hr,12,É M,Middle,003017326001,5166071
5166,07,2,disulfiram,Rat,Male,2 hr,12,É M,Middle,003017326002,5166072
5166,08,1,disulfiram,Rat,Male,8 hr,12,É M,Middle,003017326009,5166081
5166,08,2,disulfiram,Rat,Male,8 hr,12,É M,Middle,003017326010,5166082
5166,09,1,disulfiram,Rat,Male,24 hr,12,É M,Middle,003017326017,5166091
5166,09,2,disulfiram,Rat,Male,24 hr,12,É M,Middle,003017326018,5166092
5166,10,1,disulfiram,Rat,Male,2 hr,60,É M,High,003017326003,5166101
5166,10,2,disulfiram,Rat,Male,2 hr,60,É M,High,003017326004,5166102
5166,11,1,disulfiram,Rat,Male,8 hr,60,É M,High,003017326011,5166111
5166,11,2,disulfiram,Rat,Male,8 hr,60,É M,High,003017326012,5166112
5166,12,1,disulfiram,Rat,Male,24 hr,60,É M,High,003017326019,5166121
5166,12,2,disulfiram,Rat,Male,24 hr,60,É M,High,003017326020,5166122
5167,01,1,promethazine,Rat,Male,2 hr,0,É M,Control,003017325003,5167011
5167,01,2,promethazine,Rat,Male,2 hr,0,É M,Control,003017325004,5167012
5167,02,1,promethazine,Rat,Male,8 hr,0,É M,Control,003017325011,5167021
5167,02,2,promethazine,Rat,Male,8 hr,0,É M,Control,003017325012,5167022
5167,03,1,promethazine,Rat,Male,24 hr,0,É M,Control,003017325019,5167031
5167,03,2,promethazine,Rat,Male,24 hr,0,É M,Control,003017325020,5167032
5167,04,1,promethazine,Rat,Male,2 hr,3,É M,Low,003017325005,5167041
5167,04,2,promethazine,Rat,Male,2 hr,3,É M,Low,003017325006,5167042
5167,05,1,promethazine,Rat,Male,8 hr,3,É M,Low,003017325013,5167051
5167,05,2,promethazine,Rat,Male,8 hr,3,É M,Low,003017325014,5167052
5167,06,1,promethazine,Rat,Male,24 hr,3,É M,Low,003017325021,5167061
5167,06,2,promethazine,Rat,Male,24 hr,3,É M,Low,003017325022,5167062
5167,07,1,promethazine,Rat,Male,2 hr,16,É M,Middle,003017325007,5167071
5167,07,2,promethazine,Rat,Male,2 hr,16,É M,Middle,003017325008,5167072
5167,08,1,promethazine,Rat,Male,8 hr,16,É M,Middle,003017325015,5167081
5167,08,2,promethazine,Rat,Male,8 hr,16,É M,Middle,003017325016,5167082
5167,09,1,promethazine,Rat,Male,24 hr,16,É M,Middle,003017325023,5167091
5167,09,2,promethazine,Rat,Male,24 hr,16,É M,Middle,003017325024,5167092
5167,10,1,promethazine,Rat,Male,2 hr,80,É M,High,003017325009,5167101
5167,10,2,promethazine,Rat,Male,2 hr,80,É M,High,003017325010,5167102
5167,11,1,promethazine,Rat,Male,8 hr,80,É M,High,003017325017,5167111
5167,11,2,promethazine,Rat,Male,8 hr,80,É M,High,003017325018,5167112
5167,12,1,promethazine,Rat,Male,24 hr,80,É M,High,003017325025,5167121
5167,12,2,promethazine,Rat,Male,24 hr,80,É M,High,003017325026,5167122
5168,01,1,colchicine,Rat,Male,2 hr,0,É M,Control,003017329003,5168011
5168,01,2,colchicine,Rat,Male,2 hr,0,É M,Control,003017329004,5168012
5168,02,1,colchicine,Rat,Male,8 hr,0,É M,Control,003017329011,5168021
5168,02,2,colchicine,Rat,Male,8 hr,0,É M,Control,003017329012,5168022
5168,03,1,colchicine,Rat,Male,24 hr,0,É M,Control,003017329019,5168031
5168,03,2,colchicine,Rat,Male,24 hr,0,É M,Control,003017329020,5168032
5168,04,1,colchicine,Rat,Male,2 hr,200,É M,Low,003017329005,5168041
5168,04,2,colchicine,Rat,Male,2 hr,200,É M,Low,003017329006,5168042
5168,05,1,colchicine,Rat,Male,8 hr,200,É M,Low,003017329013,5168051
5168,05,2,colchicine,Rat,Male,8 hr,200,É M,Low,003017329014,5168052
5168,06,1,colchicine,Rat,Male,24 hr,200,É M,Low,003017329021,5168061
5168,06,2,colchicine,Rat,Male,24 hr,200,É M,Low,003017329022,5168062
5168,07,1,colchicine,Rat,Male,2 hr,1000,É M,Middle,003017329007,5168071
5168,07,2,colchicine,Rat,Male,2 hr,1000,É M,Middle,003017329008,5168072
5168,08,1,colchicine,Rat,Male,8 hr,1000,É M,Middle,003017329015,5168081
5168,08,2,colchicine,Rat,Male,8 hr,1000,É M,Middle,003017329016,5168082
5168,09,1,colchicine,Rat,Male,24 hr,1000,É M,Middle,003017329023,5168091
5168,09,2,colchicine,Rat,Male,24 hr,1000,É M,Middle,003017329024,5168092
5168,10,1,colchicine,Rat,Male,2 hr,5000,É M,High,003017329009,5168101
5168,10,2,colchicine,Rat,Male,2 hr,5000,É M,High,003017329010,5168102
5168,11,1,colchicine,Rat,Male,8 hr,5000,É M,High,003017329017,5168111
5168,11,2,colchicine,Rat,Male,8 hr,5000,É M,High,003017329018,5168112
5168,12,1,colchicine,Rat,Male,24 hr,5000,É M,High,003017329025,5168121
5168,12,2,colchicine,Rat,Male,24 hr,5000,É M,High,003017329026,5168122
5169,01,1,tolbutamide,Rat,Male,2 hr,0,É M,Control,003017332009,5169011
5169,01,2,tolbutamide,Rat,Male,2 hr,0,É M,Control,003017332010,5169012
5169,02,1,tolbutamide,Rat,Male,8 hr,0,É M,Control,003017332017,5169021
5169,02,2,tolbutamide,Rat,Male,8 hr,0,É M,Control,003017332018,5169022
5169,03,1,tolbutamide,Rat,Male,24 hr,0,É M,Control,003017332025,5169031
5169,03,2,tolbutamide,Rat,Male,24 hr,0,É M,Control,003017332026,5169032
5169,04,1,tolbutamide,Rat,Male,2 hr,80,É M,Low,003017332011,5169041
5169,04,2,tolbutamide,Rat,Male,2 hr,80,É M,Low,003017332012,5169042
5169,05,1,tolbutamide,Rat,Male,8 hr,80,É M,Low,003017332019,5169051
5169,05,2,tolbutamide,Rat,Male,8 hr,80,É M,Low,003017332020,5169052
5169,06,1,tolbutamide,Rat,Male,24 hr,80,É M,Low,003017332027,5169061
5169,06,2,tolbutamide,Rat,Male,24 hr,80,É M,Low,003017332028,5169062
5169,07,1,tolbutamide,Rat,Male,2 hr,400,É M,Middle,003017332013,5169071
5169,07,2,tolbutamide,Rat,Male,2 hr,400,É M,Middle,003017332014,5169072
5169,08,1,tolbutamide,Rat,Male,8 hr,400,É M,Middle,003017332021,5169081
5169,08,2,tolbutamide,Rat,Male,8 hr,400,É M,Middle,003017332022,5169082
5169,09,1,tolbutamide,Rat,Male,24 hr,400,É M,Middle,003017332029,5169091
5169,09,2,tolbutamide,Rat,Male,24 hr,400,É M,Middle,003017332030,5169092
5169,10,1,tolbutamide,Rat,Male,2 hr,2000,É M,High,003017332015,5169101
5169,10,2,tolbutamide,Rat,Male,2 hr,2000,É M,High,003017332016,5169102
5169,11,1,tolbutamide,Rat,Male,8 hr,2000,É M,High,003017332023,5169111
5169,11,2,tolbutamide,Rat,Male,8 hr,2000,É M,High,003017332024,5169112
5169,12,1,tolbutamide,Rat,Male,24 hr,2000,É M,High,003017333001,5169121
5169,12,2,tolbutamide,Rat,Male,24 hr,2000,É M,High,003017333002,5169122
5170,01,1,sulpiride,Rat,Male,2 hr,0,É M,Control,003017323014,5170011
5170,01,2,sulpiride,Rat,Male,2 hr,0,É M,Control,003017323015,5170012
5170,02,1,sulpiride,Rat,Male,8 hr,0,É M,Control,003017323022,5170021
5170,02,2,sulpiride,Rat,Male,8 hr,0,É M,Control,003017323023,5170022
5170,03,1,sulpiride,Rat,Male,24 hr,0,É M,Control,003017323030,5170031
5170,03,2,sulpiride,Rat,Male,24 hr,0,É M,Control,003017324001,5170032
5170,04,1,sulpiride,Rat,Male,2 hr,200,É M,Low,003017323016,5170041
5170,04,2,sulpiride,Rat,Male,2 hr,200,É M,Low,003017323017,5170042
5170,05,1,sulpiride,Rat,Male,8 hr,200,É M,Low,003017323024,5170051
5170,05,2,sulpiride,Rat,Male,8 hr,200,É M,Low,003017323025,5170052
5170,06,1,sulpiride,Rat,Male,24 hr,200,É M,Low,003017324002,5170061
5170,06,2,sulpiride,Rat,Male,24 hr,200,É M,Low,003017324003,5170062
5170,07,1,sulpiride,Rat,Male,2 hr,1000,É M,Middle,003017323018,5170071
5170,07,2,sulpiride,Rat,Male,2 hr,1000,É M,Middle,003017323019,5170072
5170,08,1,sulpiride,Rat,Male,8 hr,1000,É M,Middle,003017323026,5170081
5170,08,2,sulpiride,Rat,Male,8 hr,1000,É M,Middle,003017323027,5170082
5170,09,1,sulpiride,Rat,Male,24 hr,1000,É M,Middle,003017324004,5170091
5170,09,2,sulpiride,Rat,Male,24 hr,1000,É M,Middle,003017324005,5170092
5170,10,1,sulpiride,Rat,Male,2 hr,5000,É M,High,003017323020,5170101
5170,10,2,sulpiride,Rat,Male,2 hr,5000,É M,High,003017323021,5170102
5170,11,1,sulpiride,Rat,Male,8 hr,5000,É M,High,003017323028,5170111
5170,11,2,sulpiride,Rat,Male,8 hr,5000,É M,High,003017323029,5170112
5170,12,1,sulpiride,Rat,Male,24 hr,5000,É M,High,003017324006,5170121
5170,12,2,sulpiride,Rat,Male,24 hr,5000,É M,High,003017324007,5170122
5171,01,1,acarbose,Rat,Male,2 hr,0,É M,Control,003017337003,5171011
5171,01,2,acarbose,Rat,Male,2 hr,0,É M,Control,003017337004,5171012
5171,02,1,acarbose,Rat,Male,8 hr,0,É M,Control,003017337011,5171021
5171,02,2,acarbose,Rat,Male,8 hr,0,É M,Control,003017337012,5171022
5171,03,1,acarbose,Rat,Male,24 hr,0,É M,Control,003017337019,5171031
5171,03,2,acarbose,Rat,Male,24 hr,0,É M,Control,003017337020,5171032
5171,04,1,acarbose,Rat,Male,2 hr,400,É M,Low,003017337005,5171041
5171,04,2,acarbose,Rat,Male,2 hr,400,É M,Low,003017337006,5171042
5171,05,1,acarbose,Rat,Male,8 hr,400,É M,Low,003017337013,5171051
5171,05,2,acarbose,Rat,Male,8 hr,400,É M,Low,003017337014,5171052
5171,06,1,acarbose,Rat,Male,24 hr,400,É M,Low,003017337021,5171061
5171,06,2,acarbose,Rat,Male,24 hr,400,É M,Low,003017337022,5171062
5171,07,1,acarbose,Rat,Male,2 hr,2000,É M,Middle,003017337007,5171071
5171,07,2,acarbose,Rat,Male,2 hr,2000,É M,Middle,003017337008,5171072
5171,08,1,acarbose,Rat,Male,8 hr,2000,É M,Middle,003017337015,5171081
5171,08,2,acarbose,Rat,Male,8 hr,2000,É M,Middle,003017337016,5171082
5171,09,1,acarbose,Rat,Male,24 hr,2000,É M,Middle,003017337023,5171091
5171,09,2,acarbose,Rat,Male,24 hr,2000,É M,Middle,003017337024,5171092
5171,10,1,acarbose,Rat,Male,2 hr,10000,É M,High,003017337009,5171101
5171,10,2,acarbose,Rat,Male,2 hr,10000,É M,High,003017337010,5171102
5171,11,1,acarbose,Rat,Male,8 hr,10000,É M,High,003017337017,5171111
5171,11,2,acarbose,Rat,Male,8 hr,10000,É M,High,003017337018,5171112
5171,12,1,acarbose,Rat,Male,24 hr,10000,É M,High,003017337025,5171121
5171,12,2,acarbose,Rat,Male,24 hr,10000,É M,High,003017337026,5171122
5172,01,1,simvastatin,Rat,Male,2 hr,0,É M,Control,003017334021,5172011
5172,01,2,simvastatin,Rat,Male,2 hr,0,É M,Control,003017334022,5172012
5172,02,1,simvastatin,Rat,Male,8 hr,0,É M,Control,003017334029,5172021
5172,02,2,simvastatin,Rat,Male,8 hr,0,É M,Control,003017334030,5172022
5172,03,1,simvastatin,Rat,Male,24 hr,0,É M,Control,003017335007,5172031
5172,03,2,simvastatin,Rat,Male,24 hr,0,É M,Control,003017335008,5172032
5172,04,1,simvastatin,Rat,Male,2 hr,2,É M,Low,003017334023,5172041
5172,04,2,simvastatin,Rat,Male,2 hr,2,É M,Low,003017334024,5172042
5172,05,1,simvastatin,Rat,Male,8 hr,2,É M,Low,003017335001,5172051
5172,05,2,simvastatin,Rat,Male,8 hr,2,É M,Low,003017335002,5172052
5172,06,1,simvastatin,Rat,Male,24 hr,2,É M,Low,003017335009,5172061
5172,06,2,simvastatin,Rat,Male,24 hr,2,É M,Low,003017335010,5172062
5172,07,1,simvastatin,Rat,Male,2 hr,12,É M,Middle,003017334025,5172071
5172,07,2,simvastatin,Rat,Male,2 hr,12,É M,Middle,003017334026,5172072
5172,08,1,simvastatin,Rat,Male,8 hr,12,É M,Middle,003017335003,5172081
5172,08,2,simvastatin,Rat,Male,8 hr,12,É M,Middle,003017335004,5172082
5172,09,1,simvastatin,Rat,Male,24 hr,12,É M,Middle,003017335011,5172091
5172,09,2,simvastatin,Rat,Male,24 hr,12,É M,Middle,003017335012,5172092
5172,10,1,simvastatin,Rat,Male,2 hr,60,É M,High,003017334027,5172101
5172,10,2,simvastatin,Rat,Male,2 hr,60,É M,High,003017334028,5172102
5172,11,1,simvastatin,Rat,Male,8 hr,60,É M,High,003017335005,5172111
5172,11,2,simvastatin,Rat,Male,8 hr,60,É M,High,003017335006,5172112
5172,12,1,simvastatin,Rat,Male,24 hr,60,É M,High,003017335013,5172121
5172,12,2,simvastatin,Rat,Male,24 hr,60,É M,High,003017335014,5172122
5173,01,1,ajmaline,Rat,Male,2 hr,0,É M,Control,003017346029,5173011
5173,01,2,ajmaline,Rat,Male,2 hr,0,É M,Control,003017346030,5173012
5173,02,1,ajmaline,Rat,Male,8 hr,0,É M,Control,003017347007,5173021
5173,02,2,ajmaline,Rat,Male,8 hr,0,É M,Control,003017347008,5173022
5173,03,1,ajmaline,Rat,Male,24 hr,0,É M,Control,003017347015,5173031
5173,03,2,ajmaline,Rat,Male,24 hr,0,É M,Control,003017347016,5173032
5173,04,1,ajmaline,Rat,Male,2 hr,12,É M,Low,003017347001,5173041
5173,04,2,ajmaline,Rat,Male,2 hr,12,É M,Low,003017347002,5173042
5173,05,1,ajmaline,Rat,Male,8 hr,12,É M,Low,003017347009,5173051
5173,05,2,ajmaline,Rat,Male,8 hr,12,É M,Low,003017347010,5173052
5173,06,1,ajmaline,Rat,Male,24 hr,12,É M,Low,003017347017,5173061
5173,06,2,ajmaline,Rat,Male,24 hr,12,É M,Low,003017347018,5173062
5173,07,1,ajmaline,Rat,Male,2 hr,60,É M,Middle,003017347003,5173071
5173,07,2,ajmaline,Rat,Male,2 hr,60,É M,Middle,003017347004,5173072
5173,08,1,ajmaline,Rat,Male,8 hr,60,É M,Middle,003017347011,5173081
5173,08,2,ajmaline,Rat,Male,8 hr,60,É M,Middle,003017347012,5173082
5173,09,1,ajmaline,Rat,Male,24 hr,60,É M,Middle,003017347019,5173091
5173,09,2,ajmaline,Rat,Male,24 hr,60,É M,Middle,003017347020,5173092
5173,10,1,ajmaline,Rat,Male,2 hr,300,É M,High,003017347005,5173101
5173,10,2,ajmaline,Rat,Male,2 hr,300,É M,High,003017347006,5173102
5173,11,1,ajmaline,Rat,Male,8 hr,300,É M,High,003017347013,5173111
5173,11,2,ajmaline,Rat,Male,8 hr,300,É M,High,003017347014,5173112
5173,12,1,ajmaline,Rat,Male,24 hr,300,É M,High,003017347021,5173121
5173,12,2,ajmaline,Rat,Male,24 hr,300,É M,High,003017347022,5173122
5174,01,1,dantrolene,Rat,Male,2 hr,0,É M,Control,003017346005,5174011
5174,01,2,dantrolene,Rat,Male,2 hr,0,É M,Control,003017346006,5174012
5174,02,1,dantrolene,Rat,Male,8 hr,0,É M,Control,003017346013,5174021
5174,02,2,dantrolene,Rat,Male,8 hr,0,É M,Control,003017346014,5174022
5174,03,1,dantrolene,Rat,Male,24 hr,0,É M,Control,003017346021,5174031
5174,03,2,dantrolene,Rat,Male,24 hr,0,É M,Control,003017346022,5174032
5174,04,1,dantrolene,Rat,Male,2 hr,0,É M,Low,003017346007,5174041
5174,04,2,dantrolene,Rat,Male,2 hr,0,É M,Low,003017346008,5174042
5174,05,1,dantrolene,Rat,Male,8 hr,0,É M,Low,003017346015,5174051
5174,05,2,dantrolene,Rat,Male,8 hr,0,É M,Low,003017346016,5174052
5174,06,1,dantrolene,Rat,Male,24 hr,0,É M,Low,003017346023,5174061
5174,06,2,dantrolene,Rat,Male,24 hr,0,É M,Low,003017346024,5174062
5174,07,1,dantrolene,Rat,Male,2 hr,2,É M,Middle,003017346009,5174071
5174,07,2,dantrolene,Rat,Male,2 hr,2,É M,Middle,003017346010,5174072
5174,08,1,dantrolene,Rat,Male,8 hr,2,É M,Middle,003017346017,5174081
5174,08,2,dantrolene,Rat,Male,8 hr,2,É M,Middle,003017346018,5174082
5174,09,1,dantrolene,Rat,Male,24 hr,2,É M,Middle,003017346025,5174091
5174,09,2,dantrolene,Rat,Male,24 hr,2,É M,Middle,003017346026,5174092
5174,10,1,dantrolene,Rat,Male,2 hr,10,É M,High,003017346011,5174101
5174,10,2,dantrolene,Rat,Male,2 hr,10,É M,High,003017346012,5174102
5174,11,1,dantrolene,Rat,Male,8 hr,10,É M,High,003017346019,5174111
5174,11,2,dantrolene,Rat,Male,8 hr,10,É M,High,003017346020,5174112
5174,12,1,dantrolene,Rat,Male,24 hr,10,É M,High,003017346027,5174121
5174,12,2,dantrolene,Rat,Male,24 hr,10,É M,High,003017346028,5174122
5175,01,1,triazolam,Rat,Male,2 hr,0,É M,Control,003017342027,5175011
5175,01,2,triazolam,Rat,Male,2 hr,0,É M,Control,003017342028,5175012
5175,02,1,triazolam,Rat,Male,8 hr,0,É M,Control,003017343005,5175021
5175,02,2,triazolam,Rat,Male,8 hr,0,É M,Control,003017343006,5175022
5175,03,1,triazolam,Rat,Male,24 hr,0,É M,Control,003017343013,5175031
5175,03,2,triazolam,Rat,Male,24 hr,0,É M,Control,003017343014,5175032
5175,04,1,triazolam,Rat,Male,2 hr,0,É M,Low,003017342029,5175041
5175,04,2,triazolam,Rat,Male,2 hr,0,É M,Low,003017342030,5175042
5175,05,1,triazolam,Rat,Male,8 hr,0,É M,Low,003017343007,5175051
5175,05,2,triazolam,Rat,Male,8 hr,0,É M,Low,003017343008,5175052
5175,06,1,triazolam,Rat,Male,24 hr,0,É M,Low,003017343015,5175061
5175,06,2,triazolam,Rat,Male,24 hr,0,É M,Low,003017343016,5175062
5175,07,1,triazolam,Rat,Male,2 hr,2,É M,Middle,003017343001,5175071
5175,07,2,triazolam,Rat,Male,2 hr,2,É M,Middle,003017343002,5175072
5175,08,1,triazolam,Rat,Male,8 hr,2,É M,Middle,003017343009,5175081
5175,08,2,triazolam,Rat,Male,8 hr,2,É M,Middle,003017343010,5175082
5175,09,1,triazolam,Rat,Male,24 hr,2,É M,Middle,003017343017,5175091
5175,09,2,triazolam,Rat,Male,24 hr,2,É M,Middle,003017343018,5175092
5175,10,1,triazolam,Rat,Male,2 hr,10,É M,High,003017343003,5175101
5175,10,2,triazolam,Rat,Male,2 hr,10,É M,High,003017343004,5175102
5175,11,1,triazolam,Rat,Male,8 hr,10,É M,High,003017343011,5175111
5175,11,2,triazolam,Rat,Male,8 hr,10,É M,High,003017343012,5175112
5175,12,1,triazolam,Rat,Male,24 hr,10,É M,High,003017343019,5175121
5175,12,2,triazolam,Rat,Male,24 hr,10,É M,High,003017343020,5175122
5176,01,1,clomipramine,Rat,Male,2 hr,0,É M,Control,003017372017,5176011
5176,01,2,clomipramine,Rat,Male,2 hr,0,É M,Control,003017372018,5176012
5176,02,1,clomipramine,Rat,Male,8 hr,0,É M,Control,003017372025,5176021
5176,02,2,clomipramine,Rat,Male,8 hr,0,É M,Control,003017372026,5176022
5176,03,1,clomipramine,Rat,Male,24 hr,0,É M,Control,003017373003,5176031
5176,03,2,clomipramine,Rat,Male,24 hr,0,É M,Control,003017373004,5176032
5176,04,1,clomipramine,Rat,Male,2 hr,2,É M,Low,003017372019,5176041
5176,04,2,clomipramine,Rat,Male,2 hr,2,É M,Low,003017372020,5176042
5176,05,1,clomipramine,Rat,Male,8 hr,2,É M,Low,003017372027,5176051
5176,05,2,clomipramine,Rat,Male,8 hr,2,É M,Low,003017372028,5176052
5176,06,1,clomipramine,Rat,Male,24 hr,2,É M,Low,003017373005,5176061
5176,06,2,clomipramine,Rat,Male,24 hr,2,É M,Low,003017373006,5176062
5176,07,1,clomipramine,Rat,Male,2 hr,8,É M,Middle,003017372021,5176071
5176,07,2,clomipramine,Rat,Male,2 hr,8,É M,Middle,003017372022,5176072
5176,08,1,clomipramine,Rat,Male,8 hr,8,É M,Middle,003017372029,5176081
5176,08,2,clomipramine,Rat,Male,8 hr,8,É M,Middle,003017372030,5176082
5176,09,1,clomipramine,Rat,Male,24 hr,8,É M,Middle,003017373007,5176091
5176,09,2,clomipramine,Rat,Male,24 hr,8,É M,Middle,003017373008,5176092
5176,10,1,clomipramine,Rat,Male,2 hr,40,É M,High,003017372023,5176101
5176,10,2,clomipramine,Rat,Male,2 hr,40,É M,High,003017372024,5176102
5176,11,1,clomipramine,Rat,Male,8 hr,40,É M,High,003017373001,5176111
5176,11,2,clomipramine,Rat,Male,8 hr,40,É M,High,003017373002,5176112
5176,12,1,clomipramine,Rat,Male,24 hr,40,É M,High,003017373009,5176121
5176,12,2,clomipramine,Rat,Male,24 hr,40,É M,High,003017373010,5176122
5177,01,1,trimethadione,Rat,Male,2 hr,0,É M,Control,003017342003,5177011
5177,01,2,trimethadione,Rat,Male,2 hr,0,É M,Control,003017342004,5177012
5177,02,1,trimethadione,Rat,Male,8 hr,0,É M,Control,003017342011,5177021
5177,02,2,trimethadione,Rat,Male,8 hr,0,É M,Control,003017342012,5177022
5177,03,1,trimethadione,Rat,Male,24 hr,0,É M,Control,003017342019,5177031
5177,03,2,trimethadione,Rat,Male,24 hr,0,É M,Control,003017342020,5177032
5177,04,1,trimethadione,Rat,Male,2 hr,400,É M,Low,003017342005,5177041
5177,04,2,trimethadione,Rat,Male,2 hr,400,É M,Low,003017342006,5177042
5177,05,1,trimethadione,Rat,Male,8 hr,400,É M,Low,003017342013,5177051
5177,05,2,trimethadione,Rat,Male,8 hr,400,É M,Low,003017342014,5177052
5177,06,1,trimethadione,Rat,Male,24 hr,400,É M,Low,003017342021,5177061
5177,06,2,trimethadione,Rat,Male,24 hr,400,É M,Low,003017342022,5177062
5177,07,1,trimethadione,Rat,Male,2 hr,2000,É M,Middle,003017342007,5177071
5177,07,2,trimethadione,Rat,Male,2 hr,2000,É M,Middle,003017342008,5177072
5177,08,1,trimethadione,Rat,Male,8 hr,2000,É M,Middle,003017342015,5177081
5177,08,2,trimethadione,Rat,Male,8 hr,2000,É M,Middle,003017342016,5177082
5177,09,1,trimethadione,Rat,Male,24 hr,2000,É M,Middle,003017342023,5177091
5177,09,2,trimethadione,Rat,Male,24 hr,2000,É M,Middle,003017342024,5177092
5177,10,1,trimethadione,Rat,Male,2 hr,10000,É M,High,003017342009,5177101
5177,10,2,trimethadione,Rat,Male,2 hr,10000,É M,High,003017342010,5177102
5177,11,1,trimethadione,Rat,Male,8 hr,10000,É M,High,003017342017,5177111
5177,11,2,trimethadione,Rat,Male,8 hr,10000,É M,High,003017342018,5177112
5177,12,1,trimethadione,Rat,Male,24 hr,10000,É M,High,003017342025,5177121
5177,12,2,trimethadione,Rat,Male,24 hr,10000,É M,High,003017342026,5177122
5178,01,1,terbinafine,Rat,Male,2 hr,0,É M,Control,003017358029,5178011
5178,01,2,terbinafine,Rat,Male,2 hr,0,É M,Control,003017358030,5178012
5178,02,1,terbinafine,Rat,Male,8 hr,0,É M,Control,003017359007,5178021
5178,02,2,terbinafine,Rat,Male,8 hr,0,É M,Control,003017359008,5178022
5178,03,1,terbinafine,Rat,Male,24 hr,0,É M,Control,003017359015,5178031
5178,03,2,terbinafine,Rat,Male,24 hr,0,É M,Control,003017359016,5178032
5178,04,1,terbinafine,Rat,Male,2 hr,1,É M,Low,003017359001,5178041
5178,04,2,terbinafine,Rat,Male,2 hr,1,É M,Low,003017359002,5178042
5178,05,1,terbinafine,Rat,Male,8 hr,1,É M,Low,003017359009,5178051
5178,05,2,terbinafine,Rat,Male,8 hr,1,É M,Low,003017359010,5178052
5178,06,1,terbinafine,Rat,Male,24 hr,1,É M,Low,003017359017,5178061
5178,06,2,terbinafine,Rat,Male,24 hr,1,É M,Low,003017359018,5178062
5178,07,1,terbinafine,Rat,Male,2 hr,3,É M,Middle,003017359003,5178071
5178,07,2,terbinafine,Rat,Male,2 hr,3,É M,Middle,003017359004,5178072
5178,08,1,terbinafine,Rat,Male,8 hr,3,É M,Middle,003017359011,5178081
5178,08,2,terbinafine,Rat,Male,8 hr,3,É M,Middle,003017359012,5178082
5178,09,1,terbinafine,Rat,Male,24 hr,3,É M,Middle,003017359019,5178091
5178,09,2,terbinafine,Rat,Male,24 hr,3,É M,Middle,003017359020,5178092
5178,10,1,terbinafine,Rat,Male,2 hr,15,É M,High,003017359005,5178101
5178,10,2,terbinafine,Rat,Male,2 hr,15,É M,High,003017359006,5178102
5178,11,1,terbinafine,Rat,Male,8 hr,15,É M,High,003017359013,5178111
5178,11,2,terbinafine,Rat,Male,8 hr,15,É M,High,003017359014,5178112
5178,12,1,terbinafine,Rat,Male,24 hr,15,É M,High,003017359021,5178121
5178,12,2,terbinafine,Rat,Male,24 hr,15,É M,High,003017359022,5178122
5179,01,1,meloxicam,Rat,Male,2 hr,0,É M,Control,003017357011,5179011
5179,01,2,meloxicam,Rat,Male,2 hr,0,É M,Control,003017357012,5179012
5179,02,1,meloxicam,Rat,Male,8 hr,0,É M,Control,003017357019,5179021
5179,02,2,meloxicam,Rat,Male,8 hr,0,É M,Control,003017357020,5179022
5179,03,1,meloxicam,Rat,Male,24 hr,0,É M,Control,003017357027,5179031
5179,03,2,meloxicam,Rat,Male,24 hr,0,É M,Control,003017357028,5179032
5179,04,1,meloxicam,Rat,Male,2 hr,2,É M,Low,003017357013,5179041
5179,04,2,meloxicam,Rat,Male,2 hr,2,É M,Low,003017357014,5179042
5179,05,1,meloxicam,Rat,Male,8 hr,2,É M,Low,003017357021,5179051
5179,05,2,meloxicam,Rat,Male,8 hr,2,É M,Low,003017357022,5179052
5179,06,1,meloxicam,Rat,Male,24 hr,2,É M,Low,003017357029,5179061
5179,06,2,meloxicam,Rat,Male,24 hr,2,É M,Low,003017357030,5179062
5179,07,1,meloxicam,Rat,Male,2 hr,10,É M,Middle,003017357015,5179071
5179,07,2,meloxicam,Rat,Male,2 hr,10,É M,Middle,003017357016,5179072
5179,08,1,meloxicam,Rat,Male,8 hr,10,É M,Middle,003017357023,5179081
5179,08,2,meloxicam,Rat,Male,8 hr,10,É M,Middle,003017357024,5179082
5179,09,1,meloxicam,Rat,Male,24 hr,10,É M,Middle,003017358001,5179091
5179,09,2,meloxicam,Rat,Male,24 hr,10,É M,Middle,003017358002,5179092
5179,10,1,meloxicam,Rat,Male,2 hr,50,É M,High,003017357017,5179101
5179,10,2,meloxicam,Rat,Male,2 hr,50,É M,High,003017357018,5179102
5179,11,1,meloxicam,Rat,Male,8 hr,50,É M,High,003017357025,5179111
5179,11,2,meloxicam,Rat,Male,8 hr,50,É M,High,003017357026,5179112
5179,12,1,meloxicam,Rat,Male,24 hr,50,É M,High,003017358003,5179121
5179,12,2,meloxicam,Rat,Male,24 hr,50,É M,High,003017358004,5179122
5180,01,1,lornoxicam,Rat,Male,2 hr,0,É M,Control,003017352017,5180011
5180,01,2,lornoxicam,Rat,Male,2 hr,0,É M,Control,003017352018,5180012
5180,02,1,lornoxicam,Rat,Male,8 hr,0,É M,Control,003017352025,5180021
5180,02,2,lornoxicam,Rat,Male,8 hr,0,É M,Control,003017352026,5180022
5180,03,1,lornoxicam,Rat,Male,24 hr,0,É M,Control,003017353003,5180031
5180,03,2,lornoxicam,Rat,Male,24 hr,0,É M,Control,003017353004,5180032
5180,04,1,lornoxicam,Rat,Male,2 hr,1,É M,Low,003017352019,5180041
5180,04,2,lornoxicam,Rat,Male,2 hr,1,É M,Low,003017352020,5180042
5180,05,1,lornoxicam,Rat,Male,8 hr,1,É M,Low,003017352027,5180051
5180,05,2,lornoxicam,Rat,Male,8 hr,1,É M,Low,003017352028,5180052
5180,06,1,lornoxicam,Rat,Male,24 hr,1,É M,Low,003017353005,5180061
5180,06,2,lornoxicam,Rat,Male,24 hr,1,É M,Low,003017353006,5180062
5180,07,1,lornoxicam,Rat,Male,2 hr,3,É M,Middle,003017352021,5180071
5180,07,2,lornoxicam,Rat,Male,2 hr,3,É M,Middle,003017352022,5180072
5180,08,1,lornoxicam,Rat,Male,8 hr,3,É M,Middle,003017352029,5180081
5180,08,2,lornoxicam,Rat,Male,8 hr,3,É M,Middle,003017352030,5180082
5180,09,1,lornoxicam,Rat,Male,24 hr,3,É M,Middle,003017353007,5180091
5180,09,2,lornoxicam,Rat,Male,24 hr,3,É M,Middle,003017353008,5180092
5180,10,1,lornoxicam,Rat,Male,2 hr,15,É M,High,003017352023,5180101
5180,10,2,lornoxicam,Rat,Male,2 hr,15,É M,High,003017352024,5180102
5180,11,1,lornoxicam,Rat,Male,8 hr,15,É M,High,003017353001,5180111
5180,11,2,lornoxicam,Rat,Male,8 hr,15,É M,High,003017353002,5180112
5180,12,1,lornoxicam,Rat,Male,24 hr,15,É M,High,003017353009,5180121
5180,12,2,lornoxicam,Rat,Male,24 hr,15,É M,High,003017353010,5180122
5181,01,1,chlormadinone,Rat,Male,2 hr,0,É M,Control,003017354029,5181011
5181,01,2,chlormadinone,Rat,Male,2 hr,0,É M,Control,003017354030,5181012
5181,02,1,chlormadinone,Rat,Male,8 hr,0,É M,Control,003017355007,5181021
5181,02,2,chlormadinone,Rat,Male,8 hr,0,É M,Control,003017355008,5181022
5181,03,1,chlormadinone,Rat,Male,24 hr,0,É M,Control,003017355015,5181031
5181,03,2,chlormadinone,Rat,Male,24 hr,0,É M,Control,003017355016,5181032
5181,04,1,chlormadinone,Rat,Male,2 hr,2,É M,Low,003017355001,5181041
5181,04,2,chlormadinone,Rat,Male,2 hr,2,É M,Low,003017355002,5181042
5181,05,1,chlormadinone,Rat,Male,8 hr,2,É M,Low,003017355009,5181051
5181,05,2,chlormadinone,Rat,Male,8 hr,2,É M,Low,003017355010,5181052
5181,06,1,chlormadinone,Rat,Male,24 hr,2,É M,Low,003017355017,5181061
5181,06,2,chlormadinone,Rat,Male,24 hr,2,É M,Low,003017355018,5181062
5181,07,1,chlormadinone,Rat,Male,2 hr,8,É M,Middle,003017355003,5181071
5181,07,2,chlormadinone,Rat,Male,2 hr,8,É M,Middle,003017355004,5181072
5181,08,1,chlormadinone,Rat,Male,8 hr,8,É M,Middle,003017355011,5181081
5181,08,2,chlormadinone,Rat,Male,8 hr,8,É M,Middle,003017355012,5181082
5181,09,1,chlormadinone,Rat,Male,24 hr,8,É M,Middle,003017355019,5181091
5181,09,2,chlormadinone,Rat,Male,24 hr,8,É M,Middle,003017355020,5181092
5181,10,1,chlormadinone,Rat,Male,2 hr,40,É M,High,003017355005,5181101
5181,10,2,chlormadinone,Rat,Male,2 hr,40,É M,High,003017355006,5181102
5181,11,1,chlormadinone,Rat,Male,8 hr,40,É M,High,003017355013,5181111
5181,11,2,chlormadinone,Rat,Male,8 hr,40,É M,High,003017355014,5181112
5181,12,1,chlormadinone,Rat,Male,24 hr,40,É M,High,003017355021,5181121
5181,12,2,chlormadinone,Rat,Male,24 hr,40,É M,High,003017355022,5181122
5182,01,1,danazol,Rat,Male,2 hr,0,É M,Control,003017356017,5182011
5182,01,2,danazol,Rat,Male,2 hr,0,É M,Control,003017356018,5182012
5182,02,1,danazol,Rat,Male,8 hr,0,É M,Control,003017356025,5182021
5182,02,2,danazol,Rat,Male,8 hr,0,É M,Control,003017356026,5182022
5182,03,1,danazol,Rat,Male,24 hr,0,É M,Control,003017357003,5182031
5182,03,2,danazol,Rat,Male,24 hr,0,É M,Control,003017357004,5182032
5182,04,1,danazol,Rat,Male,2 hr,1,É M,Low,003017356019,5182041
5182,04,2,danazol,Rat,Male,2 hr,1,É M,Low,003017356020,5182042
5182,05,1,danazol,Rat,Male,8 hr,1,É M,Low,003017356027,5182051
5182,05,2,danazol,Rat,Male,8 hr,1,É M,Low,003017356028,5182052
5182,06,1,danazol,Rat,Male,24 hr,1,É M,Low,003017357005,5182061
5182,06,2,danazol,Rat,Male,24 hr,1,É M,Low,003017357006,5182062
5182,07,1,danazol,Rat,Male,2 hr,7,É M,Middle,003017356021,5182071
5182,07,2,danazol,Rat,Male,2 hr,7,É M,Middle,003017356022,5182072
5182,08,1,danazol,Rat,Male,8 hr,7,É M,Middle,003017356029,5182081
5182,08,2,danazol,Rat,Male,8 hr,7,É M,Middle,003017356030,5182082
5182,09,1,danazol,Rat,Male,24 hr,7,É M,Middle,003017357007,5182091
5182,09,2,danazol,Rat,Male,24 hr,7,É M,Middle,003017357008,5182092
5182,10,1,danazol,Rat,Male,2 hr,35,É M,High,003017356023,5182101
5182,10,2,danazol,Rat,Male,2 hr,35,É M,High,003017356024,5182102
5182,11,1,danazol,Rat,Male,8 hr,35,É M,High,003017357001,5182111
5182,11,2,danazol,Rat,Male,8 hr,35,É M,High,003017357002,5182112
5182,12,1,danazol,Rat,Male,24 hr,35,É M,High,003017357009,5182121
5182,12,2,danazol,Rat,Male,24 hr,35,É M,High,003017357010,5182122
5184,01,1,bendazac,Rat,Male,2 hr,0,É M,Control,003017355023,5184011
5184,01,2,bendazac,Rat,Male,2 hr,0,É M,Control,003017355024,5184012
5184,02,1,bendazac,Rat,Male,8 hr,0,É M,Control,003017356001,5184021
5184,02,2,bendazac,Rat,Male,8 hr,0,É M,Control,003017356002,5184022
5184,03,1,bendazac,Rat,Male,24 hr,0,É M,Control,003017356009,5184031
5184,03,2,bendazac,Rat,Male,24 hr,0,É M,Control,003017356010,5184032
5184,04,1,bendazac,Rat,Male,2 hr,8,É M,Low,003017355025,5184041
5184,04,2,bendazac,Rat,Male,2 hr,8,É M,Low,003017355026,5184042
5184,05,1,bendazac,Rat,Male,8 hr,8,É M,Low,003017356003,5184051
5184,05,2,bendazac,Rat,Male,8 hr,8,É M,Low,003017356004,5184052
5184,06,1,bendazac,Rat,Male,24 hr,8,É M,Low,003017356011,5184061
5184,06,2,bendazac,Rat,Male,24 hr,8,É M,Low,003017356012,5184062
5184,07,1,bendazac,Rat,Male,2 hr,40,É M,Middle,003017355027,5184071
5184,07,2,bendazac,Rat,Male,2 hr,40,É M,Middle,003017355028,5184072
5184,08,1,bendazac,Rat,Male,8 hr,40,É M,Middle,003017356005,5184081
5184,08,2,bendazac,Rat,Male,8 hr,40,É M,Middle,003017356006,5184082
5184,09,1,bendazac,Rat,Male,24 hr,40,É M,Middle,003017356013,5184091
5184,09,2,bendazac,Rat,Male,24 hr,40,É M,Middle,003017356014,5184092
5184,10,1,bendazac,Rat,Male,2 hr,200,É M,High,003017355029,5184101
5184,10,2,bendazac,Rat,Male,2 hr,200,É M,High,003017355030,5184102
5184,11,1,bendazac,Rat,Male,8 hr,200,É M,High,003017356007,5184111
5184,11,2,bendazac,Rat,Male,8 hr,200,É M,High,003017356008,5184112
5184,12,1,bendazac,Rat,Male,24 hr,200,É M,High,003017356015,5184121
5184,12,2,bendazac,Rat,Male,24 hr,200,É M,High,003017356016,5184122
5185,01,1,benziodarone,Rat,Male,2 hr,0,É M,Control,003017365012,5185011
5185,01,2,benziodarone,Rat,Male,2 hr,0,É M,Control,003017365013,5185012
5185,02,1,benziodarone,Rat,Male,8 hr,0,É M,Control,003017365020,5185021
5185,02,2,benziodarone,Rat,Male,8 hr,0,É M,Control,003017365021,5185022
5185,03,1,benziodarone,Rat,Male,24 hr,0,É M,Control,003017365028,5185031
5185,03,2,benziodarone,Rat,Male,24 hr,0,É M,Control,003017365029,5185032
5185,04,1,benziodarone,Rat,Male,2 hr,1,É M,Low,003017365014,5185041
5185,04,2,benziodarone,Rat,Male,2 hr,1,É M,Low,003017365015,5185042
5185,05,1,benziodarone,Rat,Male,8 hr,1,É M,Low,003017365022,5185051
5185,05,2,benziodarone,Rat,Male,8 hr,1,É M,Low,003017365023,5185052
5185,06,1,benziodarone,Rat,Male,24 hr,1,É M,Low,003017365030,5185061
5185,06,2,benziodarone,Rat,Male,24 hr,1,É M,Low,003017366001,5185062
5185,07,1,benziodarone,Rat,Male,2 hr,5,É M,Middle,003017365016,5185071
5185,07,2,benziodarone,Rat,Male,2 hr,5,É M,Middle,003017365017,5185072
5185,08,1,benziodarone,Rat,Male,8 hr,5,É M,Middle,003017365024,5185081
5185,08,2,benziodarone,Rat,Male,8 hr,5,É M,Middle,003017365025,5185082
5185,09,1,benziodarone,Rat,Male,24 hr,5,É M,Middle,003017366002,5185091
5185,09,2,benziodarone,Rat,Male,24 hr,5,É M,Middle,003017366003,5185092
5185,10,1,benziodarone,Rat,Male,2 hr,25,É M,High,003017365018,5185101
5185,10,2,benziodarone,Rat,Male,2 hr,25,É M,High,003017365019,5185102
5185,11,1,benziodarone,Rat,Male,8 hr,25,É M,High,003017365026,5185111
5185,11,2,benziodarone,Rat,Male,8 hr,25,É M,High,003017365027,5185112
5185,12,1,benziodarone,Rat,Male,24 hr,25,É M,High,003017366004,5185121
5185,12,2,benziodarone,Rat,Male,24 hr,25,É M,High,003017366005,5185122
5186,01,1,etoposide,Rat,Male,2 hr,0,É M,Control,003017366030,5186011
5186,01,2,etoposide,Rat,Male,2 hr,0,É M,Control,003017367001,5186012
5186,02,1,etoposide,Rat,Male,8 hr,0,É M,Control,003017367008,5186021
5186,02,2,etoposide,Rat,Male,8 hr,0,É M,Control,003017367009,5186022
5186,03,1,etoposide,Rat,Male,24 hr,0,É M,Control,003017367016,5186031
5186,03,2,etoposide,Rat,Male,24 hr,0,É M,Control,003017367017,5186032
5186,04,1,etoposide,Rat,Male,2 hr,14,É M,Low,003017367002,5186041
5186,04,2,etoposide,Rat,Male,2 hr,14,É M,Low,003017367003,5186042
5186,05,1,etoposide,Rat,Male,8 hr,14,É M,Low,003017367010,5186051
5186,05,2,etoposide,Rat,Male,8 hr,14,É M,Low,003017367011,5186052
5186,06,1,etoposide,Rat,Male,24 hr,14,É M,Low,003017367018,5186061
5186,06,2,etoposide,Rat,Male,24 hr,14,É M,Low,003017367019,5186062
5186,07,1,etoposide,Rat,Male,2 hr,70,É M,Middle,003017367004,5186071
5186,07,2,etoposide,Rat,Male,2 hr,70,É M,Middle,003017367005,5186072
5186,08,1,etoposide,Rat,Male,8 hr,70,É M,Middle,003017367012,5186081
5186,08,2,etoposide,Rat,Male,8 hr,70,É M,Middle,003017367013,5186082
5186,09,1,etoposide,Rat,Male,24 hr,70,É M,Middle,003017367020,5186091
5186,09,2,etoposide,Rat,Male,24 hr,70,É M,Middle,003017367021,5186092
5186,10,1,etoposide,Rat,Male,2 hr,350,É M,High,003017367006,5186101
5186,10,2,etoposide,Rat,Male,2 hr,350,É M,High,003017367007,5186102
5186,11,1,etoposide,Rat,Male,8 hr,350,É M,High,003017367014,5186111
5186,11,2,etoposide,Rat,Male,8 hr,350,É M,High,003017367015,5186112
5186,12,1,etoposide,Rat,Male,24 hr,350,É M,High,003017367022,5186121
5186,12,2,etoposide,Rat,Male,24 hr,350,É M,High,003017367023,5186122
5187,01,1,carboplatin,Rat,Male,2 hr,0,É M,Control,003017367024,5187011
5187,01,2,carboplatin,Rat,Male,2 hr,0,É M,Control,003017367025,5187012
5187,02,1,carboplatin,Rat,Male,8 hr,0,É M,Control,003017368002,5187021
5187,02,2,carboplatin,Rat,Male,8 hr,0,É M,Control,003017368003,5187022
5187,03,1,carboplatin,Rat,Male,24 hr,0,É M,Control,003017368010,5187031
5187,03,2,carboplatin,Rat,Male,24 hr,0,É M,Control,003017368011,5187032
5187,04,1,carboplatin,Rat,Male,2 hr,120,É M,Low,003017367026,5187041
5187,04,2,carboplatin,Rat,Male,2 hr,120,É M,Low,003017367027,5187042
5187,05,1,carboplatin,Rat,Male,8 hr,120,É M,Low,003017368004,5187051
5187,05,2,carboplatin,Rat,Male,8 hr,120,É M,Low,003017368005,5187052
5187,06,1,carboplatin,Rat,Male,24 hr,120,É M,Low,003017368012,5187061
5187,06,2,carboplatin,Rat,Male,24 hr,120,É M,Low,003017368013,5187062
5187,07,1,carboplatin,Rat,Male,2 hr,600,É M,Middle,003017367028,5187071
5187,07,2,carboplatin,Rat,Male,2 hr,600,É M,Middle,003017367029,5187072
5187,08,1,carboplatin,Rat,Male,8 hr,600,É M,Middle,003017368006,5187081
5187,08,2,carboplatin,Rat,Male,8 hr,600,É M,Middle,003017368007,5187082
5187,09,1,carboplatin,Rat,Male,24 hr,600,É M,Middle,003017368014,5187091
5187,09,2,carboplatin,Rat,Male,24 hr,600,É M,Middle,003017368015,5187092
5187,10,1,carboplatin,Rat,Male,2 hr,3000,É M,High,003017367030,5187101
5187,10,2,carboplatin,Rat,Male,2 hr,3000,É M,High,003017368001,5187102
5187,11,1,carboplatin,Rat,Male,8 hr,3000,É M,High,003017368008,5187111
5187,11,2,carboplatin,Rat,Male,8 hr,3000,É M,High,003017368009,5187112
5187,12,1,carboplatin,Rat,Male,24 hr,3000,É M,High,003017368016,5187121
5187,12,2,carboplatin,Rat,Male,24 hr,3000,É M,High,003017368017,5187122
5188,01,1,bromoethylamine,Rat,Male,2 hr,0,É M,Control,003017388017,5188011
5188,01,2,bromoethylamine,Rat,Male,2 hr,0,É M,Control,003017388018,5188012
5188,02,1,bromoethylamine,Rat,Male,8 hr,0,É M,Control,003017388025,5188021
5188,02,2,bromoethylamine,Rat,Male,8 hr,0,É M,Control,003017388026,5188022
5188,03,1,bromoethylamine,Rat,Male,24 hr,0,É M,Control,003017389003,5188031
5188,03,2,bromoethylamine,Rat,Male,24 hr,0,É M,Control,003017389004,5188032
5188,04,1,bromoethylamine,Rat,Male,2 hr,20,É M,Low,003017388019,5188041
5188,04,2,bromoethylamine,Rat,Male,2 hr,20,É M,Low,003017388020,5188042
5188,05,1,bromoethylamine,Rat,Male,8 hr,20,É M,Low,003017388027,5188051
5188,05,2,bromoethylamine,Rat,Male,8 hr,20,É M,Low,003017388028,5188052
5188,06,1,bromoethylamine,Rat,Male,24 hr,20,É M,Low,003017389005,5188061
5188,06,2,bromoethylamine,Rat,Male,24 hr,20,É M,Low,003017389006,5188062
5188,07,1,bromoethylamine,Rat,Male,2 hr,100,É M,Middle,003017388021,5188071
5188,07,2,bromoethylamine,Rat,Male,2 hr,100,É M,Middle,003017388022,5188072
5188,08,1,bromoethylamine,Rat,Male,8 hr,100,É M,Middle,003017388029,5188081
5188,08,2,bromoethylamine,Rat,Male,8 hr,100,É M,Middle,003017388030,5188082
5188,09,1,bromoethylamine,Rat,Male,24 hr,100,É M,Middle,003017389007,5188091
5188,09,2,bromoethylamine,Rat,Male,24 hr,100,É M,Middle,003017389008,5188092
5188,10,1,bromoethylamine,Rat,Male,2 hr,500,É M,High,003017388023,5188101
5188,10,2,bromoethylamine,Rat,Male,2 hr,500,É M,High,003017388024,5188102
5188,11,1,bromoethylamine,Rat,Male,8 hr,500,É M,High,003017389001,5188111
5188,11,2,bromoethylamine,Rat,Male,8 hr,500,É M,High,003017389002,5188112
5188,12,1,bromoethylamine,Rat,Male,24 hr,500,É M,High,003017389009,5188121
5188,12,2,bromoethylamine,Rat,Male,24 hr,500,É M,High,003017408005,5188122
5189,01,1,ethionamide,Rat,Male,2 hr,0,É M,Control,003017389011,5189011
5189,01,2,ethionamide,Rat,Male,2 hr,0,É M,Control,003017389012,5189012
5189,02,1,ethionamide,Rat,Male,8 hr,0,É M,Control,003017389019,5189021
5189,02,2,ethionamide,Rat,Male,8 hr,0,É M,Control,003017389020,5189022
5189,03,1,ethionamide,Rat,Male,24 hr,0,É M,Control,003017389027,5189031
5189,03,2,ethionamide,Rat,Male,24 hr,0,É M,Control,003017389028,5189032
5189,04,1,ethionamide,Rat,Male,2 hr,24,É M,Low,003017389013,5189041
5189,04,2,ethionamide,Rat,Male,2 hr,24,É M,Low,003017389014,5189042
5189,05,1,ethionamide,Rat,Male,8 hr,24,É M,Low,003017389021,5189051
5189,05,2,ethionamide,Rat,Male,8 hr,24,É M,Low,003017389022,5189052
5189,06,1,ethionamide,Rat,Male,24 hr,24,É M,Low,003017389029,5189061
5189,06,2,ethionamide,Rat,Male,24 hr,24,É M,Low,003017389030,5189062
5189,07,1,ethionamide,Rat,Male,2 hr,120,É M,Middle,003017389015,5189071
5189,07,2,ethionamide,Rat,Male,2 hr,120,É M,Middle,003017389016,5189072
5189,08,1,ethionamide,Rat,Male,8 hr,120,É M,Middle,003017389023,5189081
5189,08,2,ethionamide,Rat,Male,8 hr,120,É M,Middle,003017389024,5189082
5189,09,1,ethionamide,Rat,Male,24 hr,120,É M,Middle,003017390001,5189091
5189,09,2,ethionamide,Rat,Male,24 hr,120,É M,Middle,003017390002,5189092
5189,10,1,ethionamide,Rat,Male,2 hr,600,É M,High,003017389017,5189101
5189,10,2,ethionamide,Rat,Male,2 hr,600,É M,High,003017389018,5189102
5189,11,1,ethionamide,Rat,Male,8 hr,600,É M,High,003017389025,5189111
5189,11,2,ethionamide,Rat,Male,8 hr,600,É M,High,003017389026,5189112
5189,12,1,ethionamide,Rat,Male,24 hr,600,É M,High,003017390003,5189121
5189,12,2,ethionamide,Rat,Male,24 hr,600,É M,High,003017390004,5189122
5190,01,1,phenacetin,Rat,Male,2 hr,0,É M,Control,003017383023,5190011
5190,01,2,phenacetin,Rat,Male,2 hr,0,É M,Control,003017383024,5190012
5190,02,1,phenacetin,Rat,Male,8 hr,0,É M,Control,003017384019,5190021
5190,02,2,phenacetin,Rat,Male,8 hr,0,É M,Control,003017384020,5190022
5190,03,1,phenacetin,Rat,Male,24 hr,0,É M,Control,003017384027,5190031
5190,03,2,phenacetin,Rat,Male,24 hr,0,É M,Control,003017384028,5190032
5190,04,1,phenacetin,Rat,Male,2 hr,24,É M,Low,003017383025,5190041
5190,04,2,phenacetin,Rat,Male,2 hr,24,É M,Low,003017383026,5190042
5190,05,1,phenacetin,Rat,Male,8 hr,24,É M,Low,003017384021,5190051
5190,05,2,phenacetin,Rat,Male,8 hr,24,É M,Low,003017384022,5190052
5190,06,1,phenacetin,Rat,Male,24 hr,24,É M,Low,003017384029,5190061
5190,06,2,phenacetin,Rat,Male,24 hr,24,É M,Low,003017384030,5190062
5190,07,1,phenacetin,Rat,Male,2 hr,120,É M,Middle,003017383027,5190071
5190,07,2,phenacetin,Rat,Male,2 hr,120,É M,Middle,003017383028,5190072
5190,08,1,phenacetin,Rat,Male,8 hr,120,É M,Middle,003017384023,5190081
5190,08,2,phenacetin,Rat,Male,8 hr,120,É M,Middle,003017384024,5190082
5190,09,1,phenacetin,Rat,Male,24 hr,120,É M,Middle,003017386001,5190091
5190,09,2,phenacetin,Rat,Male,24 hr,120,É M,Middle,003017386003,5190092
5190,10,1,phenacetin,Rat,Male,2 hr,600,É M,High,003017383029,5190101
5190,10,2,phenacetin,Rat,Male,2 hr,600,É M,High,003017383030,5190102
5190,11,1,phenacetin,Rat,Male,8 hr,600,É M,High,003017384025,5190111
5190,11,2,phenacetin,Rat,Male,8 hr,600,É M,High,003017384026,5190112
5190,12,1,phenacetin,Rat,Male,24 hr,600,É M,High,003017386002,5190121
5190,12,2,phenacetin,Rat,Male,24 hr,600,É M,High,003017386004,5190122
5192,01,1,cyclosporine A,Rat,Male,2 hr,0,É M,Control,003017361011,5192011
5192,01,2,cyclosporine A,Rat,Male,2 hr,0,É M,Control,003017361012,5192012
5192,02,1,cyclosporine A,Rat,Male,8 hr,0,É M,Control,003017361019,5192021
5192,02,2,cyclosporine A,Rat,Male,8 hr,0,É M,Control,003017361020,5192022
5192,03,1,cyclosporine A,Rat,Male,24 hr,0,É M,Control,003017361027,5192031
5192,03,2,cyclosporine A,Rat,Male,24 hr,0,É M,Control,003017361028,5192032
5192,04,1,cyclosporine A,Rat,Male,2 hr,0,É M,Low,003017361013,5192041
5192,04,2,cyclosporine A,Rat,Male,2 hr,0,É M,Low,003017361014,5192042
5192,05,1,cyclosporine A,Rat,Male,8 hr,0,É M,Low,003017361021,5192051
5192,05,2,cyclosporine A,Rat,Male,8 hr,0,É M,Low,003017361022,5192052
5192,06,1,cyclosporine A,Rat,Male,24 hr,0,É M,Low,003017361029,5192061
5192,06,2,cyclosporine A,Rat,Male,24 hr,0,É M,Low,003017361030,5192062
5192,07,1,cyclosporine A,Rat,Male,2 hr,1,É M,Middle,003017361015,5192071
5192,07,2,cyclosporine A,Rat,Male,2 hr,1,É M,Middle,003017361016,5192072
5192,08,1,cyclosporine A,Rat,Male,8 hr,1,É M,Middle,003017361023,5192081
5192,08,2,cyclosporine A,Rat,Male,8 hr,1,É M,Middle,003017361024,5192082
5192,09,1,cyclosporine A,Rat,Male,24 hr,1,É M,Middle,003017362001,5192091
5192,09,2,cyclosporine A,Rat,Male,24 hr,1,É M,Middle,003017362002,5192092
5192,10,1,cyclosporine A,Rat,Male,2 hr,6,É M,High,003017361017,5192101
5192,10,2,cyclosporine A,Rat,Male,2 hr,6,É M,High,003017361018,5192102
5192,11,1,cyclosporine A,Rat,Male,8 hr,6,É M,High,003017361025,5192111
5192,11,2,cyclosporine A,Rat,Male,8 hr,6,É M,High,003017361026,5192112
5192,12,1,cyclosporine A,Rat,Male,24 hr,6,É M,High,003017362003,5192121
5192,12,2,cyclosporine A,Rat,Male,24 hr,6,É M,High,003017362004,5192122
5193,01,1,acetamidofluorene,Rat,Male,2 hr,0,É M,Control,003017362005,5193011
5193,01,2,acetamidofluorene,Rat,Male,2 hr,0,É M,Control,003017362006,5193012
5193,02,1,acetamidofluorene,Rat,Male,8 hr,0,É M,Control,003017362013,5193021
5193,02,2,acetamidofluorene,Rat,Male,8 hr,0,É M,Control,003017362014,5193022
5193,03,1,acetamidofluorene,Rat,Male,24 hr,0,É M,Control,003017362021,5193031
5193,03,2,acetamidofluorene,Rat,Male,24 hr,0,É M,Control,003017362022,5193032
5193,04,1,acetamidofluorene,Rat,Male,2 hr,2,É M,Low,003017362007,5193041
5193,04,2,acetamidofluorene,Rat,Male,2 hr,2,É M,Low,003017362008,5193042
5193,05,1,acetamidofluorene,Rat,Male,8 hr,2,É M,Low,003017362015,5193051
5193,05,2,acetamidofluorene,Rat,Male,8 hr,2,É M,Low,003017362016,5193052
5193,06,1,acetamidofluorene,Rat,Male,24 hr,2,É M,Low,003017362023,5193061
5193,06,2,acetamidofluorene,Rat,Male,24 hr,2,É M,Low,003017362024,5193062
5193,07,1,acetamidofluorene,Rat,Male,2 hr,10,É M,Middle,003017362009,5193071
5193,07,2,acetamidofluorene,Rat,Male,2 hr,10,É M,Middle,003017362010,5193072
5193,08,1,acetamidofluorene,Rat,Male,8 hr,10,É M,Middle,003017362017,5193081
5193,08,2,acetamidofluorene,Rat,Male,8 hr,10,É M,Middle,003017362018,5193082
5193,09,1,acetamidofluorene,Rat,Male,24 hr,10,É M,Middle,003017362025,5193091
5193,09,2,acetamidofluorene,Rat,Male,24 hr,10,É M,Middle,003017362026,5193092
5193,10,1,acetamidofluorene,Rat,Male,2 hr,50,É M,High,003017362011,5193101
5193,10,2,acetamidofluorene,Rat,Male,2 hr,50,É M,High,003017362012,5193102
5193,11,1,acetamidofluorene,Rat,Male,8 hr,50,É M,High,003017362019,5193111
5193,11,2,acetamidofluorene,Rat,Male,8 hr,50,É M,High,003017362020,5193112
5193,12,1,acetamidofluorene,Rat,Male,24 hr,50,É M,High,003017362027,5193121
5193,12,2,acetamidofluorene,Rat,Male,24 hr,50,É M,High,003017362028,5193122
5194,01,1,ticlopidine,Rat,Male,2 hr,0,É M,Control,003017373011,5194011
5194,01,2,ticlopidine,Rat,Male,2 hr,0,É M,Control,003017373012,5194012
5194,02,1,ticlopidine,Rat,Male,8 hr,0,É M,Control,003017373019,5194021
5194,02,2,ticlopidine,Rat,Male,8 hr,0,É M,Control,003017373020,5194022
5194,03,1,ticlopidine,Rat,Male,24 hr,0,É M,Control,003017373027,5194031
5194,03,2,ticlopidine,Rat,Male,24 hr,0,É M,Control,003017373028,5194032
5194,04,1,ticlopidine,Rat,Male,2 hr,2,É M,Low,003017373013,5194041
5194,04,2,ticlopidine,Rat,Male,2 hr,2,É M,Low,003017373014,5194042
5194,05,1,ticlopidine,Rat,Male,8 hr,2,É M,Low,003017373021,5194051
5194,05,2,ticlopidine,Rat,Male,8 hr,2,É M,Low,003017373022,5194052
5194,06,1,ticlopidine,Rat,Male,24 hr,2,É M,Low,003017373029,5194061
5194,06,2,ticlopidine,Rat,Male,24 hr,2,É M,Low,003017373030,5194062
5194,07,1,ticlopidine,Rat,Male,2 hr,12,É M,Middle,003017373015,5194071
5194,07,2,ticlopidine,Rat,Male,2 hr,12,É M,Middle,003017373016,5194072
5194,08,1,ticlopidine,Rat,Male,8 hr,12,É M,Middle,003017373023,5194081
5194,08,2,ticlopidine,Rat,Male,8 hr,12,É M,Middle,003017373024,5194082
5194,09,1,ticlopidine,Rat,Male,24 hr,12,É M,Middle,003017374001,5194091
5194,09,2,ticlopidine,Rat,Male,24 hr,12,É M,Middle,003017374002,5194092
5194,10,1,ticlopidine,Rat,Male,2 hr,60,É M,High,003017373017,5194101
5194,10,2,ticlopidine,Rat,Male,2 hr,60,É M,High,003017373018,5194102
5194,11,1,ticlopidine,Rat,Male,8 hr,60,É M,High,003017373025,5194111
5194,11,2,ticlopidine,Rat,Male,8 hr,60,É M,High,003017373026,5194112
5194,12,1,ticlopidine,Rat,Male,24 hr,60,É M,High,003017374003,5194121
5194,12,2,ticlopidine,Rat,Male,24 hr,60,É M,High,003017374004,5194122
5195,01,1,cycloheximide,Rat,Male,2 hr,0,É M,Control,003017377011,5195011
5195,01,2,cycloheximide,Rat,Male,2 hr,0,É M,Control,003017377012,5195012
5195,02,1,cycloheximide,Rat,Male,8 hr,0,É M,Control,003017377019,5195021
5195,02,2,cycloheximide,Rat,Male,8 hr,0,É M,Control,003017377020,5195022
5195,03,1,cycloheximide,Rat,Male,24 hr,0,É M,Control,003017377027,5195031
5195,03,2,cycloheximide,Rat,Male,24 hr,0,É M,Control,003017377028,5195032
5195,04,1,cycloheximide,Rat,Male,2 hr,4,É M,Low,003017377013,5195041
5195,04,2,cycloheximide,Rat,Male,2 hr,4,É M,Low,003017377014,5195042
5195,05,1,cycloheximide,Rat,Male,8 hr,4,É M,Low,003017377021,5195051
5195,05,2,cycloheximide,Rat,Male,8 hr,4,É M,Low,003017377022,5195052
5195,06,1,cycloheximide,Rat,Male,24 hr,4,É M,Low,003017377029,5195061
5195,06,2,cycloheximide,Rat,Male,24 hr,4,É M,Low,003017377030,5195062
5195,07,1,cycloheximide,Rat,Male,2 hr,20,É M,Middle,003017377015,5195071
5195,07,2,cycloheximide,Rat,Male,2 hr,20,É M,Middle,003017377016,5195072
5195,08,1,cycloheximide,Rat,Male,8 hr,20,É M,Middle,003017377023,5195081
5195,08,2,cycloheximide,Rat,Male,8 hr,20,É M,Middle,003017377024,5195082
5195,09,1,cycloheximide,Rat,Male,24 hr,20,É M,Middle,003017378001,5195091
5195,09,2,cycloheximide,Rat,Male,24 hr,20,É M,Middle,003017378002,5195092
5195,10,1,cycloheximide,Rat,Male,2 hr,100,É M,High,003017377017,5195101
5195,10,2,cycloheximide,Rat,Male,2 hr,100,É M,High,003017377018,5195102
5195,11,1,cycloheximide,Rat,Male,8 hr,100,É M,High,003017377025,5195111
5195,11,2,cycloheximide,Rat,Male,8 hr,100,É M,High,003017377026,5195112
5195,12,1,cycloheximide,Rat,Male,24 hr,100,É M,High,003017378003,5195121
5195,12,2,cycloheximide,Rat,Male,24 hr,100,É M,High,003017378004,5195122
5196,01,1,phorone,Rat,Male,2 hr,0,É M,Control,003017397030,5196011
5196,01,2,phorone,Rat,Male,2 hr,0,É M,Control,003017398001,5196012
5196,02,1,phorone,Rat,Male,8 hr,0,É M,Control,003017398008,5196021
5196,02,2,phorone,Rat,Male,8 hr,0,É M,Control,003017398009,5196022
5196,03,1,phorone,Rat,Male,24 hr,0,É M,Control,003017398016,5196031
5196,03,2,phorone,Rat,Male,24 hr,0,É M,Control,003017398017,5196032
5196,04,1,phorone,Rat,Male,2 hr,20,É M,Low,003017398002,5196041
5196,04,2,phorone,Rat,Male,2 hr,20,É M,Low,003017398003,5196042
5196,05,1,phorone,Rat,Male,8 hr,20,É M,Low,003017398010,5196051
5196,05,2,phorone,Rat,Male,8 hr,20,É M,Low,003017398011,5196052
5196,06,1,phorone,Rat,Male,24 hr,20,É M,Low,003017398018,5196061
5196,06,2,phorone,Rat,Male,24 hr,20,É M,Low,003017398019,5196062
5196,07,1,phorone,Rat,Male,2 hr,100,É M,Middle,003017398004,5196071
5196,07,2,phorone,Rat,Male,2 hr,100,É M,Middle,003017398005,5196072
5196,08,1,phorone,Rat,Male,8 hr,100,É M,Middle,003017398012,5196081
5196,08,2,phorone,Rat,Male,8 hr,100,É M,Middle,003017398013,5196082
5196,09,1,phorone,Rat,Male,24 hr,100,É M,Middle,003017398020,5196091
5196,09,2,phorone,Rat,Male,24 hr,100,É M,Middle,003017398021,5196092
5196,10,1,phorone,Rat,Male,2 hr,500,É M,High,003017398006,5196101
5196,10,2,phorone,Rat,Male,2 hr,500,É M,High,003017398007,5196102
5196,11,1,phorone,Rat,Male,8 hr,500,É M,High,003017398014,5196111
5196,11,2,phorone,Rat,Male,8 hr,500,É M,High,003017398015,5196112
5196,12,1,phorone,Rat,Male,24 hr,500,É M,High,003017398022,5196121
5196,12,2,phorone,Rat,Male,24 hr,500,É M,High,003017398023,5196122
5197,01,1,buthionine sulfoximine,Rat,Male,2 hr,0,É M,Control,003017391023,5197011
5197,01,2,buthionine sulfoximine,Rat,Male,2 hr,0,É M,Control,003017391024,5197012
5197,02,1,buthionine sulfoximine,Rat,Male,8 hr,0,É M,Control,003017392001,5197021
5197,02,2,buthionine sulfoximine,Rat,Male,8 hr,0,É M,Control,003017392002,5197022
5197,03,1,buthionine sulfoximine,Rat,Male,24 hr,0,É M,Control,003017392009,5197031
5197,03,2,buthionine sulfoximine,Rat,Male,24 hr,0,É M,Control,003017392010,5197032
5197,04,1,buthionine sulfoximine,Rat,Male,2 hr,400,É M,Low,003017391025,5197041
5197,04,2,buthionine sulfoximine,Rat,Male,2 hr,400,É M,Low,003017391026,5197042
5197,05,1,buthionine sulfoximine,Rat,Male,8 hr,400,É M,Low,003017392003,5197051
5197,05,2,buthionine sulfoximine,Rat,Male,8 hr,400,É M,Low,003017392004,5197052
5197,06,1,buthionine sulfoximine,Rat,Male,24 hr,400,É M,Low,003017392011,5197061
5197,06,2,buthionine sulfoximine,Rat,Male,24 hr,400,É M,Low,003017392012,5197062
5197,07,1,buthionine sulfoximine,Rat,Male,2 hr,2000,É M,Middle,003017391027,5197071
5197,07,2,buthionine sulfoximine,Rat,Male,2 hr,2000,É M,Middle,003017391028,5197072
5197,08,1,buthionine sulfoximine,Rat,Male,8 hr,2000,É M,Middle,003017392005,5197081
5197,08,2,buthionine sulfoximine,Rat,Male,8 hr,2000,É M,Middle,003017392006,5197082
5197,09,1,buthionine sulfoximine,Rat,Male,24 hr,2000,É M,Middle,003017392013,5197091
5197,09,2,buthionine sulfoximine,Rat,Male,24 hr,2000,É M,Middle,003017392014,5197092
5197,10,1,buthionine sulfoximine,Rat,Male,2 hr,10000,É M,High,003017391029,5197101
5197,10,2,buthionine sulfoximine,Rat,Male,2 hr,10000,É M,High,003017391030,5197102
5197,11,1,buthionine sulfoximine,Rat,Male,8 hr,10000,É M,High,003017392007,5197111
5197,11,2,buthionine sulfoximine,Rat,Male,8 hr,10000,É M,High,003017392008,5197112
5197,12,1,buthionine sulfoximine,Rat,Male,24 hr,10000,É M,High,003017392015,5197121
5197,12,2,buthionine sulfoximine,Rat,Male,24 hr,10000,É M,High,003017392016,5197122
5198,01,1,diethyl maleate,Rat,Male,2 hr,0,É M,Control,003017407005,5198011
5198,01,2,diethyl maleate,Rat,Male,2 hr,0,É M,Control,003017407006,5198012
5198,02,1,diethyl maleate,Rat,Male,8 hr,0,É M,Control,003017407013,5198021
5198,02,2,diethyl maleate,Rat,Male,8 hr,0,É M,Control,003017407014,5198022
5198,03,1,diethyl maleate,Rat,Male,24 hr,0,É M,Control,003017407021,5198031
5198,03,2,diethyl maleate,Rat,Male,24 hr,0,É M,Control,003017407022,5198032
5198,04,1,diethyl maleate,Rat,Male,2 hr,60,É M,Low,003017407007,5198041
5198,04,2,diethyl maleate,Rat,Male,2 hr,60,É M,Low,003017407008,5198042
5198,05,1,diethyl maleate,Rat,Male,8 hr,60,É M,Low,003017407015,5198051
5198,05,2,diethyl maleate,Rat,Male,8 hr,60,É M,Low,003017407016,5198052
5198,06,1,diethyl maleate,Rat,Male,24 hr,60,É M,Low,003017407023,5198061
5198,06,2,diethyl maleate,Rat,Male,24 hr,60,É M,Low,003017407024,5198062
5198,07,1,diethyl maleate,Rat,Male,2 hr,300,É M,Middle,003017407009,5198071
5198,07,2,diethyl maleate,Rat,Male,2 hr,300,É M,Middle,003017407010,5198072
5198,08,1,diethyl maleate,Rat,Male,8 hr,300,É M,Middle,003017407017,5198081
5198,08,2,diethyl maleate,Rat,Male,8 hr,300,É M,Middle,003017407018,5198082
5198,09,1,diethyl maleate,Rat,Male,24 hr,300,É M,Middle,003017407025,5198091
5198,09,2,diethyl maleate,Rat,Male,24 hr,300,É M,Middle,003017407026,5198092
5198,10,1,diethyl maleate,Rat,Male,2 hr,1500,É M,High,003017407011,5198101
5198,10,2,diethyl maleate,Rat,Male,2 hr,1500,É M,High,003017407012,5198102
5198,11,1,diethyl maleate,Rat,Male,8 hr,1500,É M,High,003017407019,5198111
5198,11,2,diethyl maleate,Rat,Male,8 hr,1500,É M,High,003017407020,5198112
5198,12,1,diethyl maleate,Rat,Male,24 hr,1500,É M,High,003017407027,5198121
5198,12,2,diethyl maleate,Rat,Male,24 hr,1500,É M,High,003017407028,5198122
5199,01,1,galactosamine,Rat,Male,2 hr,0,É M,Control,003017368018,5199011
5199,01,2,galactosamine,Rat,Male,2 hr,0,É M,Control,003017370006,5199012
5199,02,1,galactosamine,Rat,Male,8 hr,0,É M,Control,003017370013,5199021
5199,02,2,galactosamine,Rat,Male,8 hr,0,É M,Control,003017370014,5199022
5199,03,1,galactosamine,Rat,Male,24 hr,0,É M,Control,003017370021,5199031
5199,03,2,galactosamine,Rat,Male,24 hr,0,É M,Control,003017370022,5199032
5199,04,1,galactosamine,Rat,Male,2 hr,400,É M,Low,003017370007,5199041
5199,04,2,galactosamine,Rat,Male,2 hr,400,É M,Low,003017370008,5199042
5199,05,1,galactosamine,Rat,Male,8 hr,400,É M,Low,003017370015,5199051
5199,05,2,galactosamine,Rat,Male,8 hr,400,É M,Low,003017370016,5199052
5199,06,1,galactosamine,Rat,Male,24 hr,400,É M,Low,003017370023,5199061
5199,06,2,galactosamine,Rat,Male,24 hr,400,É M,Low,003017370024,5199062
5199,07,1,galactosamine,Rat,Male,2 hr,2000,É M,Middle,003017370009,5199071
5199,07,2,galactosamine,Rat,Male,2 hr,2000,É M,Middle,003017370010,5199072
5199,08,1,galactosamine,Rat,Male,8 hr,2000,É M,Middle,003017370017,5199081
5199,08,2,galactosamine,Rat,Male,8 hr,2000,É M,Middle,003017370018,5199082
5199,09,1,galactosamine,Rat,Male,24 hr,2000,É M,Middle,003017370025,5199091
5199,09,2,galactosamine,Rat,Male,24 hr,2000,É M,Middle,003017370026,5199092
5199,10,1,galactosamine,Rat,Male,2 hr,10000,É M,High,003017370011,5199101
5199,10,2,galactosamine,Rat,Male,2 hr,10000,É M,High,003017370012,5199102
5199,11,1,galactosamine,Rat,Male,8 hr,10000,É M,High,003017370019,5199111
5199,11,2,galactosamine,Rat,Male,8 hr,10000,É M,High,003017370020,5199112
5199,12,1,galactosamine,Rat,Male,24 hr,10000,É M,High,003017370027,5199121
5199,12,2,galactosamine,Rat,Male,24 hr,10000,É M,High,003017370028,5199122
5200,01,1,cisplatin,Rat,Male,2 hr,0,É M,Control,003017462028,5200011
5200,01,2,cisplatin,Rat,Male,2 hr,0,É M,Control,003017462029,5200012
5200,02,1,cisplatin,Rat,Male,8 hr,0,É M,Control,003017463006,5200021
5200,02,2,cisplatin,Rat,Male,8 hr,0,É M,Control,003017463007,5200022
5200,03,1,cisplatin,Rat,Male,24 hr,0,É M,Control,003017463014,5200031
5200,03,2,cisplatin,Rat,Male,24 hr,0,É M,Control,003017463015,5200032
5200,04,1,cisplatin,Rat,Male,2 hr,8,É M,Low,003017462030,5200041
5200,04,2,cisplatin,Rat,Male,2 hr,8,É M,Low,003017463001,5200042
5200,05,1,cisplatin,Rat,Male,8 hr,8,É M,Low,003017463008,5200051
5200,05,2,cisplatin,Rat,Male,8 hr,8,É M,Low,003017463009,5200052
5200,06,1,cisplatin,Rat,Male,24 hr,8,É M,Low,003017463016,5200061
5200,06,2,cisplatin,Rat,Male,24 hr,8,É M,Low,003017463017,5200062
5200,07,1,cisplatin,Rat,Male,2 hr,40,É M,Middle,003017463002,5200071
5200,07,2,cisplatin,Rat,Male,2 hr,40,É M,Middle,003017463003,5200072
5200,08,1,cisplatin,Rat,Male,8 hr,40,É M,Middle,003017463010,5200081
5200,08,2,cisplatin,Rat,Male,8 hr,40,É M,Middle,003017463011,5200082
5200,09,1,cisplatin,Rat,Male,24 hr,40,É M,Middle,003017463018,5200091
5200,09,2,cisplatin,Rat,Male,24 hr,40,É M,Middle,003017463019,5200092
5200,10,1,cisplatin,Rat,Male,2 hr,200,É M,High,003017463004,5200101
5200,10,2,cisplatin,Rat,Male,2 hr,200,É M,High,003017463005,5200102
5200,11,1,cisplatin,Rat,Male,8 hr,200,É M,High,003017463012,5200111
5200,11,2,cisplatin,Rat,Male,8 hr,200,É M,High,003017463013,5200112
5200,12,1,cisplatin,Rat,Male,24 hr,200,É M,High,003017594025,5200121
5200,12,2,cisplatin,Rat,Male,24 hr,200,É M,High,003017594026,5200122
5201,01,1,nimesulide,Rat,Male,2 hr,0,É M,Control,003017465008,5201011
5201,01,2,nimesulide,Rat,Male,2 hr,0,É M,Control,003017465009,5201012
5201,02,1,nimesulide,Rat,Male,8 hr,0,É M,Control,003017465016,5201021
5201,02,2,nimesulide,Rat,Male,8 hr,0,É M,Control,003017465017,5201022
5201,03,1,nimesulide,Rat,Male,24 hr,0,É M,Control,003017465024,5201031
5201,03,2,nimesulide,Rat,Male,24 hr,0,É M,Control,003017465025,5201032
5201,04,1,nimesulide,Rat,Male,2 hr,3,É M,Low,003017465010,5201041
5201,04,2,nimesulide,Rat,Male,2 hr,3,É M,Low,003017465011,5201042
5201,05,1,nimesulide,Rat,Male,8 hr,3,É M,Low,003017465018,5201051
5201,05,2,nimesulide,Rat,Male,8 hr,3,É M,Low,003017465019,5201052
5201,06,1,nimesulide,Rat,Male,24 hr,3,É M,Low,003017465026,5201061
5201,06,2,nimesulide,Rat,Male,24 hr,3,É M,Low,003017465027,5201062
5201,07,1,nimesulide,Rat,Male,2 hr,15,É M,Middle,003017465012,5201071
5201,07,2,nimesulide,Rat,Male,2 hr,15,É M,Middle,003017465013,5201072
5201,08,1,nimesulide,Rat,Male,8 hr,15,É M,Middle,003017465020,5201081
5201,08,2,nimesulide,Rat,Male,8 hr,15,É M,Middle,003017465021,5201082
5201,09,1,nimesulide,Rat,Male,24 hr,15,É M,Middle,003017465028,5201091
5201,09,2,nimesulide,Rat,Male,24 hr,15,É M,Middle,003017465029,5201092
5201,10,1,nimesulide,Rat,Male,2 hr,75,É M,High,003017465014,5201101
5201,10,2,nimesulide,Rat,Male,2 hr,75,É M,High,003017465015,5201102
5201,11,1,nimesulide,Rat,Male,8 hr,75,É M,High,003017465022,5201111
5201,11,2,nimesulide,Rat,Male,8 hr,75,É M,High,003017465023,5201112
5201,12,1,nimesulide,Rat,Male,24 hr,75,É M,High,003017465030,5201121
5201,12,2,nimesulide,Rat,Male,24 hr,75,É M,High,003017466001,5201122
5202,01,1,ethanol,Rat,Male,2 hr,0,É M,Control,003017549001,5202011
5202,01,2,ethanol,Rat,Male,2 hr,0,É M,Control,003017549002,5202012
5202,02,1,ethanol,Rat,Male,8 hr,0,É M,Control,003017549009,5202021
5202,02,2,ethanol,Rat,Male,8 hr,0,É M,Control,003017549010,5202022
5202,03,1,ethanol,Rat,Male,24 hr,0,É M,Control,003017549017,5202031
5202,03,2,ethanol,Rat,Male,24 hr,0,É M,Control,003017549018,5202032
5202,04,1,ethanol,Rat,Male,2 hr,400,É M,Low,003017549003,5202041
5202,04,2,ethanol,Rat,Male,2 hr,400,É M,Low,003017549004,5202042
5202,05,1,ethanol,Rat,Male,8 hr,400,É M,Low,003017549011,5202051
5202,05,2,ethanol,Rat,Male,8 hr,400,É M,Low,003017549012,5202052
5202,06,1,ethanol,Rat,Male,24 hr,400,É M,Low,003017549019,5202061
5202,06,2,ethanol,Rat,Male,24 hr,400,É M,Low,003017549020,5202062
5202,07,1,ethanol,Rat,Male,2 hr,2000,É M,Middle,003017549005,5202071
5202,07,2,ethanol,Rat,Male,2 hr,2000,É M,Middle,003017549006,5202072
5202,08,1,ethanol,Rat,Male,8 hr,2000,É M,Middle,003017549013,5202081
5202,08,2,ethanol,Rat,Male,8 hr,2000,É M,Middle,003017549014,5202082
5202,09,1,ethanol,Rat,Male,24 hr,2000,É M,Middle,003017549021,5202091
5202,09,2,ethanol,Rat,Male,24 hr,2000,É M,Middle,003017549022,5202092
5202,10,1,ethanol,Rat,Male,2 hr,10000,É M,High,003017549007,5202101
5202,10,2,ethanol,Rat,Male,2 hr,10000,É M,High,003017549008,5202102
5202,11,1,ethanol,Rat,Male,8 hr,10000,É M,High,003017549015,5202111
5202,11,2,ethanol,Rat,Male,8 hr,10000,É M,High,003017549016,5202112
5202,12,1,ethanol,Rat,Male,24 hr,10000,É M,High,003017549023,5202121
5202,12,2,ethanol,Rat,Male,24 hr,10000,É M,High,003017549024,5202122
5203,01,1,bucetin,Rat,Male,2 hr,0,É M,Control,003017550019,5203011
5203,01,2,bucetin,Rat,Male,2 hr,0,É M,Control,003017550020,5203012
5203,02,1,bucetin,Rat,Male,8 hr,0,É M,Control,003017550027,5203021
5203,02,2,bucetin,Rat,Male,8 hr,0,É M,Control,003017550028,5203022
5203,03,1,bucetin,Rat,Male,24 hr,0,É M,Control,003017551005,5203031
5203,03,2,bucetin,Rat,Male,24 hr,0,É M,Control,003017551006,5203032
5203,04,1,bucetin,Rat,Male,2 hr,12,É M,Low,003017550021,5203041
5203,04,2,bucetin,Rat,Male,2 hr,12,É M,Low,003017550022,5203042
5203,05,1,bucetin,Rat,Male,8 hr,12,É M,Low,003017550029,5203051
5203,05,2,bucetin,Rat,Male,8 hr,12,É M,Low,003017550030,5203052
5203,06,1,bucetin,Rat,Male,24 hr,12,É M,Low,003017551007,5203061
5203,06,2,bucetin,Rat,Male,24 hr,12,É M,Low,003017551008,5203062
5203,07,1,bucetin,Rat,Male,2 hr,60,É M,Middle,003017550023,5203071
5203,07,2,bucetin,Rat,Male,2 hr,60,É M,Middle,003017550024,5203072
5203,08,1,bucetin,Rat,Male,8 hr,60,É M,Middle,003017551001,5203081
5203,08,2,bucetin,Rat,Male,8 hr,60,É M,Middle,003017551002,5203082
5203,09,1,bucetin,Rat,Male,24 hr,60,É M,Middle,003017551009,5203091
5203,09,2,bucetin,Rat,Male,24 hr,60,É M,Middle,003017551010,5203092
5203,10,1,bucetin,Rat,Male,2 hr,300,É M,High,003017550025,5203101
5203,10,2,bucetin,Rat,Male,2 hr,300,É M,High,003017550026,5203102
5203,11,1,bucetin,Rat,Male,8 hr,300,É M,High,003017551003,5203111
5203,11,2,bucetin,Rat,Male,8 hr,300,É M,High,003017551004,5203112
5203,12,1,bucetin,Rat,Male,24 hr,300,É M,High,003017551011,5203121
5203,12,2,bucetin,Rat,Male,24 hr,300,É M,High,003017551012,5203122
5204,01,1,phenylanthranilic acid,Rat,Male,2 hr,0,É M,Control,003017547013,5204011
5204,01,2,phenylanthranilic acid,Rat,Male,2 hr,0,É M,Control,003017547014,5204012
5204,02,1,phenylanthranilic acid,Rat,Male,8 hr,0,É M,Control,003017547021,5204021
5204,02,2,phenylanthranilic acid,Rat,Male,8 hr,0,É M,Control,003017547022,5204022
5204,03,1,phenylanthranilic acid,Rat,Male,24 hr,0,É M,Control,003017547029,5204031
5204,03,2,phenylanthranilic acid,Rat,Male,24 hr,0,É M,Control,003017547030,5204032
5204,04,1,phenylanthranilic acid,Rat,Male,2 hr,8,É M,Low,003017547015,5204041
5204,04,2,phenylanthranilic acid,Rat,Male,2 hr,8,É M,Low,003017547016,5204042
5204,05,1,phenylanthranilic acid,Rat,Male,8 hr,8,É M,Low,003017547023,5204051
5204,05,2,phenylanthranilic acid,Rat,Male,8 hr,8,É M,Low,003017547024,5204052
5204,06,1,phenylanthranilic acid,Rat,Male,24 hr,8,É M,Low,003017548001,5204061
5204,06,2,phenylanthranilic acid,Rat,Male,24 hr,8,É M,Low,003017548002,5204062
5204,07,1,phenylanthranilic acid,Rat,Male,2 hr,40,É M,Middle,003017547017,5204071
5204,07,2,phenylanthranilic acid,Rat,Male,2 hr,40,É M,Middle,003017547018,5204072
5204,08,1,phenylanthranilic acid,Rat,Male,8 hr,40,É M,Middle,003017547025,5204081
5204,08,2,phenylanthranilic acid,Rat,Male,8 hr,40,É M,Middle,003017547026,5204082
5204,09,1,phenylanthranilic acid,Rat,Male,24 hr,40,É M,Middle,003017548003,5204091
5204,09,2,phenylanthranilic acid,Rat,Male,24 hr,40,É M,Middle,003017548004,5204092
5204,10,1,phenylanthranilic acid,Rat,Male,2 hr,200,É M,High,003017547019,5204101
5204,10,2,phenylanthranilic acid,Rat,Male,2 hr,200,É M,High,003017547020,5204102
5204,11,1,phenylanthranilic acid,Rat,Male,8 hr,200,É M,High,003017547027,5204111
5204,11,2,phenylanthranilic acid,Rat,Male,8 hr,200,É M,High,003017547028,5204112
5204,12,1,phenylanthranilic acid,Rat,Male,24 hr,200,É M,High,003017548005,5204121
5204,12,2,phenylanthranilic acid,Rat,Male,24 hr,200,É M,High,003017548006,5204122
5205,01,1,cephalothin,Rat,Male,2 hr,0,É M,Control,003017546019,5205011
5205,01,2,cephalothin,Rat,Male,2 hr,0,É M,Control,003017548008,5205012
5205,02,1,cephalothin,Rat,Male,8 hr,0,É M,Control,003017548015,5205021
5205,02,2,cephalothin,Rat,Male,8 hr,0,É M,Control,003017548016,5205022
5205,03,1,cephalothin,Rat,Male,24 hr,0,É M,Control,003017548023,5205031
5205,03,2,cephalothin,Rat,Male,24 hr,0,É M,Control,003017548024,5205032
5205,04,1,cephalothin,Rat,Male,2 hr,120,É M,Low,003017548009,5205041
5205,04,2,cephalothin,Rat,Male,2 hr,120,É M,Low,003017548010,5205042
5205,05,1,cephalothin,Rat,Male,8 hr,120,É M,Low,003017548017,5205051
5205,05,2,cephalothin,Rat,Male,8 hr,120,É M,Low,003017548018,5205052
5205,06,1,cephalothin,Rat,Male,24 hr,120,É M,Low,003017548025,5205061
5205,06,2,cephalothin,Rat,Male,24 hr,120,É M,Low,003017548026,5205062
5205,07,1,cephalothin,Rat,Male,2 hr,600,É M,Middle,003017548011,5205071
5205,07,2,cephalothin,Rat,Male,2 hr,600,É M,Middle,003017548012,5205072
5205,08,1,cephalothin,Rat,Male,8 hr,600,É M,Middle,003017548019,5205081
5205,08,2,cephalothin,Rat,Male,8 hr,600,É M,Middle,003017548020,5205082
5205,09,1,cephalothin,Rat,Male,24 hr,600,É M,Middle,003017548027,5205091
5205,09,2,cephalothin,Rat,Male,24 hr,600,É M,Middle,003017548028,5205092
5205,10,1,cephalothin,Rat,Male,2 hr,3000,É M,High,003017548013,5205101
5205,10,2,cephalothin,Rat,Male,2 hr,3000,É M,High,003017548014,5205102
5205,11,1,cephalothin,Rat,Male,8 hr,3000,É M,High,003017548021,5205111
5205,11,2,cephalothin,Rat,Male,8 hr,3000,É M,High,003017548022,5205112
5205,12,1,cephalothin,Rat,Male,24 hr,3000,É M,High,003017548029,5205121
5205,12,2,cephalothin,Rat,Male,24 hr,3000,É M,High,003017548030,5205122
5206,01,1,puromycin aminonucleoside,Rat,Male,2 hr,0,É M,Control,003017525011,5206011
5206,01,2,puromycin aminonucleoside,Rat,Male,2 hr,0,É M,Control,003017525012,5206012
5206,02,1,puromycin aminonucleoside,Rat,Male,8 hr,0,É M,Control,003017525019,5206021
5206,02,2,puromycin aminonucleoside,Rat,Male,8 hr,0,É M,Control,003017525020,5206022
5206,03,1,puromycin aminonucleoside,Rat,Male,24 hr,0,É M,Control,003017525027,5206031
5206,03,2,puromycin aminonucleoside,Rat,Male,24 hr,0,É M,Control,003017525028,5206032
5206,04,1,puromycin aminonucleoside,Rat,Male,2 hr,100,É M,Low,003017525013,5206041
5206,04,2,puromycin aminonucleoside,Rat,Male,2 hr,100,É M,Low,003017525014,5206042
5206,05,1,puromycin aminonucleoside,Rat,Male,8 hr,100,É M,Low,003017525021,5206051
5206,05,2,puromycin aminonucleoside,Rat,Male,8 hr,100,É M,Low,003017525022,5206052
5206,06,1,puromycin aminonucleoside,Rat,Male,24 hr,100,É M,Low,003017525029,5206061
5206,06,2,puromycin aminonucleoside,Rat,Male,24 hr,100,É M,Low,003017525030,5206062
5206,07,1,puromycin aminonucleoside,Rat,Male,2 hr,500,É M,Middle,003017525015,5206071
5206,07,2,puromycin aminonucleoside,Rat,Male,2 hr,500,É M,Middle,003017525016,5206072
5206,08,1,puromycin aminonucleoside,Rat,Male,8 hr,500,É M,Middle,003017525023,5206081
5206,08,2,puromycin aminonucleoside,Rat,Male,8 hr,500,É M,Middle,003017525024,5206082
5206,09,1,puromycin aminonucleoside,Rat,Male,24 hr,500,É M,Middle,003017526001,5206091
5206,09,2,puromycin aminonucleoside,Rat,Male,24 hr,500,É M,Middle,003017526002,5206092
5206,10,1,puromycin aminonucleoside,Rat,Male,2 hr,2500,É M,High,003017525017,5206101
5206,10,2,puromycin aminonucleoside,Rat,Male,2 hr,2500,É M,High,003017525018,5206102
5206,11,1,puromycin aminonucleoside,Rat,Male,8 hr,2500,É M,High,003017525025,5206111
5206,11,2,puromycin aminonucleoside,Rat,Male,8 hr,2500,É M,High,003017525026,5206112
5206,12,1,puromycin aminonucleoside,Rat,Male,24 hr,2500,É M,High,003017526003,5206121
5206,12,2,puromycin aminonucleoside,Rat,Male,24 hr,2500,É M,High,003017527017,5206122
5207,01,1,nitrosodiethylamine,Rat,Male,2 hr,0,É M,Control,003017530026,5207011
5207,01,2,nitrosodiethylamine,Rat,Male,2 hr,0,É M,Control,003017530027,5207012
5207,02,1,nitrosodiethylamine,Rat,Male,8 hr,0,É M,Control,003017531004,5207021
5207,02,2,nitrosodiethylamine,Rat,Male,8 hr,0,É M,Control,003017531005,5207022
5207,03,1,nitrosodiethylamine,Rat,Male,24 hr,0,É M,Control,003017531012,5207031
5207,03,2,nitrosodiethylamine,Rat,Male,24 hr,0,É M,Control,003017531013,5207032
5207,04,1,nitrosodiethylamine,Rat,Male,2 hr,400,É M,Low,003017530028,5207041
5207,04,2,nitrosodiethylamine,Rat,Male,2 hr,400,É M,Low,003017530029,5207042
5207,05,1,nitrosodiethylamine,Rat,Male,8 hr,400,É M,Low,003017531006,5207051
5207,05,2,nitrosodiethylamine,Rat,Male,8 hr,400,É M,Low,003017531007,5207052
5207,06,1,nitrosodiethylamine,Rat,Male,24 hr,400,É M,Low,003017531014,5207061
5207,06,2,nitrosodiethylamine,Rat,Male,24 hr,400,É M,Low,003017531015,5207062
5207,07,1,nitrosodiethylamine,Rat,Male,2 hr,2000,É M,Middle,003017530030,5207071
5207,07,2,nitrosodiethylamine,Rat,Male,2 hr,2000,É M,Middle,003017531001,5207072
5207,08,1,nitrosodiethylamine,Rat,Male,8 hr,2000,É M,Middle,003017531008,5207081
5207,08,2,nitrosodiethylamine,Rat,Male,8 hr,2000,É M,Middle,003017531009,5207082
5207,09,1,nitrosodiethylamine,Rat,Male,24 hr,2000,É M,Middle,003017531016,5207091
5207,09,2,nitrosodiethylamine,Rat,Male,24 hr,2000,É M,Middle,003017531017,5207092
5207,10,1,nitrosodiethylamine,Rat,Male,2 hr,10000,É M,High,003017531002,5207101
5207,10,2,nitrosodiethylamine,Rat,Male,2 hr,10000,É M,High,003017531003,5207102
5207,11,1,nitrosodiethylamine,Rat,Male,8 hr,10000,É M,High,003017531010,5207111
5207,11,2,nitrosodiethylamine,Rat,Male,8 hr,10000,É M,High,003017531011,5207112
5207,12,1,nitrosodiethylamine,Rat,Male,24 hr,10000,É M,High,003017531018,5207121
5207,12,2,nitrosodiethylamine,Rat,Male,24 hr,10000,É M,High,003017531019,5207122
5208,01,1,gentamicin,Rat,Male,2 hr,0,mg/mL,Control,003017558007,5208011
5208,01,2,gentamicin,Rat,Male,2 hr,0,mg/mL,Control,003017558008,5208012
5208,02,1,gentamicin,Rat,Male,8 hr,0,mg/mL,Control,003017558015,5208021
5208,02,2,gentamicin,Rat,Male,8 hr,0,mg/mL,Control,003017558016,5208022
5208,03,1,gentamicin,Rat,Male,24 hr,0,mg/mL,Control,003017558023,5208031
5208,03,2,gentamicin,Rat,Male,24 hr,0,mg/mL,Control,003017558024,5208032
5208,04,1,gentamicin,Rat,Male,2 hr,1,mg/mL,Low,003017558009,5208041
5208,04,2,gentamicin,Rat,Male,2 hr,1,mg/mL,Low,003017558010,5208042
5208,05,1,gentamicin,Rat,Male,8 hr,1,mg/mL,Low,003017558017,5208051
5208,05,2,gentamicin,Rat,Male,8 hr,1,mg/mL,Low,003017558018,5208052
5208,06,1,gentamicin,Rat,Male,24 hr,1,mg/mL,Low,003017558025,5208061
5208,06,2,gentamicin,Rat,Male,24 hr,1,mg/mL,Low,003017558026,5208062
5208,07,1,gentamicin,Rat,Male,2 hr,6,mg/mL,Middle,003017558011,5208071
5208,07,2,gentamicin,Rat,Male,2 hr,6,mg/mL,Middle,003017558012,5208072
5208,08,1,gentamicin,Rat,Male,8 hr,6,mg/mL,Middle,003017558019,5208081
5208,08,2,gentamicin,Rat,Male,8 hr,6,mg/mL,Middle,003017558020,5208082
5208,09,1,gentamicin,Rat,Male,24 hr,6,mg/mL,Middle,003017558027,5208091
5208,09,2,gentamicin,Rat,Male,24 hr,6,mg/mL,Middle,003017558028,5208092
5208,10,1,gentamicin,Rat,Male,2 hr,30,mg/mL,High,003017558013,5208101
5208,10,2,gentamicin,Rat,Male,2 hr,30,mg/mL,High,003017558014,5208102
5208,11,1,gentamicin,Rat,Male,8 hr,30,mg/mL,High,003017558021,5208111
5208,11,2,gentamicin,Rat,Male,8 hr,30,mg/mL,High,003017558022,5208112
5208,12,1,gentamicin,Rat,Male,24 hr,30,mg/mL,High,003017558029,5208121
5208,12,2,gentamicin,Rat,Male,24 hr,30,mg/mL,High,003017558030,5208122
5210,01,1,doxorubicin,Rat,Male,2 hr,0,É M,Control,003017474006,5210011
5210,01,2,doxorubicin,Rat,Male,2 hr,0,É M,Control,003017474007,5210012
5210,02,1,doxorubicin,Rat,Male,8 hr,0,É M,Control,003017474014,5210021
5210,02,2,doxorubicin,Rat,Male,8 hr,0,É M,Control,003017474015,5210022
5210,03,1,doxorubicin,Rat,Male,24 hr,0,É M,Control,003017474022,5210031
5210,03,2,doxorubicin,Rat,Male,24 hr,0,É M,Control,003017474023,5210032
5210,04,1,doxorubicin,Rat,Male,2 hr,0,É M,Low,003017474008,5210041
5210,04,2,doxorubicin,Rat,Male,2 hr,0,É M,Low,003017474009,5210042
5210,05,1,doxorubicin,Rat,Male,8 hr,0,É M,Low,003017474016,5210051
5210,05,2,doxorubicin,Rat,Male,8 hr,0,É M,Low,003017474017,5210052
5210,06,1,doxorubicin,Rat,Male,24 hr,0,É M,Low,003017474024,5210061
5210,06,2,doxorubicin,Rat,Male,24 hr,0,É M,Low,003017474025,5210062
5210,07,1,doxorubicin,Rat,Male,2 hr,0,É M,Middle,003017474010,5210071
5210,07,2,doxorubicin,Rat,Male,2 hr,0,É M,Middle,003017474011,5210072
5210,08,1,doxorubicin,Rat,Male,8 hr,0,É M,Middle,003017474018,5210081
5210,08,2,doxorubicin,Rat,Male,8 hr,0,É M,Middle,003017474019,5210082
5210,09,1,doxorubicin,Rat,Male,24 hr,0,É M,Middle,003017474026,5210091
5210,09,2,doxorubicin,Rat,Male,24 hr,0,É M,Middle,003017474027,5210092
5210,10,1,doxorubicin,Rat,Male,2 hr,2,É M,High,003017474012,5210101
5210,10,2,doxorubicin,Rat,Male,2 hr,2,É M,High,003017474013,5210102
5210,11,1,doxorubicin,Rat,Male,8 hr,2,É M,High,003017474020,5210111
5210,11,2,doxorubicin,Rat,Male,8 hr,2,É M,High,003017474021,5210112
5210,12,1,doxorubicin,Rat,Male,24 hr,2,É M,High,003017474028,5210121
5210,12,2,doxorubicin,Rat,Male,24 hr,2,É M,High,003017474029,5210122
5212,01,1,tunicamycin,Rat,Male,2 hr,0,É g/mL,Control,003017723013,5212011
5212,01,2,tunicamycin,Rat,Male,2 hr,0,É g/mL,Control,003017723014,5212012
5212,02,1,tunicamycin,Rat,Male,8 hr,0,É g/mL,Control,003017723021,5212021
5212,02,2,tunicamycin,Rat,Male,8 hr,0,É g/mL,Control,003017723022,5212022
5212,03,1,tunicamycin,Rat,Male,24 hr,0,É g/mL,Control,003017723029,5212031
5212,03,2,tunicamycin,Rat,Male,24 hr,0,É g/mL,Control,003017723030,5212032
5212,04,1,tunicamycin,Rat,Male,2 hr,2,É g/mL,Low,003017723015,5212041
5212,04,2,tunicamycin,Rat,Male,2 hr,2,É g/mL,Low,003017723016,5212042
5212,05,1,tunicamycin,Rat,Male,8 hr,2,É g/mL,Low,003017723023,5212051
5212,05,2,tunicamycin,Rat,Male,8 hr,2,É g/mL,Low,003017723024,5212052
5212,06,1,tunicamycin,Rat,Male,24 hr,2,É g/mL,Low,003017724001,5212061
5212,06,2,tunicamycin,Rat,Male,24 hr,2,É g/mL,Low,003017724002,5212062
5212,07,1,tunicamycin,Rat,Male,2 hr,10,É g/mL,Middle,003017723017,5212071
5212,07,2,tunicamycin,Rat,Male,2 hr,10,É g/mL,Middle,003017723018,5212072
5212,08,1,tunicamycin,Rat,Male,8 hr,10,É g/mL,Middle,003017723025,5212081
5212,08,2,tunicamycin,Rat,Male,8 hr,10,É g/mL,Middle,003017723026,5212082
5212,09,1,tunicamycin,Rat,Male,24 hr,10,É g/mL,Middle,003017724003,5212091
5212,09,2,tunicamycin,Rat,Male,24 hr,10,É g/mL,Middle,003017724004,5212092
5212,10,1,tunicamycin,Rat,Male,2 hr,50,É g/mL,High,003017723019,5212101
5212,10,2,tunicamycin,Rat,Male,2 hr,50,É g/mL,High,003017723020,5212102
5212,11,1,tunicamycin,Rat,Male,8 hr,50,É g/mL,High,003017723027,5212111
5212,11,2,tunicamycin,Rat,Male,8 hr,50,É g/mL,High,003017723028,5212112
5212,12,1,tunicamycin,Rat,Male,24 hr,50,É g/mL,High,003017724005,5212121
5212,12,2,tunicamycin,Rat,Male,24 hr,50,É g/mL,High,003017724006,5212122
5213,01,1,LPS,Rat,Male,2 hr,0,É g/mL,Control,003017778007,5213011
5213,01,2,LPS,Rat,Male,2 hr,0,É g/mL,Control,003017778008,5213012
5213,02,1,LPS,Rat,Male,8 hr,0,É g/mL,Control,003017778015,5213021
5213,02,2,LPS,Rat,Male,8 hr,0,É g/mL,Control,003017778016,5213022
5213,03,1,LPS,Rat,Male,24 hr,0,É g/mL,Control,003017778023,5213031
5213,03,2,LPS,Rat,Male,24 hr,0,É g/mL,Control,003017778024,5213032
5213,07,1,LPS,Rat,Male,2 hr,0,É g/mL,Low,003017778011,5213071
5213,07,2,LPS,Rat,Male,2 hr,0,É g/mL,Low,003017778012,5213072
5213,08,1,LPS,Rat,Male,8 hr,0,É g/mL,Low,003017778019,5213081
5213,08,2,LPS,Rat,Male,8 hr,0,É g/mL,Low,003017778020,5213082
5213,09,1,LPS,Rat,Male,24 hr,0,É g/mL,Low,003017778027,5213091
5213,09,2,LPS,Rat,Male,24 hr,0,É g/mL,Low,003017778028,5213092
5213,10,1,LPS,Rat,Male,2 hr,1,É g/mL,Middle,003017778013,5213101
5213,10,2,LPS,Rat,Male,2 hr,1,É g/mL,Middle,003017778014,5213102
5213,11,1,LPS,Rat,Male,8 hr,1,É g/mL,Middle,003017778021,5213111
5213,11,2,LPS,Rat,Male,8 hr,1,É g/mL,Middle,003017778022,5213112
5213,12,1,LPS,Rat,Male,24 hr,1,É g/mL,Middle,003017778029,5213121
5213,12,2,LPS,Rat,Male,24 hr,1,É g/mL,Middle,003017778030,5213122
5213,13,1,LPS,Rat,Male,2 hr,4,É g/mL,High,,5213131
5213,13,2,LPS,Rat,Male,2 hr,4,É g/mL,High,,5213132
5213,14,1,LPS,Rat,Male,8 hr,4,É g/mL,High,,5213141
5213,14,2,LPS,Rat,Male,8 hr,4,É g/mL,High,,5213142
5213,15,1,LPS,Rat,Male,24 hr,4,É g/mL,High,,5213151
5213,15,2,LPS,Rat,Male,24 hr,4,É g/mL,High,,5213152
5214,01,1,TNFÉø,Rat,Male,2 hr,0,ng/mL,Control,003017775001,5214011
5214,01,2,TNFÉø,Rat,Male,2 hr,0,ng/mL,Control,003017775002,5214012
5214,02,1,TNFÉø,Rat,Male,8 hr,0,ng/mL,Control,003017775009,5214021
5214,02,2,TNFÉø,Rat,Male,8 hr,0,ng/mL,Control,003017775010,5214022
5214,03,1,TNFÉø,Rat,Male,24 hr,0,ng/mL,Control,003017775017,5214031
5214,03,2,TNFÉø,Rat,Male,24 hr,0,ng/mL,Control,003017775018,5214032
5214,04,1,TNFÉø,Rat,Male,2 hr,2,ng/mL,Low,003017775003,5214041
5214,04,2,TNFÉø,Rat,Male,2 hr,2,ng/mL,Low,003017775004,5214042
5214,05,1,TNFÉø,Rat,Male,8 hr,2,ng/mL,Low,003017775011,5214051
5214,05,2,TNFÉø,Rat,Male,8 hr,2,ng/mL,Low,003017775012,5214052
5214,06,1,TNFÉø,Rat,Male,24 hr,2,ng/mL,Low,003017775019,5214061
5214,06,2,TNFÉø,Rat,Male,24 hr,2,ng/mL,Low,003017775020,5214062
5214,07,1,TNFÉø,Rat,Male,2 hr,10,ng/mL,Middle,003017775005,5214071
5214,07,2,TNFÉø,Rat,Male,2 hr,10,ng/mL,Middle,003017775006,5214072
5214,08,1,TNFÉø,Rat,Male,8 hr,10,ng/mL,Middle,003017775013,5214081
5214,08,2,TNFÉø,Rat,Male,8 hr,10,ng/mL,Middle,003017775014,5214082
5214,09,1,TNFÉø,Rat,Male,24 hr,10,ng/mL,Middle,003017775021,5214091
5214,09,2,TNFÉø,Rat,Male,24 hr,10,ng/mL,Middle,003017775022,5214092
5214,10,1,TNFÉø,Rat,Male,2 hr,50,ng/mL,High,003017775007,5214101
5214,10,2,TNFÉø,Rat,Male,2 hr,50,ng/mL,High,003017775008,5214102
5214,11,1,TNFÉø,Rat,Male,8 hr,50,ng/mL,High,003017775015,5214111
5214,11,2,TNFÉø,Rat,Male,8 hr,50,ng/mL,High,003017775016,5214112
5214,12,1,TNFÉø,Rat,Male,24 hr,50,ng/mL,High,003017775023,5214121
5214,12,2,TNFÉø,Rat,Male,24 hr,50,ng/mL,High,003017775024,5214122
5217,01,1,phalloidin,Rat,Male,2 hr,0,É g/mL,Control,003017741003,5217011
5217,01,2,phalloidin,Rat,Male,2 hr,0,É g/mL,Control,003017741004,5217012
5217,02,1,phalloidin,Rat,Male,8 hr,0,É g/mL,Control,003017742005,5217021
5217,02,2,phalloidin,Rat,Male,8 hr,0,É g/mL,Control,003017742006,5217022
5217,03,1,phalloidin,Rat,Male,24 hr,0,É g/mL,Control,003017744001,5217031
5217,03,2,phalloidin,Rat,Male,24 hr,0,É g/mL,Control,003017744002,5217032
5217,04,1,phalloidin,Rat,Male,2 hr,4,É g/mL,Low,003017741005,5217041
5217,04,2,phalloidin,Rat,Male,2 hr,4,É g/mL,Low,003017741006,5217042
5217,05,1,phalloidin,Rat,Male,8 hr,4,É g/mL,Low,003017743001,5217051
5217,05,2,phalloidin,Rat,Male,8 hr,4,É g/mL,Low,003017743002,5217052
5217,06,1,phalloidin,Rat,Male,24 hr,4,É g/mL,Low,003017744003,5217061
5217,06,2,phalloidin,Rat,Male,24 hr,4,É g/mL,Low,003017744004,5217062
5217,07,1,phalloidin,Rat,Male,2 hr,20,É g/mL,Middle,003017742001,5217071
5217,07,2,phalloidin,Rat,Male,2 hr,20,É g/mL,Middle,003017742002,5217072
5217,08,1,phalloidin,Rat,Male,8 hr,20,É g/mL,Middle,003017743003,5217081
5217,08,2,phalloidin,Rat,Male,8 hr,20,É g/mL,Middle,003017743004,5217082
5217,09,1,phalloidin,Rat,Male,24 hr,20,É g/mL,Middle,003017744005,5217091
5217,09,2,phalloidin,Rat,Male,24 hr,20,É g/mL,Middle,003017744006,5217092
5217,10,1,phalloidin,Rat,Male,2 hr,100,É g/mL,High,003017742003,5217101
5217,10,2,phalloidin,Rat,Male,2 hr,100,É g/mL,High,003017742004,5217102
5217,11,1,phalloidin,Rat,Male,8 hr,100,É g/mL,High,003017743005,5217111
5217,11,2,phalloidin,Rat,Male,8 hr,100,É g/mL,High,003017743006,5217112
5217,12,1,phalloidin,Rat,Male,24 hr,100,É g/mL,High,003017744007,5217121
5217,12,2,phalloidin,Rat,Male,24 hr,100,É g/mL,High,003017744008,5217122
5218,01,1,ciprofloxacin,Human,Male,8 hr,0,É M,Control,003016058026,5218011
5218,01,2,ciprofloxacin,Human,Male,8 hr,0,É M,Control,003016058027,5218012
5218,02,1,ciprofloxacin,Human,Male,24 hr,0,É M,Control,003016059002,5218021
5218,02,2,ciprofloxacin,Human,Male,24 hr,0,É M,Control,003016059003,5218022
5218,03,1,ciprofloxacin,Human,Male,8 hr,5,É M,Middle,003016058028,5218031
5218,03,2,ciprofloxacin,Human,Male,8 hr,5,É M,Middle,003016058029,5218032
5218,04,1,ciprofloxacin,Human,Male,24 hr,5,É M,Middle,003016059004,5218041
5218,04,2,ciprofloxacin,Human,Male,24 hr,5,É M,Middle,003016059005,5218042
5218,05,1,ciprofloxacin,Human,Male,8 hr,25,É M,High,003016058030,5218051
5218,05,2,ciprofloxacin,Human,Male,8 hr,25,É M,High,003016059001,5218052
5218,06,1,ciprofloxacin,Human,Male,24 hr,25,É M,High,003016059006,5218061
5218,06,2,ciprofloxacin,Human,Male,24 hr,25,É M,High,003016059007,5218062
5219,01,1,pemoline,Human,Male,8 hr,0,É M,Control,003016059008,5219011
5219,01,2,pemoline,Human,Male,8 hr,0,É M,Control,003016059009,5219012
5219,02,1,pemoline,Human,Male,24 hr,0,É M,Control,003016059014,5219021
5219,02,2,pemoline,Human,Male,24 hr,0,É M,Control,003016059015,5219022
5219,03,1,pemoline,Human,Male,8 hr,15,É M,Middle,003016059010,5219031
5219,03,2,pemoline,Human,Male,8 hr,15,É M,Middle,003016059011,5219032
5219,04,1,pemoline,Human,Male,24 hr,15,É M,Middle,003016059016,5219041
5219,04,2,pemoline,Human,Male,24 hr,15,É M,Middle,003016059017,5219042
5219,05,1,pemoline,Human,Male,8 hr,75,É M,High,003016059012,5219051
5219,05,2,pemoline,Human,Male,8 hr,75,É M,High,003016059013,5219052
5219,06,1,pemoline,Human,Male,24 hr,75,É M,High,003016059018,5219061
5219,06,2,pemoline,Human,Male,24 hr,75,É M,High,003016059019,5219062
5220,01,1,chlormezanone,Human,Male,8 hr,0,É M,Control,003016059020,5220011
5220,01,2,chlormezanone,Human,Male,8 hr,0,É M,Control,003016059021,5220012
5220,02,1,chlormezanone,Human,Male,24 hr,0,É M,Control,003016059026,5220021
5220,02,2,chlormezanone,Human,Male,24 hr,0,É M,Control,003016059027,5220022
5220,03,1,chlormezanone,Human,Male,8 hr,50,É M,Middle,003016059022,5220031
5220,03,2,chlormezanone,Human,Male,8 hr,50,É M,Middle,003016059023,5220032
5220,04,1,chlormezanone,Human,Male,24 hr,50,É M,Middle,003016059028,5220041
5220,04,2,chlormezanone,Human,Male,24 hr,50,É M,Middle,003016059029,5220042
5220,05,1,chlormezanone,Human,Male,8 hr,250,É M,High,003016059024,5220051
5220,05,2,chlormezanone,Human,Male,8 hr,250,É M,High,003016059025,5220052
5220,06,1,chlormezanone,Human,Male,24 hr,250,É M,High,003016059030,5220061
5220,06,2,chlormezanone,Human,Male,24 hr,250,É M,High,003016060013,5220062
5221,01,1,metformin,Human,Male,8 hr,0,É M,Control,003016060001,5221011
5221,01,2,metformin,Human,Male,8 hr,0,É M,Control,003016060002,5221012
5221,02,1,metformin,Human,Male,24 hr,0,É M,Control,003016060007,5221021
5221,02,2,metformin,Human,Male,24 hr,0,É M,Control,003016060008,5221022
5221,03,1,metformin,Human,Male,8 hr,200,É M,Middle,003016060003,5221031
5221,03,2,metformin,Human,Male,8 hr,200,É M,Middle,003016060004,5221032
5221,04,1,metformin,Human,Male,24 hr,200,É M,Middle,003016060009,5221041
5221,04,2,metformin,Human,Male,24 hr,200,É M,Middle,003016060010,5221042
5221,05,1,metformin,Human,Male,8 hr,1000,É M,High,003016060005,5221051
5221,05,2,metformin,Human,Male,8 hr,1000,É M,High,003016060006,5221052
5221,06,1,metformin,Human,Male,24 hr,1000,É M,High,003016060011,5221061
5221,06,2,metformin,Human,Male,24 hr,1000,É M,High,003016060012,5221062
5222,01,1,tamoxifen,Human,Male,8 hr,0,É M,Control,003016060014,5222011
5222,01,2,tamoxifen,Human,Male,8 hr,0,É M,Control,003016060015,5222012
5222,02,1,tamoxifen,Human,Male,24 hr,0,É M,Control,003016060020,5222021
5222,02,2,tamoxifen,Human,Male,24 hr,0,É M,Control,003016060021,5222022
5222,03,1,tamoxifen,Human,Male,8 hr,5,É M,Middle,003016060016,5222031
5222,03,2,tamoxifen,Human,Male,8 hr,5,É M,Middle,003016060017,5222032
5222,04,1,tamoxifen,Human,Male,24 hr,5,É M,Middle,003016060022,5222041
5222,04,2,tamoxifen,Human,Male,24 hr,5,É M,Middle,003016060023,5222042
5222,05,1,tamoxifen,Human,Male,8 hr,25,É M,High,003016060018,5222051
5222,05,2,tamoxifen,Human,Male,8 hr,25,É M,High,003016060019,5222052
5222,06,1,tamoxifen,Human,Male,24 hr,25,É M,High,003016060024,5222061
5222,06,2,tamoxifen,Human,Male,24 hr,25,É M,High,003016060025,5222062
5223,01,1,ethinylestradiol,Human,Male,8 hr,0,É M,Control,003016060026,5223011
5223,01,2,ethinylestradiol,Human,Male,8 hr,0,É M,Control,003016060027,5223012
5223,02,1,ethinylestradiol,Human,Male,24 hr,0,É M,Control,003016061002,5223021
5223,02,2,ethinylestradiol,Human,Male,24 hr,0,É M,Control,003016061003,5223022
5223,03,1,ethinylestradiol,Human,Male,8 hr,3,É M,Middle,003016060028,5223031
5223,03,2,ethinylestradiol,Human,Male,8 hr,3,É M,Middle,003016060029,5223032
5223,04,1,ethinylestradiol,Human,Male,24 hr,3,É M,Middle,003016061004,5223041
5223,04,2,ethinylestradiol,Human,Male,24 hr,3,É M,Middle,003016061005,5223042
5223,05,1,ethinylestradiol,Human,Male,8 hr,15,É M,High,003016060030,5223051
5223,05,2,ethinylestradiol,Human,Male,8 hr,15,É M,High,003016061001,5223052
5223,06,1,ethinylestradiol,Human,Male,24 hr,15,É M,High,003016061006,5223061
5223,06,2,ethinylestradiol,Human,Male,24 hr,15,É M,High,003016061007,5223062
5224,01,1,methyldopa,Human,Male,8 hr,0,É M,Control,003016061008,5224011
5224,01,2,methyldopa,Human,Male,8 hr,0,É M,Control,003016061009,5224012
5224,02,1,methyldopa,Human,Male,24 hr,0,É M,Control,003016061014,5224021
5224,02,2,methyldopa,Human,Male,24 hr,0,É M,Control,003016061015,5224022
5224,03,1,methyldopa,Human,Male,8 hr,10,É M,Middle,003016061010,5224031
5224,03,2,methyldopa,Human,Male,8 hr,10,É M,Middle,003016061011,5224032
5224,04,1,methyldopa,Human,Male,24 hr,10,É M,Middle,003016061016,5224041
5224,04,2,methyldopa,Human,Male,24 hr,10,É M,Middle,003016061017,5224042
5224,05,1,methyldopa,Human,Male,8 hr,50,É M,High,003016061012,5224051
5224,05,2,methyldopa,Human,Male,8 hr,50,É M,High,003016061013,5224052
5224,06,1,methyldopa,Human,Male,24 hr,50,É M,High,003016061018,5224061
5224,06,2,methyldopa,Human,Male,24 hr,50,É M,High,003016061019,5224062
5225,01,1,methimazole,Human,Male,8 hr,0,É M,Control,003016061020,5225011
5225,01,2,methimazole,Human,Male,8 hr,0,É M,Control,003016061021,5225012
5225,02,1,methimazole,Human,Male,24 hr,0,É M,Control,003016061026,5225021
5225,02,2,methimazole,Human,Male,24 hr,0,É M,Control,003016061027,5225022
5225,03,1,methimazole,Human,Male,8 hr,2000,É M,Middle,003016061022,5225031
5225,03,2,methimazole,Human,Male,8 hr,2000,É M,Middle,003016061023,5225032
5225,04,1,methimazole,Human,Male,24 hr,2000,É M,Middle,003016061028,5225041
5225,04,2,methimazole,Human,Male,24 hr,2000,É M,Middle,003016061029,5225042
5225,05,1,methimazole,Human,Male,8 hr,10000,É M,High,003016061024,5225051
5225,05,2,methimazole,Human,Male,8 hr,10000,É M,High,003016061025,5225052
5225,06,1,methimazole,Human,Male,24 hr,10000,É M,High,003016061030,5225061
5225,06,2,methimazole,Human,Male,24 hr,10000,É M,High,003016062001,5225062
5226,01,1,monocrotaline,Human,Male,8 hr,0,É M,Control,003016062002,5226011
5226,01,2,monocrotaline,Human,Male,8 hr,0,É M,Control,003016062003,5226012
5226,02,1,monocrotaline,Human,Male,24 hr,0,É M,Control,003016062008,5226021
5226,02,2,monocrotaline,Human,Male,24 hr,0,É M,Control,003016062009,5226022
5226,03,1,monocrotaline,Human,Male,8 hr,18,É M,Middle,003016062004,5226031
5226,03,2,monocrotaline,Human,Male,8 hr,18,É M,Middle,003016062005,5226032
5226,04,1,monocrotaline,Human,Male,24 hr,18,É M,Middle,003016062010,5226041
5226,04,2,monocrotaline,Human,Male,24 hr,18,É M,Middle,003016062011,5226042
5226,05,1,monocrotaline,Human,Male,8 hr,90,É M,High,003016062006,5226051
5226,05,2,monocrotaline,Human,Male,8 hr,90,É M,High,003016062007,5226052
5226,06,1,monocrotaline,Human,Male,24 hr,90,É M,High,003016062012,5226061
5226,06,2,monocrotaline,Human,Male,24 hr,90,É M,High,003016062013,5226062
5227,01,1,vitamin A,Human,Male,8 hr,0,É M,Control,003016062014,5227011
5227,01,2,vitamin A,Human,Male,8 hr,0,É M,Control,003016062015,5227012
5227,02,1,vitamin A,Human,Male,24 hr,0,É M,Control,003016062020,5227021
5227,02,2,vitamin A,Human,Male,24 hr,0,É M,Control,003016062021,5227022
5227,03,1,vitamin A,Human,Male,8 hr,2,É M,Middle,003016062016,5227031
5227,03,2,vitamin A,Human,Male,8 hr,2,É M,Middle,003016062017,5227032
5227,04,1,vitamin A,Human,Male,24 hr,2,É M,Middle,003016062022,5227041
5227,04,2,vitamin A,Human,Male,24 hr,2,É M,Middle,003016062023,5227042
5227,05,1,vitamin A,Human,Male,8 hr,8,É M,High,003016062018,5227051
5227,05,2,vitamin A,Human,Male,8 hr,8,É M,High,003016062019,5227052
5227,06,1,vitamin A,Human,Male,24 hr,8,É M,High,003016062024,5227061
5227,06,2,vitamin A,Human,Male,24 hr,8,É M,High,003016062025,5227062
5228,01,1,tacrine,Human,Female,8 hr,0,É M,Control,003016063008,5228011
5228,01,2,tacrine,Human,Female,8 hr,0,É M,Control,003016063009,5228012
5228,02,1,tacrine,Human,Female,24 hr,0,É M,Control,003016063014,5228021
5228,02,2,tacrine,Human,Female,24 hr,0,É M,Control,003016063015,5228022
5228,03,1,tacrine,Human,Female,8 hr,16,É M,Middle,003016063010,5228031
5228,03,2,tacrine,Human,Female,8 hr,16,É M,Middle,003016063011,5228032
5228,04,1,tacrine,Human,Female,24 hr,16,É M,Middle,003016063016,5228041
5228,04,2,tacrine,Human,Female,24 hr,16,É M,Middle,003016063017,5228042
5228,05,1,tacrine,Human,Female,8 hr,80,É M,High,003016063012,5228051
5228,05,2,tacrine,Human,Female,8 hr,80,É M,High,003016063013,5228052
5228,06,1,tacrine,Human,Female,24 hr,80,É M,High,003016063018,5228061
5228,06,2,tacrine,Human,Female,24 hr,80,É M,High,003016063019,5228062
5229,01,1,moxisylyte,Human,Female,8 hr,0,É M,Control,003016063020,5229011
5229,01,2,moxisylyte,Human,Female,8 hr,0,É M,Control,003016063021,5229012
5229,02,1,moxisylyte,Human,Female,24 hr,0,É M,Control,003016063026,5229021
5229,02,2,moxisylyte,Human,Female,24 hr,0,É M,Control,003016063027,5229022
5229,03,1,moxisylyte,Human,Female,8 hr,80,É M,Middle,003016063022,5229031
5229,03,2,moxisylyte,Human,Female,8 hr,80,É M,Middle,003016063023,5229032
5229,04,1,moxisylyte,Human,Female,24 hr,80,É M,Middle,003016063028,5229041
5229,04,2,moxisylyte,Human,Female,24 hr,80,É M,Middle,003016063029,5229042
5229,05,1,moxisylyte,Human,Female,8 hr,400,É M,High,003016063024,5229051
5229,05,2,moxisylyte,Human,Female,8 hr,400,É M,High,003016063025,5229052
5229,06,1,moxisylyte,Human,Female,24 hr,400,É M,High,003016063030,5229061
5229,06,2,moxisylyte,Human,Female,24 hr,400,É M,High,003016064001,5229062
5230,01,1,iproniazid,Human,Female,8 hr,0,É M,Control,003016064002,5230011
5230,01,2,iproniazid,Human,Female,8 hr,0,É M,Control,003016064003,5230012
5230,02,1,iproniazid,Human,Female,24 hr,0,É M,Control,003016064008,5230021
5230,02,2,iproniazid,Human,Female,24 hr,0,É M,Control,003016064009,5230022
5230,03,1,iproniazid,Human,Female,8 hr,240,É M,Middle,003016064004,5230031
5230,03,2,iproniazid,Human,Female,8 hr,240,É M,Middle,003016064005,5230032
5230,04,1,iproniazid,Human,Female,24 hr,240,É M,Middle,003016064010,5230041
5230,04,2,iproniazid,Human,Female,24 hr,240,É M,Middle,003016064011,5230042
5230,05,1,iproniazid,Human,Female,8 hr,1200,É M,High,003016064006,5230051
5230,05,2,iproniazid,Human,Female,8 hr,1200,É M,High,003016064007,5230052
5230,06,1,iproniazid,Human,Female,24 hr,1200,É M,High,003016064012,5230061
5230,06,2,iproniazid,Human,Female,24 hr,1200,É M,High,003016064013,5230062
5231,01,1,chloramphenicol,Human,Female,8 hr,0,É M,Control,003016064014,5231011
5231,01,2,chloramphenicol,Human,Female,8 hr,0,É M,Control,003016064015,5231012
5231,02,1,chloramphenicol,Human,Female,24 hr,0,É M,Control,003016064020,5231021
5231,02,2,chloramphenicol,Human,Female,24 hr,0,É M,Control,003016064021,5231022
5231,03,1,chloramphenicol,Human,Female,8 hr,90,É M,Middle,003016064016,5231031
5231,03,2,chloramphenicol,Human,Female,8 hr,90,É M,Middle,003016064017,5231032
5231,04,1,chloramphenicol,Human,Female,24 hr,90,É M,Middle,003016064022,5231041
5231,04,2,chloramphenicol,Human,Female,24 hr,90,É M,Middle,003016064023,5231042
5231,05,1,chloramphenicol,Human,Female,8 hr,450,É M,High,003016064018,5231051
5231,05,2,chloramphenicol,Human,Female,8 hr,450,É M,High,003016064019,5231052
5231,06,1,chloramphenicol,Human,Female,24 hr,450,É M,High,003016064024,5231061
5231,06,2,chloramphenicol,Human,Female,24 hr,450,É M,High,003016064025,5231062
5232,01,1,nitrofurazone,Human,Female,8 hr,0,É M,Control,003016064026,5232011
5232,01,2,nitrofurazone,Human,Female,8 hr,0,É M,Control,003016064027,5232012
5232,02,1,nitrofurazone,Human,Female,24 hr,0,É M,Control,003016065002,5232021
5232,02,2,nitrofurazone,Human,Female,24 hr,0,É M,Control,003016065003,5232022
5232,03,1,nitrofurazone,Human,Female,8 hr,10,É M,Middle,003016064028,5232031
5232,03,2,nitrofurazone,Human,Female,8 hr,10,É M,Middle,003016064029,5232032
5232,04,1,nitrofurazone,Human,Female,24 hr,10,É M,Middle,003016065004,5232041
5232,04,2,nitrofurazone,Human,Female,24 hr,10,É M,Middle,003016065005,5232042
5232,05,1,nitrofurazone,Human,Female,8 hr,50,É M,High,003016064030,5232051
5232,05,2,nitrofurazone,Human,Female,8 hr,50,É M,High,003016065001,5232052
5232,06,1,nitrofurazone,Human,Female,24 hr,50,É M,High,003016065006,5232061
5232,06,2,nitrofurazone,Human,Female,24 hr,50,É M,High,003016065007,5232062
5233,01,1,imipramine,Human,Female,8 hr,0,É M,Control,003016065008,5233011
5233,01,2,imipramine,Human,Female,8 hr,0,É M,Control,003016065009,5233012
5233,02,1,imipramine,Human,Female,24 hr,0,É M,Control,003016065014,5233021
5233,02,2,imipramine,Human,Female,24 hr,0,É M,Control,003016065015,5233022
5233,03,1,imipramine,Human,Female,8 hr,3,É M,Middle,003016065010,5233031
5233,03,2,imipramine,Human,Female,8 hr,3,É M,Middle,003016065011,5233032
5233,04,1,imipramine,Human,Female,24 hr,3,É M,Middle,003016065016,5233041
5233,04,2,imipramine,Human,Female,24 hr,3,É M,Middle,003016065017,5233042
5233,05,1,imipramine,Human,Female,8 hr,15,É M,High,003016065012,5233051
5233,05,2,imipramine,Human,Female,8 hr,15,É M,High,003016065013,5233052
5233,06,1,imipramine,Human,Female,24 hr,15,É M,High,003016065018,5233061
5233,06,2,imipramine,Human,Female,24 hr,15,É M,High,003016065019,5233062
5234,01,1,amitriptyline,Human,Female,8 hr,0,É M,Control,003016065020,5234011
5234,01,2,amitriptyline,Human,Female,8 hr,0,É M,Control,003016065021,5234012
5234,02,1,amitriptyline,Human,Female,24 hr,0,É M,Control,003016065026,5234021
5234,02,2,amitriptyline,Human,Female,24 hr,0,É M,Control,003016065027,5234022
5234,03,1,amitriptyline,Human,Female,8 hr,3,É M,Middle,003016065022,5234031
5234,03,2,amitriptyline,Human,Female,8 hr,3,É M,Middle,003016065023,5234032
5234,04,1,amitriptyline,Human,Female,24 hr,3,É M,Middle,003016065028,5234041
5234,04,2,amitriptyline,Human,Female,24 hr,3,É M,Middle,003016065029,5234042
5234,05,1,amitriptyline,Human,Female,8 hr,15,É M,High,003016065024,5234051
5234,05,2,amitriptyline,Human,Female,8 hr,15,É M,High,003016065025,5234052
5234,06,1,amitriptyline,Human,Female,24 hr,15,É M,High,003016065030,5234061
5234,06,2,amitriptyline,Human,Female,24 hr,15,É M,High,003016066001,5234062
5235,01,1,hydroxyzine,Human,Female,8 hr,0,É M,Control,003016066002,5235011
5235,01,2,hydroxyzine,Human,Female,8 hr,0,É M,Control,003016066003,5235012
5235,02,1,hydroxyzine,Human,Female,24 hr,0,É M,Control,003016066008,5235021
5235,02,2,hydroxyzine,Human,Female,24 hr,0,É M,Control,003016066009,5235022
5235,03,1,hydroxyzine,Human,Female,8 hr,8,É M,Middle,003016066004,5235031
5235,03,2,hydroxyzine,Human,Female,8 hr,8,É M,Middle,003016066005,5235032
5235,04,1,hydroxyzine,Human,Female,24 hr,8,É M,Middle,003016066010,5235041
5235,04,2,hydroxyzine,Human,Female,24 hr,8,É M,Middle,003016066011,5235042
5235,05,1,hydroxyzine,Human,Female,8 hr,40,É M,High,003016066006,5235051
5235,05,2,hydroxyzine,Human,Female,8 hr,40,É M,High,003016066007,5235052
5235,06,1,hydroxyzine,Human,Female,24 hr,40,É M,High,003016066012,5235061
5235,06,2,hydroxyzine,Human,Female,24 hr,40,É M,High,003016066013,5235062
5236,01,1,ibuprofen,Human,Female,8 hr,0,É M,Control,003016066014,5236011
5236,01,2,ibuprofen,Human,Female,8 hr,0,É M,Control,003016066015,5236012
5236,02,1,ibuprofen,Human,Female,24 hr,0,É M,Control,003016066020,5236021
5236,02,2,ibuprofen,Human,Female,24 hr,0,É M,Control,003016066021,5236022
5236,03,1,ibuprofen,Human,Female,8 hr,30,É M,Middle,003016066016,5236031
5236,03,2,ibuprofen,Human,Female,8 hr,30,É M,Middle,003016066017,5236032
5236,04,1,ibuprofen,Human,Female,24 hr,30,É M,Middle,003016066022,5236041
5236,04,2,ibuprofen,Human,Female,24 hr,30,É M,Middle,003016066023,5236042
5236,05,1,ibuprofen,Human,Female,8 hr,150,É M,High,003016066018,5236051
5236,05,2,ibuprofen,Human,Female,8 hr,150,É M,High,003016066019,5236052
5236,06,1,ibuprofen,Human,Female,24 hr,150,É M,High,003016066024,5236061
5236,06,2,ibuprofen,Human,Female,24 hr,150,É M,High,003016066025,5236062
5237,01,1,naproxen,Human,Female,8 hr,0,É M,Control,003016066026,5237011
5237,01,2,naproxen,Human,Female,8 hr,0,É M,Control,003016066027,5237012
5237,02,1,naproxen,Human,Female,24 hr,0,É M,Control,003016067002,5237021
5237,02,2,naproxen,Human,Female,24 hr,0,É M,Control,003016067003,5237022
5237,03,1,naproxen,Human,Female,8 hr,120,É M,Middle,003016066028,5237031
5237,03,2,naproxen,Human,Female,8 hr,120,É M,Middle,003016066029,5237032
5237,04,1,naproxen,Human,Female,24 hr,120,É M,Middle,003016067004,5237041
5237,04,2,naproxen,Human,Female,24 hr,120,É M,Middle,003016067005,5237042
5237,05,1,naproxen,Human,Female,8 hr,600,É M,High,003016066030,5237051
5237,05,2,naproxen,Human,Female,8 hr,600,É M,High,003016067001,5237052
5237,06,1,naproxen,Human,Female,24 hr,600,É M,High,003016067006,5237061
5237,06,2,naproxen,Human,Female,24 hr,600,É M,High,003016067007,5237062
5238,01,1,quinidine,Human,Female,8 hr,0,É M,Control,003016062026,5238011
5238,01,2,quinidine,Human,Female,8 hr,0,É M,Control,003016062027,5238012
5238,02,1,quinidine,Human,Female,24 hr,0,É M,Control,003016063002,5238021
5238,02,2,quinidine,Human,Female,24 hr,0,É M,Control,003016063003,5238022
5238,03,1,quinidine,Human,Female,8 hr,10,É M,Middle,003016062028,5238031
5238,03,2,quinidine,Human,Female,8 hr,10,É M,Middle,003016062029,5238032
5238,04,1,quinidine,Human,Female,24 hr,10,É M,Middle,003016063004,5238041
5238,04,2,quinidine,Human,Female,24 hr,10,É M,Middle,003016063005,5238042
5238,05,1,quinidine,Human,Female,8 hr,50,É M,High,003016062030,5238051
5238,05,2,quinidine,Human,Female,8 hr,50,É M,High,003016063001,5238052
5238,06,1,quinidine,Human,Female,24 hr,50,É M,High,003016063006,5238061
5238,06,2,quinidine,Human,Female,24 hr,50,É M,High,003016063007,5238062
5239,01,1,furosemide,Human,Female,8 hr,0,É M,Control,003016067008,5239011
5239,01,2,furosemide,Human,Female,8 hr,0,É M,Control,003016067009,5239012
5239,02,1,furosemide,Human,Female,24 hr,0,É M,Control,003016067014,5239021
5239,02,2,furosemide,Human,Female,24 hr,0,É M,Control,003016067015,5239022
5239,03,1,furosemide,Human,Female,8 hr,500,É M,Middle,003016067010,5239031
5239,03,2,furosemide,Human,Female,8 hr,500,É M,Middle,003016067011,5239032
5239,04,1,furosemide,Human,Female,24 hr,500,É M,Middle,003016067016,5239041
5239,04,2,furosemide,Human,Female,24 hr,500,É M,Middle,003016067017,5239042
5239,05,1,furosemide,Human,Female,8 hr,2500,É M,High,003016067012,5239051
5239,05,2,furosemide,Human,Female,8 hr,2500,É M,High,003016067013,5239052
5239,06,1,furosemide,Human,Female,24 hr,2500,É M,High,003016067018,5239061
5239,06,2,furosemide,Human,Female,24 hr,2500,É M,High,003016067019,5239062
5240,01,1,fenofibrate,Human,Female,8 hr,0,É M,Control,003016067020,5240011
5240,01,2,fenofibrate,Human,Female,8 hr,0,É M,Control,003016067021,5240012
5240,02,1,fenofibrate,Human,Female,24 hr,0,É M,Control,003016067026,5240021
5240,02,2,fenofibrate,Human,Female,24 hr,0,É M,Control,003016067027,5240022
5240,03,1,fenofibrate,Human,Female,8 hr,6,É M,Middle,003016067022,5240031
5240,03,2,fenofibrate,Human,Female,8 hr,6,É M,Middle,003016067023,5240032
5240,04,1,fenofibrate,Human,Female,24 hr,6,É M,Middle,003016067028,5240041
5240,04,2,fenofibrate,Human,Female,24 hr,6,É M,Middle,003016067029,5240042
5240,05,1,fenofibrate,Human,Female,8 hr,30,É M,High,003016067024,5240051
5240,05,2,fenofibrate,Human,Female,8 hr,30,É M,High,003016067025,5240052
5240,06,1,fenofibrate,Human,Female,24 hr,30,É M,High,003016067030,5240061
5240,06,2,fenofibrate,Human,Female,24 hr,30,É M,High,003016068001,5240062
5241,01,1,chlorpropamide,Human,Female,8 hr,0,É M,Control,003016068002,5241011
5241,01,2,chlorpropamide,Human,Female,8 hr,0,É M,Control,003016068003,5241012
5241,02,1,chlorpropamide,Human,Female,24 hr,0,É M,Control,003016068008,5241021
5241,02,2,chlorpropamide,Human,Female,24 hr,0,É M,Control,003016068009,5241022
5241,03,1,chlorpropamide,Human,Female,8 hr,150,É M,Middle,003016068004,5241031
5241,03,2,chlorpropamide,Human,Female,8 hr,150,É M,Middle,003016068005,5241032
5241,04,1,chlorpropamide,Human,Female,24 hr,150,É M,Middle,003016068010,5241041
5241,04,2,chlorpropamide,Human,Female,24 hr,150,É M,Middle,003016068011,5241042
5241,05,1,chlorpropamide,Human,Female,8 hr,750,É M,High,003016068006,5241051
5241,05,2,chlorpropamide,Human,Female,8 hr,750,É M,High,003016068007,5241052
5241,06,1,chlorpropamide,Human,Female,24 hr,750,É M,High,003016068012,5241061
5241,06,2,chlorpropamide,Human,Female,24 hr,750,É M,High,003016068013,5241062
5242,01,1,nicotinic acid,Human,Female,8 hr,0,É M,Control,003016068014,5242011
5242,01,2,nicotinic acid,Human,Female,8 hr,0,É M,Control,003016068015,5242012
5242,02,1,nicotinic acid,Human,Female,24 hr,0,É M,Control,003016068020,5242021
5242,02,2,nicotinic acid,Human,Female,24 hr,0,É M,Control,003016068021,5242022
5242,03,1,nicotinic acid,Human,Female,8 hr,2000,É M,Middle,003016068016,5242031
5242,03,2,nicotinic acid,Human,Female,8 hr,2000,É M,Middle,003016068017,5242032
5242,04,1,nicotinic acid,Human,Female,24 hr,2000,É M,Middle,003016068022,5242041
5242,04,2,nicotinic acid,Human,Female,24 hr,2000,É M,Middle,003016068023,5242042
5242,05,1,nicotinic acid,Human,Female,8 hr,10000,É M,High,003016068018,5242051
5242,05,2,nicotinic acid,Human,Female,8 hr,10000,É M,High,003016068019,5242052
5242,06,1,nicotinic acid,Human,Female,24 hr,10000,É M,High,003016068024,5242061
5242,06,2,nicotinic acid,Human,Female,24 hr,10000,É M,High,003016068025,5242062
5243,01,1,erythromycin ethylsuccinate,Human,Female,8 hr,0,É M,Control,003016068026,5243011
5243,01,2,erythromycin ethylsuccinate,Human,Female,8 hr,0,É M,Control,003016068027,5243012
5243,02,1,erythromycin ethylsuccinate,Human,Female,24 hr,0,É M,Control,003016069002,5243021
5243,02,2,erythromycin ethylsuccinate,Human,Female,24 hr,0,É M,Control,003016069003,5243022
5243,03,1,erythromycin ethylsuccinate,Human,Female,8 hr,1,É M,Middle,003016071020,5243031
5243,03,2,erythromycin ethylsuccinate,Human,Female,8 hr,1,É M,Middle,003016068029,5243032
5243,04,1,erythromycin ethylsuccinate,Human,Female,24 hr,1,É M,Middle,003016069004,5243041
5243,04,2,erythromycin ethylsuccinate,Human,Female,24 hr,1,É M,Middle,003016069005,5243042
5243,05,1,erythromycin ethylsuccinate,Human,Female,8 hr,5,É M,High,003016068030,5243051
5243,05,2,erythromycin ethylsuccinate,Human,Female,8 hr,5,É M,High,003016069001,5243052
5243,06,1,erythromycin ethylsuccinate,Human,Female,24 hr,5,É M,High,003016069006,5243061
5243,06,2,erythromycin ethylsuccinate,Human,Female,24 hr,5,É M,High,003016069007,5243062
5244,01,1,ethambutol,Human,Female,8 hr,0,É M,Control,003016069008,5244011
5244,01,2,ethambutol,Human,Female,8 hr,0,É M,Control,003016069009,5244012
5244,02,1,ethambutol,Human,Female,24 hr,0,É M,Control,003016069014,5244021
5244,02,2,ethambutol,Human,Female,24 hr,0,É M,Control,003016069015,5244022
5244,03,1,ethambutol,Human,Female,8 hr,800,É M,Middle,003016073009,5244031
5244,03,2,ethambutol,Human,Female,8 hr,800,É M,Middle,003016069011,5244032
5244,04,1,ethambutol,Human,Female,24 hr,800,É M,Middle,003016069016,5244041
5244,04,2,ethambutol,Human,Female,24 hr,800,É M,Middle,003016073010,5244042
5244,05,1,ethambutol,Human,Female,8 hr,4000,É M,High,003016069012,5244051
5244,05,2,ethambutol,Human,Female,8 hr,4000,É M,High,003016069013,5244052
5244,06,1,ethambutol,Human,Female,24 hr,4000,É M,High,003016069018,5244061
5244,06,2,ethambutol,Human,Female,24 hr,4000,É M,High,003016069019,5244062
5245,01,1,mefenamic acid,Human,Female,8 hr,0,É M,Control,003016069020,5245011
5245,01,2,mefenamic acid,Human,Female,8 hr,0,É M,Control,003016069021,5245012
5245,02,1,mefenamic acid,Human,Female,24 hr,0,É M,Control,003016069026,5245021
5245,02,2,mefenamic acid,Human,Female,24 hr,0,É M,Control,003016069027,5245022
5245,03,1,mefenamic acid,Human,Female,8 hr,30,É M,Middle,003016069022,5245031
5245,03,2,mefenamic acid,Human,Female,8 hr,30,É M,Middle,003016069023,5245032
5245,04,1,mefenamic acid,Human,Female,24 hr,30,É M,Middle,003016069028,5245041
5245,04,2,mefenamic acid,Human,Female,24 hr,30,É M,Middle,003016069029,5245042
5245,05,1,mefenamic acid,Human,Female,8 hr,150,É M,High,003016069024,5245051
5245,05,2,mefenamic acid,Human,Female,8 hr,150,É M,High,003016069025,5245052
5245,06,1,mefenamic acid,Human,Female,24 hr,150,É M,High,003016069030,5245061
5245,06,2,mefenamic acid,Human,Female,24 hr,150,É M,High,003016070001,5245062
5246,01,1,famotidine,Human,Female,8 hr,0,É M,Control,003016070002,5246011
5246,01,2,famotidine,Human,Female,8 hr,0,É M,Control,003016070003,5246012
5246,02,1,famotidine,Human,Female,24 hr,0,É M,Control,003016070008,5246021
5246,02,2,famotidine,Human,Female,24 hr,0,É M,Control,003016070009,5246022
5246,03,1,famotidine,Human,Female,8 hr,140,É M,Middle,003016070004,5246031
5246,03,2,famotidine,Human,Female,8 hr,140,É M,Middle,003016070005,5246032
5246,04,1,famotidine,Human,Female,24 hr,140,É M,Middle,003016070010,5246041
5246,04,2,famotidine,Human,Female,24 hr,140,É M,Middle,003016070011,5246042
5246,05,1,famotidine,Human,Female,8 hr,700,É M,High,003016070006,5246051
5246,05,2,famotidine,Human,Female,8 hr,700,É M,High,003016070007,5246052
5246,06,1,famotidine,Human,Female,24 hr,700,É M,High,003016070012,5246061
5246,06,2,famotidine,Human,Female,24 hr,700,É M,High,003016070013,5246062
5247,01,1,ranitidine,Human,Female,8 hr,0,É M,Control,003016070014,5247011
5247,01,2,ranitidine,Human,Female,8 hr,0,É M,Control,003016070015,5247012
5247,02,1,ranitidine,Human,Female,24 hr,0,É M,Control,003016070020,5247021
5247,02,2,ranitidine,Human,Female,24 hr,0,É M,Control,003016070021,5247022
5247,03,1,ranitidine,Human,Female,8 hr,800,É M,Middle,003016070016,5247031
5247,03,2,ranitidine,Human,Female,8 hr,800,É M,Middle,003016070017,5247032
5247,04,1,ranitidine,Human,Female,24 hr,800,É M,Middle,003016070022,5247041
5247,04,2,ranitidine,Human,Female,24 hr,800,É M,Middle,003016070023,5247042
5247,05,1,ranitidine,Human,Female,8 hr,4000,É M,High,003016070018,5247051
5247,05,2,ranitidine,Human,Female,8 hr,4000,É M,High,003016070019,5247052
5247,06,1,ranitidine,Human,Female,24 hr,4000,É M,High,003016070024,5247061
5247,06,2,ranitidine,Human,Female,24 hr,4000,É M,High,003016070025,5247062
5248,01,1,chlorpheniramine,Human,Female,8 hr,0,É M,Control,003016077013,5248011
5248,01,2,chlorpheniramine,Human,Female,8 hr,0,É M,Control,003016077014,5248012
5248,02,1,chlorpheniramine,Human,Female,24 hr,0,É M,Control,003016077019,5248021
5248,02,2,chlorpheniramine,Human,Female,24 hr,0,É M,Control,003016077020,5248022
5248,03,1,chlorpheniramine,Human,Female,8 hr,18,É M,Middle,003016077015,5248031
5248,03,2,chlorpheniramine,Human,Female,8 hr,18,É M,Middle,003016077016,5248032
5248,04,1,chlorpheniramine,Human,Female,24 hr,18,É M,Middle,003016077021,5248041
5248,04,2,chlorpheniramine,Human,Female,24 hr,18,É M,Middle,003016077022,5248042
5248,05,1,chlorpheniramine,Human,Female,8 hr,90,É M,High,003016077017,5248051
5248,05,2,chlorpheniramine,Human,Female,8 hr,90,É M,High,003016077018,5248052
5248,06,1,chlorpheniramine,Human,Female,24 hr,90,É M,High,003016077023,5248061
5248,06,2,chlorpheniramine,Human,Female,24 hr,90,É M,High,003016077024,5248062
5249,01,1,nifedipine,Human,Female,8 hr,0,É M,Control,003016076018,5249011
5249,01,2,nifedipine,Human,Female,8 hr,0,É M,Control,003016076019,5249012
5249,02,1,nifedipine,Human,Female,24 hr,0,É M,Control,003016076024,5249021
5249,02,2,nifedipine,Human,Female,24 hr,0,É M,Control,003016076025,5249022
5249,03,1,nifedipine,Human,Female,8 hr,30,É M,Middle,003016076020,5249031
5249,03,2,nifedipine,Human,Female,8 hr,30,É M,Middle,003016076021,5249032
5249,04,1,nifedipine,Human,Female,24 hr,30,É M,Middle,003016076026,5249041
5249,04,2,nifedipine,Human,Female,24 hr,30,É M,Middle,003016076027,5249042
5249,05,1,nifedipine,Human,Female,8 hr,150,É M,High,003016076022,5249051
5249,05,2,nifedipine,Human,Female,8 hr,150,É M,High,003016076023,5249052
5249,06,1,nifedipine,Human,Female,24 hr,150,É M,High,003016076028,5249061
5249,06,2,nifedipine,Human,Female,24 hr,150,É M,High,003016076029,5249062
5250,01,1,diltiazem,Human,Female,8 hr,0,É M,Control,003016077001,5250011
5250,01,2,diltiazem,Human,Female,8 hr,0,É M,Control,003016077002,5250012
5250,02,1,diltiazem,Human,Female,24 hr,0,É M,Control,003016077007,5250021
5250,02,2,diltiazem,Human,Female,24 hr,0,É M,Control,003016077008,5250022
5250,03,1,diltiazem,Human,Female,8 hr,30,É M,Middle,003016077003,5250031
5250,03,2,diltiazem,Human,Female,8 hr,30,É M,Middle,003016077004,5250032
5250,04,1,diltiazem,Human,Female,24 hr,30,É M,Middle,003016077009,5250041
5250,04,2,diltiazem,Human,Female,24 hr,30,É M,Middle,003016077010,5250042
5250,05,1,diltiazem,Human,Female,8 hr,150,É M,High,003016077005,5250051
5250,05,2,diltiazem,Human,Female,8 hr,150,É M,High,003016077006,5250052
5250,06,1,diltiazem,Human,Female,24 hr,150,É M,High,003016077011,5250061
5250,06,2,diltiazem,Human,Female,24 hr,150,É M,High,003016077012,5250062
5251,01,1,tannic acid,Human,Female,8 hr,0,É M,Control,003016070026,5251011
5251,01,2,tannic acid,Human,Female,8 hr,0,É M,Control,003016070027,5251012
5251,02,1,tannic acid,Human,Female,24 hr,0,É M,Control,003016071002,5251021
5251,02,2,tannic acid,Human,Female,24 hr,0,É M,Control,003016071003,5251022
5251,03,1,tannic acid,Human,Female,8 hr,1,É M,Middle,003016070028,5251031
5251,03,2,tannic acid,Human,Female,8 hr,1,É M,Middle,003016070029,5251032
5251,04,1,tannic acid,Human,Female,24 hr,1,É M,Middle,003016071004,5251041
5251,04,2,tannic acid,Human,Female,24 hr,1,É M,Middle,003016071005,5251042
5251,05,1,tannic acid,Human,Female,8 hr,5,É M,High,003016070030,5251051
5251,05,2,tannic acid,Human,Female,8 hr,5,É M,High,003016071001,5251052
5251,06,1,tannic acid,Human,Female,24 hr,5,É M,High,003016071006,5251061
5251,06,2,tannic acid,Human,Female,24 hr,5,É M,High,003016071007,5251062
5252,01,1,captopril,Human,Female,8 hr,0,É M,Control,003016071008,5252011
5252,01,2,captopril,Human,Female,8 hr,0,É M,Control,003016071009,5252012
5252,02,1,captopril,Human,Female,24 hr,0,É M,Control,003016071014,5252021
5252,02,2,captopril,Human,Female,24 hr,0,É M,Control,003016071015,5252022
5252,03,1,captopril,Human,Female,8 hr,1600,É M,Middle,003016071010,5252031
5252,03,2,captopril,Human,Female,8 hr,1600,É M,Middle,003016071011,5252032
5252,04,1,captopril,Human,Female,24 hr,1600,É M,Middle,003016071016,5252041
5252,04,2,captopril,Human,Female,24 hr,1600,É M,Middle,003016071017,5252042
5252,05,1,captopril,Human,Female,8 hr,8000,É M,High,003016071012,5252051
5252,05,2,captopril,Human,Female,8 hr,8000,É M,High,003016071013,5252052
5252,06,1,captopril,Human,Female,24 hr,8000,É M,High,003016071018,5252061
5252,06,2,captopril,Human,Female,24 hr,8000,É M,High,003016071019,5252062
5253,01,1,enalapril,Human,Female,8 hr,0,É M,Control,003016072015,5253011
5253,01,2,enalapril,Human,Female,8 hr,0,É M,Control,003016072016,5253012
5253,02,1,enalapril,Human,Female,24 hr,0,É M,Control,003016072021,5253021
5253,02,2,enalapril,Human,Female,24 hr,0,É M,Control,003016072022,5253022
5253,03,1,enalapril,Human,Female,8 hr,400,É M,Middle,003016072017,5253031
5253,03,2,enalapril,Human,Female,8 hr,400,É M,Middle,003016072018,5253032
5253,04,1,enalapril,Human,Female,24 hr,400,É M,Middle,003016072023,5253041
5253,04,2,enalapril,Human,Female,24 hr,400,É M,Middle,003016072024,5253042
5253,05,1,enalapril,Human,Female,8 hr,2000,É M,High,003016072019,5253051
5253,05,2,enalapril,Human,Female,8 hr,2000,É M,High,003016072020,5253052
5253,06,1,enalapril,Human,Female,24 hr,2000,É M,High,003016072025,5253061
5253,06,2,enalapril,Human,Female,24 hr,2000,É M,High,003016072026,5253062
5254,01,1,theophylline,Human,Female,8 hr,0,É M,Control,003016072027,5254011
5254,01,2,theophylline,Human,Female,8 hr,0,É M,Control,003016072028,5254012
5254,02,1,theophylline,Human,Female,24 hr,0,É M,Control,003016073003,5254021
5254,02,2,theophylline,Human,Female,24 hr,0,É M,Control,003016073004,5254022
5254,03,1,theophylline,Human,Female,8 hr,2000,É M,Middle,003016072029,5254031
5254,03,2,theophylline,Human,Female,8 hr,2000,É M,Middle,003016072030,5254032
5254,04,1,theophylline,Human,Female,24 hr,2000,É M,Middle,003016073005,5254041
5254,04,2,theophylline,Human,Female,24 hr,2000,É M,Middle,003016073006,5254042
5254,05,1,theophylline,Human,Female,8 hr,10000,É M,High,003016073001,5254051
5254,05,2,theophylline,Human,Female,8 hr,10000,É M,High,003016073002,5254052
5254,06,1,theophylline,Human,Female,24 hr,10000,É M,High,003016073007,5254061
5254,06,2,theophylline,Human,Female,24 hr,10000,É M,High,003016073008,5254062
5255,01,1,caffeine,Human,Female,8 hr,0,É M,Control,003016071021,5255011
5255,01,2,caffeine,Human,Female,8 hr,0,É M,Control,003016071022,5255012
5255,02,1,caffeine,Human,Female,24 hr,0,É M,Control,003016071027,5255021
5255,02,2,caffeine,Human,Female,24 hr,0,É M,Control,003016071028,5255022
5255,03,1,caffeine,Human,Female,8 hr,1500,É M,Middle,003016074005,5255031
5255,03,2,caffeine,Human,Female,8 hr,1500,É M,Middle,003016071024,5255032
5255,04,1,caffeine,Human,Female,24 hr,1500,É M,Middle,003016071029,5255041
5255,04,2,caffeine,Human,Female,24 hr,1500,É M,Middle,003016071030,5255042
5255,05,1,caffeine,Human,Female,8 hr,7500,É M,High,003016071025,5255051
5255,05,2,caffeine,Human,Female,8 hr,7500,É M,High,003016071026,5255052
5255,06,1,caffeine,Human,Female,24 hr,7500,É M,High,003016072001,5255061
5255,06,2,caffeine,Human,Female,24 hr,7500,É M,High,003016072002,5255062
5256,01,1,papaverine,Human,Female,8 hr,0,É M,Control,003016072003,5256011
5256,01,2,papaverine,Human,Female,8 hr,0,É M,Control,003016072004,5256012
5256,02,1,papaverine,Human,Female,24 hr,0,É M,Control,003016072009,5256021
5256,02,2,papaverine,Human,Female,24 hr,0,É M,Control,003016072010,5256022
5256,03,1,papaverine,Human,Female,8 hr,12,É M,Middle,003016072005,5256031
5256,03,2,papaverine,Human,Female,8 hr,12,É M,Middle,003016072006,5256032
5256,04,1,papaverine,Human,Female,24 hr,12,É M,Middle,003016072011,5256041
5256,04,2,papaverine,Human,Female,24 hr,12,É M,Middle,003016072012,5256042
5256,05,1,papaverine,Human,Female,8 hr,60,É M,High,003016072007,5256051
5256,05,2,papaverine,Human,Female,8 hr,60,É M,High,003016072008,5256052
5256,06,1,papaverine,Human,Female,24 hr,60,É M,High,003016072013,5256061
5256,06,2,papaverine,Human,Female,24 hr,60,É M,High,003016072014,5256062
5257,01,1,penicillamine,Human,Female,8 hr,0,É M,Control,003016073023,5257011
5257,01,2,penicillamine,Human,Female,8 hr,0,É M,Control,003016073024,5257012
5257,02,1,penicillamine,Human,Female,24 hr,0,É M,Control,003016073029,5257021
5257,02,2,penicillamine,Human,Female,24 hr,0,É M,Control,003016073030,5257022
5257,03,1,penicillamine,Human,Female,8 hr,2000,É M,Middle,003016073025,5257031
5257,03,2,penicillamine,Human,Female,8 hr,2000,É M,Middle,003016073026,5257032
5257,04,1,penicillamine,Human,Female,24 hr,2000,É M,Middle,003016074001,5257041
5257,04,2,penicillamine,Human,Female,24 hr,2000,É M,Middle,003016074002,5257042
5257,05,1,penicillamine,Human,Female,8 hr,10000,É M,High,003016073027,5257051
5257,05,2,penicillamine,Human,Female,8 hr,10000,É M,High,003016073028,5257052
5257,06,1,penicillamine,Human,Female,24 hr,10000,É M,High,003016074003,5257061
5257,06,2,penicillamine,Human,Female,24 hr,10000,É M,High,003016074004,5257062
5258,01,1,sulindac,Human,Female,8 hr,0,É M,Control,003016073011,5258011
5258,01,2,sulindac,Human,Female,8 hr,0,É M,Control,003016073012,5258012
5258,02,1,sulindac,Human,Female,24 hr,0,É M,Control,003016073017,5258021
5258,02,2,sulindac,Human,Female,24 hr,0,É M,Control,003016073018,5258022
5258,03,1,sulindac,Human,Female,8 hr,600,É M,Middle,003016073013,5258031
5258,03,2,sulindac,Human,Female,8 hr,600,É M,Middle,003016073014,5258032
5258,04,1,sulindac,Human,Female,24 hr,600,É M,Middle,003016073019,5258041
5258,04,2,sulindac,Human,Female,24 hr,600,É M,Middle,003016073020,5258042
5258,05,1,sulindac,Human,Female,8 hr,3000,É M,High,003016073015,5258051
5258,05,2,sulindac,Human,Female,8 hr,3000,É M,High,003016073016,5258052
5258,06,1,sulindac,Human,Female,24 hr,3000,É M,High,003016073021,5258061
5258,06,2,sulindac,Human,Female,24 hr,3000,É M,High,003016073022,5258062
5259,01,1,disopyramide,Human,Female,8 hr,0,É M,Control,003016074006,5259011
5259,01,2,disopyramide,Human,Female,8 hr,0,É M,Control,003016074007,5259012
5259,02,1,disopyramide,Human,Female,24 hr,0,É M,Control,003016074012,5259021
5259,02,2,disopyramide,Human,Female,24 hr,0,É M,Control,003016074013,5259022
5259,03,1,disopyramide,Human,Female,8 hr,700,É M,Middle,003016074008,5259031
5259,03,2,disopyramide,Human,Female,8 hr,700,É M,Middle,003016074009,5259032
5259,04,1,disopyramide,Human,Female,24 hr,700,É M,Middle,003016074014,5259041
5259,04,2,disopyramide,Human,Female,24 hr,700,É M,Middle,003016074015,5259042
5259,05,1,disopyramide,Human,Female,8 hr,3500,É M,High,003016074010,5259051
5259,05,2,disopyramide,Human,Female,8 hr,3500,É M,High,003016074011,5259052
5259,06,1,disopyramide,Human,Female,24 hr,3500,É M,High,003016074016,5259061
5259,06,2,disopyramide,Human,Female,24 hr,3500,É M,High,003016074017,5259062
5260,01,1,mexiletine,Human,Female,8 hr,0,É M,Control,003016074018,5260011
5260,01,2,mexiletine,Human,Female,8 hr,0,É M,Control,003016074019,5260012
5260,02,1,mexiletine,Human,Female,24 hr,0,É M,Control,003016074024,5260021
5260,02,2,mexiletine,Human,Female,24 hr,0,É M,Control,003016074025,5260022
5260,03,1,mexiletine,Human,Female,8 hr,60,É M,Middle,003016074020,5260031
5260,03,2,mexiletine,Human,Female,8 hr,60,É M,Middle,003016074021,5260032
5260,04,1,mexiletine,Human,Female,24 hr,60,É M,Middle,003016074026,5260041
5260,04,2,mexiletine,Human,Female,24 hr,60,É M,Middle,003016074027,5260042
5260,05,1,mexiletine,Human,Female,8 hr,300,É M,High,003016074022,5260051
5260,05,2,mexiletine,Human,Female,8 hr,300,É M,High,003016074023,5260052
5260,06,1,mexiletine,Human,Female,24 hr,300,É M,High,003016074028,5260061
5260,06,2,mexiletine,Human,Female,24 hr,300,É M,High,003016074029,5260062
5261,01,1,acetazolamide,Human,Female,8 hr,0,É M,Control,003016074030,5261011
5261,01,2,acetazolamide,Human,Female,8 hr,0,É M,Control,003016075001,5261012
5261,02,1,acetazolamide,Human,Female,24 hr,0,É M,Control,003016075006,5261021
5261,02,2,acetazolamide,Human,Female,24 hr,0,É M,Control,003016075007,5261022
5261,03,1,acetazolamide,Human,Female,8 hr,120,É M,Middle,003016075002,5261031
5261,03,2,acetazolamide,Human,Female,8 hr,120,É M,Middle,003016075003,5261032
5261,04,1,acetazolamide,Human,Female,24 hr,120,É M,Middle,003016075008,5261041
5261,04,2,acetazolamide,Human,Female,24 hr,120,É M,Middle,003016075009,5261042
5261,05,1,acetazolamide,Human,Female,8 hr,600,É M,High,003016075004,5261051
5261,05,2,acetazolamide,Human,Female,8 hr,600,É M,High,003016075005,5261052
5261,06,1,acetazolamide,Human,Female,24 hr,600,É M,High,003016075010,5261061
5261,06,2,acetazolamide,Human,Female,24 hr,600,É M,High,003016075011,5261062
5262,01,1,disulfiram,Human,Female,8 hr,0,É M,Control,003016075012,5262011
5262,01,2,disulfiram,Human,Female,8 hr,0,É M,Control,003016075013,5262012
5262,02,1,disulfiram,Human,Female,24 hr,0,É M,Control,003016075018,5262021
5262,02,2,disulfiram,Human,Female,24 hr,0,É M,Control,003016075019,5262022
5262,03,1,disulfiram,Human,Female,8 hr,12,É M,Middle,003016075014,5262031
5262,03,2,disulfiram,Human,Female,8 hr,12,É M,Middle,003016075015,5262032
5262,04,1,disulfiram,Human,Female,24 hr,12,É M,Middle,003016075020,5262041
5262,04,2,disulfiram,Human,Female,24 hr,12,É M,Middle,003016075021,5262042
5262,05,1,disulfiram,Human,Female,8 hr,60,É M,High,003016075016,5262051
5262,05,2,disulfiram,Human,Female,8 hr,60,É M,High,003016075017,5262052
5262,06,1,disulfiram,Human,Female,24 hr,60,É M,High,003016075022,5262061
5262,06,2,disulfiram,Human,Female,24 hr,60,É M,High,003016075023,5262062
5263,01,1,colchicine,Human,Female,8 hr,0,É M,Control,003016075024,5263011
5263,01,2,colchicine,Human,Female,8 hr,0,É M,Control,003016075025,5263012
5263,02,1,colchicine,Human,Female,24 hr,0,É M,Control,003016075030,5263021
5263,02,2,colchicine,Human,Female,24 hr,0,É M,Control,003016076030,5263022
5263,03,1,colchicine,Human,Female,8 hr,800,É M,Middle,003016075026,5263031
5263,03,2,colchicine,Human,Female,8 hr,800,É M,Middle,003016075027,5263032
5263,04,1,colchicine,Human,Female,24 hr,800,É M,Middle,003016076002,5263041
5263,04,2,colchicine,Human,Female,24 hr,800,É M,Middle,003016076003,5263042
5263,05,1,colchicine,Human,Female,8 hr,4000,É M,High,003016075028,5263051
5263,05,2,colchicine,Human,Female,8 hr,4000,É M,High,003016075029,5263052
5263,06,1,colchicine,Human,Female,24 hr,4000,É M,High,003016076004,5263061
5263,06,2,colchicine,Human,Female,24 hr,4000,É M,High,003016076005,5263062
5264,01,1,tolbutamide,Human,Female,8 hr,0,É M,Control,003016077025,5264011
5264,01,2,tolbutamide,Human,Female,8 hr,0,É M,Control,003016078019,5264012
5264,02,1,tolbutamide,Human,Female,24 hr,0,É M,Control,003016078001,5264021
5264,02,2,tolbutamide,Human,Female,24 hr,0,É M,Control,003016078002,5264022
5264,03,1,tolbutamide,Human,Female,8 hr,400,É M,Middle,003016077027,5264031
5264,03,2,tolbutamide,Human,Female,8 hr,400,É M,Middle,003016078020,5264032
5264,04,1,tolbutamide,Human,Female,24 hr,400,É M,Middle,003016078003,5264041
5264,04,2,tolbutamide,Human,Female,24 hr,400,É M,Middle,003016078004,5264042
5264,05,1,tolbutamide,Human,Female,8 hr,2000,É M,High,003016078021,5264051
5264,05,2,tolbutamide,Human,Female,8 hr,2000,É M,High,003016077030,5264052
5264,06,1,tolbutamide,Human,Female,24 hr,2000,É M,High,003016078005,5264061
5264,06,2,tolbutamide,Human,Female,24 hr,2000,É M,High,003016078006,5264062
5265,01,1,acarbose,Human,Female,8 hr,0,É M,Control,003016079016,5265011
5265,01,2,acarbose,Human,Female,8 hr,0,É M,Control,003016078008,5265012
5265,02,1,acarbose,Human,Female,24 hr,0,É M,Control,003016078013,5265021
5265,02,2,acarbose,Human,Female,24 hr,0,É M,Control,003016078014,5265022
5265,03,1,acarbose,Human,Female,8 hr,2000,É M,Middle,003016078009,5265031
5265,03,2,acarbose,Human,Female,8 hr,2000,É M,Middle,003016078010,5265032
5265,04,1,acarbose,Human,Female,24 hr,2000,É M,Middle,003016079018,5265041
5265,04,2,acarbose,Human,Female,24 hr,2000,É M,Middle,003016078016,5265042
5265,05,1,acarbose,Human,Female,8 hr,10000,É M,High,003016078011,5265051
5265,05,2,acarbose,Human,Female,8 hr,10000,É M,High,003016079017,5265052
5265,06,1,acarbose,Human,Female,24 hr,10000,É M,High,003016078017,5265061
5265,06,2,acarbose,Human,Female,24 hr,10000,É M,High,003016078018,5265062
5266,01,1,simvastatin,Human,Female,8 hr,0,É M,Control,003016079019,5266011
5266,01,2,simvastatin,Human,Female,8 hr,0,É M,Control,003016078023,5266012
5266,02,1,simvastatin,Human,Female,24 hr,0,É M,Control,003016079020,5266021
5266,02,2,simvastatin,Human,Female,24 hr,0,É M,Control,003016078029,5266022
5266,03,1,simvastatin,Human,Female,8 hr,6,É M,Middle,003016078024,5266031
5266,03,2,simvastatin,Human,Female,8 hr,6,É M,Middle,003016078025,5266032
5266,04,1,simvastatin,Human,Female,24 hr,6,É M,Middle,003016078030,5266041
5266,04,2,simvastatin,Human,Female,24 hr,6,É M,Middle,003016079001,5266042
5266,05,1,simvastatin,Human,Female,8 hr,30,É M,High,003016078026,5266051
5266,05,2,simvastatin,Human,Female,8 hr,30,É M,High,003016078027,5266052
5266,06,1,simvastatin,Human,Female,24 hr,30,É M,High,003016079002,5266061
5266,06,2,simvastatin,Human,Female,24 hr,30,É M,High,003016079003,5266062
5267,01,1,meloxicam,Human,Female,8 hr,0,É M,Control,003016079004,5267011
5267,01,2,meloxicam,Human,Female,8 hr,0,É M,Control,003016079005,5267012
5267,02,1,meloxicam,Human,Female,24 hr,0,É M,Control,003016079010,5267021
5267,02,2,meloxicam,Human,Female,24 hr,0,É M,Control,003016079011,5267022
5267,03,1,meloxicam,Human,Female,8 hr,10,É M,Middle,003016079006,5267031
5267,03,2,meloxicam,Human,Female,8 hr,10,É M,Middle,003016079007,5267032
5267,04,1,meloxicam,Human,Female,24 hr,10,É M,Middle,003016079012,5267041
5267,04,2,meloxicam,Human,Female,24 hr,10,É M,Middle,003016079013,5267042
5267,05,1,meloxicam,Human,Female,8 hr,50,É M,High,003016079008,5267051
5267,05,2,meloxicam,Human,Female,8 hr,50,É M,High,003016079009,5267052
5267,06,1,meloxicam,Human,Female,24 hr,50,É M,High,003016079014,5267061
5267,06,2,meloxicam,Human,Female,24 hr,50,É M,High,003016079015,5267062
5268,01,1,chlormadinone,Human,Female,8 hr,0,É M,Control,003016079021,5268011
5268,01,2,chlormadinone,Human,Female,8 hr,0,É M,Control,003016079022,5268012
5268,02,1,chlormadinone,Human,Female,24 hr,0,É M,Control,003016079027,5268021
5268,02,2,chlormadinone,Human,Female,24 hr,0,É M,Control,003016079028,5268022
5268,03,1,chlormadinone,Human,Female,8 hr,8,É M,Middle,003016079023,5268031
5268,03,2,chlormadinone,Human,Female,8 hr,8,É M,Middle,003016079024,5268032
5268,04,1,chlormadinone,Human,Female,24 hr,8,É M,Middle,003016079029,5268041
5268,04,2,chlormadinone,Human,Female,24 hr,8,É M,Middle,003016079030,5268042
5268,05,1,chlormadinone,Human,Female,8 hr,40,É M,High,003016084014,5268051
5268,05,2,chlormadinone,Human,Female,8 hr,40,É M,High,003016079026,5268052
5268,06,1,chlormadinone,Human,Female,24 hr,40,É M,High,003016080001,5268061
5268,06,2,chlormadinone,Human,Female,24 hr,40,É M,High,003016080002,5268062
5269,01,1,benziodarone,Human,Female,8 hr,0,É M,Control,003016080003,5269011
5269,01,2,benziodarone,Human,Female,8 hr,0,É M,Control,003016080004,5269012
5269,02,1,benziodarone,Human,Female,24 hr,0,É M,Control,003016080009,5269021
5269,02,2,benziodarone,Human,Female,24 hr,0,É M,Control,003016080010,5269022
5269,03,1,benziodarone,Human,Female,8 hr,8,É M,Middle,003016080005,5269031
5269,03,2,benziodarone,Human,Female,8 hr,8,É M,Middle,003016080006,5269032
5269,04,1,benziodarone,Human,Female,24 hr,8,É M,Middle,003016080011,5269041
5269,04,2,benziodarone,Human,Female,24 hr,8,É M,Middle,003016080012,5269042
5269,05,1,benziodarone,Human,Female,8 hr,40,É M,High,003016080007,5269051
5269,05,2,benziodarone,Human,Female,8 hr,40,É M,High,003016080008,5269052
5269,06,1,benziodarone,Human,Female,24 hr,40,É M,High,003016080013,5269061
5269,06,2,benziodarone,Human,Female,24 hr,40,É M,High,003016080014,5269062
5270,01,1,ethionamide,Human,Female,8 hr,0,É M,Control,003016080015,5270011
5270,01,2,ethionamide,Human,Female,8 hr,0,É M,Control,003016080016,5270012
5270,02,1,ethionamide,Human,Female,24 hr,0,É M,Control,003016080021,5270021
5270,02,2,ethionamide,Human,Female,24 hr,0,É M,Control,003016080022,5270022
5270,03,1,ethionamide,Human,Female,8 hr,120,É M,Middle,003016080017,5270031
5270,03,2,ethionamide,Human,Female,8 hr,120,É M,Middle,003016080018,5270032
5270,04,1,ethionamide,Human,Female,24 hr,120,É M,Middle,003016080023,5270041
5270,04,2,ethionamide,Human,Female,24 hr,120,É M,Middle,003016080024,5270042
5270,05,1,ethionamide,Human,Female,8 hr,600,É M,High,003016080019,5270051
5270,05,2,ethionamide,Human,Female,8 hr,600,É M,High,003016080020,5270052
5270,06,1,ethionamide,Human,Female,24 hr,600,É M,High,003016080025,5270061
5270,06,2,ethionamide,Human,Female,24 hr,600,É M,High,003016080026,5270062
5271,01,1,nimesulide,Human,Female,8 hr,0,É M,Control,003016080027,5271011
5271,01,2,nimesulide,Human,Female,8 hr,0,É M,Control,003016080028,5271012
5271,02,1,nimesulide,Human,Female,24 hr,0,É M,Control,003016081003,5271021
5271,02,2,nimesulide,Human,Female,24 hr,0,É M,Control,003016081004,5271022
5271,03,1,nimesulide,Human,Female,8 hr,66,É M,Middle,003016080029,5271031
5271,03,2,nimesulide,Human,Female,8 hr,66,É M,Middle,003016080030,5271032
5271,04,1,nimesulide,Human,Female,24 hr,66,É M,Middle,003016081005,5271041
5271,04,2,nimesulide,Human,Female,24 hr,66,É M,Middle,003016081006,5271042
5271,05,1,nimesulide,Human,Female,8 hr,330,É M,High,003016081001,5271051
5271,05,2,nimesulide,Human,Female,8 hr,330,É M,High,003016081002,5271052
5271,06,1,nimesulide,Human,Female,24 hr,330,É M,High,003016081007,5271061
5271,06,2,nimesulide,Human,Female,24 hr,330,É M,High,003016081008,5271062
5272,01,1,ethanol,Human,Female,8 hr,0,É M,Control,003016081009,5272011
5272,01,2,ethanol,Human,Female,8 hr,0,É M,Control,003016081010,5272012
5272,02,1,ethanol,Human,Female,24 hr,0,É M,Control,003016081015,5272021
5272,02,2,ethanol,Human,Female,24 hr,0,É M,Control,003016081016,5272022
5272,03,1,ethanol,Human,Female,8 hr,2000,É M,Middle,003016081011,5272031
5272,03,2,ethanol,Human,Female,8 hr,2000,É M,Middle,003016081012,5272032
5272,04,1,ethanol,Human,Female,24 hr,2000,É M,Middle,003016081017,5272041
5272,04,2,ethanol,Human,Female,24 hr,2000,É M,Middle,003016081018,5272042
5272,05,1,ethanol,Human,Female,8 hr,10000,É M,High,003016081013,5272051
5272,05,2,ethanol,Human,Female,8 hr,10000,É M,High,003016081014,5272052
5272,06,1,ethanol,Human,Female,24 hr,10000,É M,High,003016081019,5272061
5272,06,2,ethanol,Human,Female,24 hr,10000,É M,High,003016081020,5272062
5273,01,1,phenacetin,Human,Female,8 hr,0,É M,Control,003016088018,5273011
5273,01,2,phenacetin,Human,Female,8 hr,0,É M,Control,003016088019,5273012
5273,02,1,phenacetin,Human,Female,24 hr,0,É M,Control,003016088024,5273021
5273,02,2,phenacetin,Human,Female,24 hr,0,É M,Control,003016088025,5273022
5273,03,1,phenacetin,Human,Female,8 hr,120,É M,Middle,003016088020,5273031
5273,03,2,phenacetin,Human,Female,8 hr,120,É M,Middle,003016088021,5273032
5273,04,1,phenacetin,Human,Female,24 hr,120,É M,Middle,003016088026,5273041
5273,04,2,phenacetin,Human,Female,24 hr,120,É M,Middle,003016088027,5273042
5273,05,1,phenacetin,Human,Female,8 hr,600,É M,High,003016088022,5273051
5273,05,2,phenacetin,Human,Female,8 hr,600,É M,High,003016088023,5273052
5273,06,1,phenacetin,Human,Female,24 hr,600,É M,High,003016088028,5273061
5273,06,2,phenacetin,Human,Female,24 hr,600,É M,High,003016088029,5273062
5274,01,1,bucetin,Human,Female,8 hr,0,É M,Control,003016082014,5274011
5274,01,2,bucetin,Human,Female,8 hr,0,É M,Control,003016082015,5274012
5274,02,1,bucetin,Human,Female,24 hr,0,É M,Control,003016082020,5274021
5274,02,2,bucetin,Human,Female,24 hr,0,É M,Control,003016082021,5274022
5274,03,1,bucetin,Human,Female,8 hr,60,É M,Middle,003016082016,5274031
5274,03,2,bucetin,Human,Female,8 hr,60,É M,Middle,003016082017,5274032
5274,04,1,bucetin,Human,Female,24 hr,60,É M,Middle,003016082022,5274041
5274,04,2,bucetin,Human,Female,24 hr,60,É M,Middle,003016082023,5274042
5274,05,1,bucetin,Human,Female,8 hr,300,É M,High,003016082018,5274051
5274,05,2,bucetin,Human,Female,8 hr,300,É M,High,003016082019,5274052
5274,06,1,bucetin,Human,Female,24 hr,300,É M,High,003016082024,5274061
5274,06,2,bucetin,Human,Female,24 hr,300,É M,High,003016082025,5274062
5275,01,1,acetamidofluorene,Human,Female,8 hr,0,É M,Control,003016082026,5275011
5275,01,2,acetamidofluorene,Human,Female,8 hr,0,É M,Control,003016082027,5275012
5275,02,1,acetamidofluorene,Human,Female,24 hr,0,É M,Control,003016083002,5275021
5275,02,2,acetamidofluorene,Human,Female,24 hr,0,É M,Control,003016083003,5275022
5275,03,1,acetamidofluorene,Human,Female,8 hr,10,É M,Middle,003016082028,5275031
5275,03,2,acetamidofluorene,Human,Female,8 hr,10,É M,Middle,003016082029,5275032
5275,04,1,acetamidofluorene,Human,Female,24 hr,10,É M,Middle,003016083004,5275041
5275,04,2,acetamidofluorene,Human,Female,24 hr,10,É M,Middle,003016083005,5275042
5275,05,1,acetamidofluorene,Human,Female,8 hr,50,É M,High,003016082030,5275051
5275,05,2,acetamidofluorene,Human,Female,8 hr,50,É M,High,003016083001,5275052
5275,06,1,acetamidofluorene,Human,Female,24 hr,50,É M,High,003016083006,5275061
5275,06,2,acetamidofluorene,Human,Female,24 hr,50,É M,High,003016083007,5275062
5276,01,1,nitrosodiethylamine,Human,Female,8 hr,0,É M,Control,003016088030,5276011
5276,01,2,nitrosodiethylamine,Human,Female,8 hr,0,É M,Control,003016089001,5276012
5276,02,1,nitrosodiethylamine,Human,Female,24 hr,0,É M,Control,003016089006,5276021
5276,02,2,nitrosodiethylamine,Human,Female,24 hr,0,É M,Control,003016089007,5276022
5276,03,1,nitrosodiethylamine,Human,Female,8 hr,2000,É M,Middle,003016089002,5276031
5276,03,2,nitrosodiethylamine,Human,Female,8 hr,2000,É M,Middle,003016089003,5276032
5276,04,1,nitrosodiethylamine,Human,Female,24 hr,2000,É M,Middle,003016089008,5276041
5276,04,2,nitrosodiethylamine,Human,Female,24 hr,2000,É M,Middle,003016089009,5276042
5276,05,1,nitrosodiethylamine,Human,Female,8 hr,10000,É M,High,003016089004,5276051
5276,05,2,nitrosodiethylamine,Human,Female,8 hr,10000,É M,High,003016089005,5276052
5276,06,1,nitrosodiethylamine,Human,Female,24 hr,10000,É M,High,003016089010,5276061
5276,06,2,nitrosodiethylamine,Human,Female,24 hr,10000,É M,High,003016089011,5276062
5277,01,1,ticlopidine,Human,Female,8 hr,0,É M,Control,003016083008,5277011
5277,01,2,ticlopidine,Human,Female,8 hr,0,É M,Control,003016083009,5277012
5277,02,1,ticlopidine,Human,Female,24 hr,0,É M,Control,003016083014,5277021
5277,02,2,ticlopidine,Human,Female,24 hr,0,É M,Control,003016083015,5277022
5277,03,1,ticlopidine,Human,Female,8 hr,4,É M,Middle,003016083010,5277031
5277,03,2,ticlopidine,Human,Female,8 hr,4,É M,Middle,003016083011,5277032
5277,04,1,ticlopidine,Human,Female,24 hr,4,É M,Middle,003016083016,5277041
5277,04,2,ticlopidine,Human,Female,24 hr,4,É M,Middle,003016083017,5277042
5277,05,1,ticlopidine,Human,Female,8 hr,20,É M,High,003016083012,5277051
5277,05,2,ticlopidine,Human,Female,8 hr,20,É M,High,003016083013,5277052
5277,06,1,ticlopidine,Human,Female,24 hr,20,É M,High,003016083018,5277061
5277,06,2,ticlopidine,Human,Female,24 hr,20,É M,High,003016083019,5277062
5278,01,1,tiopronin,Human,Female,8 hr,0,É M,Control,003016083020,5278011
5278,01,2,tiopronin,Human,Female,8 hr,0,É M,Control,003016083021,5278012
5278,02,1,tiopronin,Human,Female,24 hr,0,É M,Control,003016083026,5278021
5278,02,2,tiopronin,Human,Female,24 hr,0,É M,Control,003016083027,5278022
5278,03,1,tiopronin,Human,Female,8 hr,400,É M,Middle,003016083022,5278031
5278,03,2,tiopronin,Human,Female,8 hr,400,É M,Middle,003016083023,5278032
5278,04,1,tiopronin,Human,Female,24 hr,400,É M,Middle,003016083028,5278041
5278,04,2,tiopronin,Human,Female,24 hr,400,É M,Middle,003016083029,5278042
5278,05,1,tiopronin,Human,Female,8 hr,2000,É M,High,003016083024,5278051
5278,05,2,tiopronin,Human,Female,8 hr,2000,É M,High,003016083025,5278052
5278,06,1,tiopronin,Human,Female,24 hr,2000,É M,High,003016083030,5278061
5278,06,2,tiopronin,Human,Female,24 hr,2000,É M,High,003016084001,5278062
5279,01,1,promethazine,Human,Female,8 hr,0,É M,Control,003016084002,5279011
5279,01,2,promethazine,Human,Female,8 hr,0,É M,Control,003016084003,5279012
5279,02,1,promethazine,Human,Female,24 hr,0,É M,Control,003016084008,5279021
5279,02,2,promethazine,Human,Female,24 hr,0,É M,Control,003016084009,5279022
5279,03,1,promethazine,Human,Female,8 hr,7,É M,Middle,003016084004,5279031
5279,03,2,promethazine,Human,Female,8 hr,7,É M,Middle,003016084005,5279032
5279,04,1,promethazine,Human,Female,24 hr,7,É M,Middle,003016084010,5279041
5279,04,2,promethazine,Human,Female,24 hr,7,É M,Middle,003016087024,5279042
5279,05,1,promethazine,Human,Female,8 hr,35,É M,High,003016084006,5279051
5279,05,2,promethazine,Human,Female,8 hr,35,É M,High,003016084007,5279052
5279,06,1,promethazine,Human,Female,24 hr,35,É M,High,003016084012,5279061
5279,06,2,promethazine,Human,Female,24 hr,35,É M,High,003016084013,5279062
5280,01,1,sulpiride,Human,Female,8 hr,0,É M,Control,003016084015,5280011
5280,01,2,sulpiride,Human,Female,8 hr,0,É M,Control,003016084016,5280012
5280,02,1,sulpiride,Human,Female,24 hr,0,É M,Control,003016084021,5280021
5280,02,2,sulpiride,Human,Female,24 hr,0,É M,Control,003016084022,5280022
5280,03,1,sulpiride,Human,Female,8 hr,1000,É M,Middle,003016084017,5280031
5280,03,2,sulpiride,Human,Female,8 hr,1000,É M,Middle,003016084018,5280032
5280,04,1,sulpiride,Human,Female,24 hr,1000,É M,Middle,003016084023,5280041
5280,04,2,sulpiride,Human,Female,24 hr,1000,É M,Middle,003016084024,5280042
5280,05,1,sulpiride,Human,Female,8 hr,5000,É M,High,003016084019,5280051
5280,05,2,sulpiride,Human,Female,8 hr,5000,É M,High,003016084020,5280052
5280,06,1,sulpiride,Human,Female,24 hr,5000,É M,High,003016084025,5280061
5280,06,2,sulpiride,Human,Female,24 hr,5000,É M,High,003016084026,5280062
5281,01,1,dantrolene,Human,Female,8 hr,0,É M,Control,003016088007,5281011
5281,01,2,dantrolene,Human,Female,8 hr,0,É M,Control,003016088008,5281012
5281,02,1,dantrolene,Human,Female,24 hr,0,É M,Control,003016085003,5281021
5281,02,2,dantrolene,Human,Female,24 hr,0,É M,Control,003016085004,5281022
5281,03,1,dantrolene,Human,Female,8 hr,2,É M,Middle,003016088009,5281031
5281,03,2,dantrolene,Human,Female,8 hr,2,É M,Middle,003016088010,5281032
5281,04,1,dantrolene,Human,Female,24 hr,2,É M,Middle,003016085005,5281041
5281,04,2,dantrolene,Human,Female,24 hr,2,É M,Middle,003016085006,5281042
5281,05,1,dantrolene,Human,Female,8 hr,10,É M,High,003016085001,5281051
5281,05,2,dantrolene,Human,Female,8 hr,10,É M,High,003016085002,5281052
5281,06,1,dantrolene,Human,Female,24 hr,10,É M,High,003016085007,5281061
5281,06,2,dantrolene,Human,Female,24 hr,10,É M,High,003016085008,5281062
5282,01,1,clomipramine,Human,Female,8 hr,0,É M,Control,003016085009,5282011
5282,01,2,clomipramine,Human,Female,8 hr,0,É M,Control,003016085010,5282012
5282,02,1,clomipramine,Human,Female,24 hr,0,É M,Control,003016085015,5282021
5282,02,2,clomipramine,Human,Female,24 hr,0,É M,Control,003016085016,5282022
5282,03,1,clomipramine,Human,Female,8 hr,2,É M,Middle,003016085011,5282031
5282,03,2,clomipramine,Human,Female,8 hr,2,É M,Middle,003016085012,5282032
5282,04,1,clomipramine,Human,Female,24 hr,2,É M,Middle,003016085017,5282041
5282,04,2,clomipramine,Human,Female,24 hr,2,É M,Middle,003016085018,5282042
5282,05,1,clomipramine,Human,Female,8 hr,10,É M,High,003016085013,5282051
5282,05,2,clomipramine,Human,Female,8 hr,10,É M,High,003016085014,5282052
5282,06,1,clomipramine,Human,Female,24 hr,10,É M,High,003016085019,5282061
5282,06,2,clomipramine,Human,Female,24 hr,10,É M,High,003016085020,5282062
5283,01,1,terbinafine,Human,Female,8 hr,0,É M,Control,003016085021,5283011
5283,01,2,terbinafine,Human,Female,8 hr,0,É M,Control,003016085022,5283012
5283,02,1,terbinafine,Human,Female,24 hr,0,É M,Control,003016085027,5283021
5283,02,2,terbinafine,Human,Female,24 hr,0,É M,Control,003016085028,5283022
5283,03,1,terbinafine,Human,Female,8 hr,3,É M,Middle,003016085023,5283031
5283,03,2,terbinafine,Human,Female,8 hr,3,É M,Middle,003016085024,5283032
5283,04,1,terbinafine,Human,Female,24 hr,3,É M,Middle,003016085029,5283041
5283,04,2,terbinafine,Human,Female,24 hr,3,É M,Middle,003016085030,5283042
5283,05,1,terbinafine,Human,Female,8 hr,15,É M,High,003016085025,5283051
5283,05,2,terbinafine,Human,Female,8 hr,15,É M,High,003016085026,5283052
5283,06,1,terbinafine,Human,Female,24 hr,15,É M,High,003016086001,5283061
5283,06,2,terbinafine,Human,Female,24 hr,15,É M,High,003016086002,5283062
5284,01,1,lornoxicam,Human,Female,8 hr,0,É M,Control,003016086003,5284011
5284,01,2,lornoxicam,Human,Female,8 hr,0,É M,Control,003016086004,5284012
5284,02,1,lornoxicam,Human,Female,24 hr,0,É M,Control,003016086009,5284021
5284,02,2,lornoxicam,Human,Female,24 hr,0,É M,Control,003016086010,5284022
5284,03,1,lornoxicam,Human,Female,8 hr,3,É M,Middle,003016086005,5284031
5284,03,2,lornoxicam,Human,Female,8 hr,3,É M,Middle,003016086006,5284032
5284,04,1,lornoxicam,Human,Female,24 hr,3,É M,Middle,003016086011,5284041
5284,04,2,lornoxicam,Human,Female,24 hr,3,É M,Middle,003016086012,5284042
5284,05,1,lornoxicam,Human,Female,8 hr,15,É M,High,003016086007,5284051
5284,05,2,lornoxicam,Human,Female,8 hr,15,É M,High,003016086008,5284052
5284,06,1,lornoxicam,Human,Female,24 hr,15,É M,High,003016086013,5284061
5284,06,2,lornoxicam,Human,Female,24 hr,15,É M,High,003016086014,5284062
5285,01,1,danazol,Human,Female,8 hr,0,É M,Control,003016086015,5285011
5285,01,2,danazol,Human,Female,8 hr,0,É M,Control,003016086016,5285012
5285,02,1,danazol,Human,Female,24 hr,0,É M,Control,003016086021,5285021
5285,02,2,danazol,Human,Female,24 hr,0,É M,Control,003016086022,5285022
5285,03,1,danazol,Human,Female,8 hr,7,É M,Middle,003016086017,5285031
5285,03,2,danazol,Human,Female,8 hr,7,É M,Middle,003016086018,5285032
5285,04,1,danazol,Human,Female,24 hr,7,É M,Middle,003016086023,5285041
5285,04,2,danazol,Human,Female,24 hr,7,É M,Middle,003016086024,5285042
5285,05,1,danazol,Human,Female,8 hr,35,É M,High,003016086019,5285051
5285,05,2,danazol,Human,Female,8 hr,35,É M,High,003016086020,5285052
5285,06,1,danazol,Human,Female,24 hr,35,É M,High,003016086025,5285061
5285,06,2,danazol,Human,Female,24 hr,35,É M,High,003016086026,5285062
5286,01,1,etoposide,Human,Female,8 hr,0,É M,Control,003016086027,5286011
5286,01,2,etoposide,Human,Female,8 hr,0,É M,Control,003016086028,5286012
5286,02,1,etoposide,Human,Female,24 hr,0,É M,Control,003016087003,5286021
5286,02,2,etoposide,Human,Female,24 hr,0,É M,Control,003016087004,5286022
5286,03,1,etoposide,Human,Female,8 hr,66,É M,Middle,003016086029,5286031
5286,03,2,etoposide,Human,Female,8 hr,66,É M,Middle,003016086030,5286032
5286,04,1,etoposide,Human,Female,24 hr,66,É M,Middle,003016087005,5286041
5286,04,2,etoposide,Human,Female,24 hr,66,É M,Middle,003016087006,5286042
5286,05,1,etoposide,Human,Female,8 hr,330,É M,High,003016087001,5286051
5286,05,2,etoposide,Human,Female,8 hr,330,É M,High,003016087002,5286052
5286,06,1,etoposide,Human,Female,24 hr,330,É M,High,003016087007,5286061
5286,06,2,etoposide,Human,Female,24 hr,330,É M,High,003016087008,5286062
5287,01,1,phenylanthranilic acid,Human,Female,8 hr,0,É M,Control,003016087009,5287011
5287,01,2,phenylanthranilic acid,Human,Female,8 hr,0,É M,Control,003016087010,5287012
5287,02,1,phenylanthranilic acid,Human,Female,24 hr,0,É M,Control,003016087015,5287021
5287,02,2,phenylanthranilic acid,Human,Female,24 hr,0,É M,Control,003016087016,5287022
5287,03,1,phenylanthranilic acid,Human,Female,8 hr,40,É M,Middle,003016087011,5287031
5287,03,2,phenylanthranilic acid,Human,Female,8 hr,40,É M,Middle,003016087012,5287032
5287,04,1,phenylanthranilic acid,Human,Female,24 hr,40,É M,Middle,003016087017,5287041
5287,04,2,phenylanthranilic acid,Human,Female,24 hr,40,É M,Middle,003016088016,5287042
5287,05,1,phenylanthranilic acid,Human,Female,8 hr,200,É M,High,003016087013,5287051
5287,05,2,phenylanthranilic acid,Human,Female,8 hr,200,É M,High,003016088015,5287052
5287,06,1,phenylanthranilic acid,Human,Female,24 hr,200,É M,High,003016087019,5287061
5287,06,2,phenylanthranilic acid,Human,Female,24 hr,200,É M,High,003016088017,5287062
5288,01,1,ajmaline,Human,Female,8 hr,0,É M,Control,003016087025,5288011
5288,01,2,ajmaline,Human,Female,8 hr,0,É M,Control,003016087026,5288012
5288,02,1,ajmaline,Human,Female,24 hr,0,É M,Control,003016088001,5288021
5288,02,2,ajmaline,Human,Female,24 hr,0,É M,Control,003016088002,5288022
5288,03,1,ajmaline,Human,Female,8 hr,60,É M,Middle,003016087027,5288031
5288,03,2,ajmaline,Human,Female,8 hr,60,É M,Middle,003016087028,5288032
5288,04,1,ajmaline,Human,Female,24 hr,60,É M,Middle,003016088003,5288041
5288,04,2,ajmaline,Human,Female,24 hr,60,É M,Middle,003016088004,5288042
5288,05,1,ajmaline,Human,Female,8 hr,300,É M,High,003016087029,5288051
5288,05,2,ajmaline,Human,Female,8 hr,300,É M,High,003016087030,5288052
5288,06,1,ajmaline,Human,Female,24 hr,300,É M,High,003016088005,5288061
5288,06,2,ajmaline,Human,Female,24 hr,300,É M,High,003016088006,5288062
5295,01,1,alpidem,Rat,Male,24 hr,0,É M,Control,003017912012,5295011
5295,01,2,alpidem,Rat,Male,24 hr,0,É M,Control,003017912013,5295012
5295,03,1,alpidem,Rat,Male,24 hr,10,É M,Low,003017912016,5295031
5295,03,2,alpidem,Rat,Male,24 hr,10,É M,Low,003017912017,5295032
5296,01,1,venlafaxine,Rat,Male,24 hr,0,É M,Control,003017919014,5296011
5296,01,2,venlafaxine,Rat,Male,24 hr,0,É M,Control,003017919015,5296012
5296,03,1,venlafaxine,Rat,Male,24 hr,1200,É M,Low,003017919018,5296031
5296,03,2,venlafaxine,Rat,Male,24 hr,1200,É M,Low,003017919019,5296032
5297,01,1,buspirone,Rat,Male,24 hr,0,É M,Control,003017918026,5297011
5297,01,2,buspirone,Rat,Male,24 hr,0,É M,Control,003017918027,5297012
5297,03,1,buspirone,Rat,Male,24 hr,70,É M,Low,003017918030,5297031
5297,03,2,buspirone,Rat,Male,24 hr,70,É M,Low,003017919001,5297032
5298,01,1,clozapine,Rat,Male,24 hr,0,É M,Control,003017922008,5298011
5298,01,2,clozapine,Rat,Male,24 hr,0,É M,Control,003017922009,5298012
5298,03,1,clozapine,Rat,Male,24 hr,120,É M,Low,003017922012,5298031
5298,03,2,clozapine,Rat,Male,24 hr,120,É M,Low,003017922013,5298032
5299,01,1,nefazodone,Rat,Male,24 hr,0,É g/kg,Control,003017922030_2,5299011
5299,01,2,nefazodone,Rat,Male,24 hr,0,É g/kg,Control,003017923001,5299012
5299,03,1,nefazodone,Rat,Male,24 hr,70,É g/kg,Low,003017923004,5299031
5299,03,2,nefazodone,Rat,Male,24 hr,70,É g/kg,Low,003017923005,5299032
5314,01,1,alpidem,Human,Male,24 hr,0,É M,Control,003016092020,5314011
5314,01,2,alpidem,Human,Male,24 hr,0,É M,Control,003016092021,5314012
5314,02,1,alpidem,Human,Male,24 hr,3,É M,Middle,003016092022,5314021
5314,02,2,alpidem,Human,Male,24 hr,3,É M,Middle,003016092023,5314022
5314,03,1,alpidem,Human,Male,24 hr,10,É M,High,003016092024,5314031
5314,03,2,alpidem,Human,Male,24 hr,10,É M,High,003016092025,5314032
5315,01,1,venlafaxine,Human,Male,24 hr,0,É M,Control,003016092026,5315011
5315,01,2,venlafaxine,Human,Male,24 hr,0,É M,Control,003016092027,5315012
5315,02,1,venlafaxine,Human,Male,24 hr,240,É M,Middle,003016092028,5315021
5315,02,2,venlafaxine,Human,Male,24 hr,240,É M,Middle,003016092029,5315022
5315,03,1,venlafaxine,Human,Male,24 hr,1200,É M,High,003016092030,5315031
5315,03,2,venlafaxine,Human,Male,24 hr,1200,É M,High,003016093001,5315032
5317,01,1,clozapine,Human,Male,24 hr,0,É M,Control,003016093002,5317011
5317,01,2,clozapine,Human,Male,24 hr,0,É M,Control,003016093003,5317012
5317,02,1,clozapine,Human,Male,24 hr,10,É M,Middle,003016093004,5317021
5317,02,2,clozapine,Human,Male,24 hr,10,É M,Middle,003016093005,5317022
5317,03,1,clozapine,Human,Male,24 hr,50,É M,High,003016093006,5317031
5317,03,2,clozapine,Human,Male,24 hr,50,É M,High,003016093007,5317032
5319,01,1,buspirone,Human,Male,24 hr,0,É M,Control,003016093008,5319011
5319,01,2,buspirone,Human,Male,24 hr,0,É M,Control,003016093009,5319012
5319,02,1,buspirone,Human,Male,24 hr,6,É M,Middle,003016093010,5319021
5319,02,2,buspirone,Human,Male,24 hr,6,É M,Middle,003016093011,5319022
5319,03,1,buspirone,Human,Male,24 hr,30,É M,High,003016093012,5319031
5319,03,2,buspirone,Human,Male,24 hr,30,É M,High,003016093013,5319032
5320,01,1,nefazodone,Human,Male,24 hr,0,É M,Control,003016093014,5320011
5320,01,2,nefazodone,Human,Male,24 hr,0,É M,Control,003016093015,5320012
5320,02,1,nefazodone,Human,Male,24 hr,6,É M,Middle,003016093016,5320021
5320,02,2,nefazodone,Human,Male,24 hr,6,É M,Middle,003016093017,5320022
5320,03,1,nefazodone,Human,Male,24 hr,30,É M,High,003016093018,5320031
5320,03,2,nefazodone,Human,Male,24 hr,30,É M,High,003016093019,5320032
5321,01,1,triazolam,Human,Male,8 hr,0,É M,Control,003016095008,5321011
5321,01,2,triazolam,Human,Male,8 hr,0,É M,Control,003016095009,5321012
5321,02,1,triazolam,Human,Male,24 hr,0,É M,Control,003016095016,5321021
5321,02,2,triazolam,Human,Male,24 hr,0,É M,Control,003016095017,5321022
5321,03,1,triazolam,Human,Male,8 hr,0,É M,Low,003016095010,5321031
5321,03,2,triazolam,Human,Male,8 hr,0,É M,Low,003016095011,5321032
5321,04,1,triazolam,Human,Male,24 hr,0,É M,Low,003016095018,5321041
5321,04,2,triazolam,Human,Male,24 hr,0,É M,Low,003016095019,5321042
5321,05,1,triazolam,Human,Male,8 hr,2,É M,Middle,003016095012,5321051
5321,05,2,triazolam,Human,Male,8 hr,2,É M,Middle,003016095013,5321052
5321,06,1,triazolam,Human,Male,24 hr,2,É M,Middle,003016095020,5321061
5321,06,2,triazolam,Human,Male,24 hr,2,É M,Middle,003016095021,5321062
5321,07,1,triazolam,Human,Male,8 hr,10,É M,High,003016095014,5321071
5321,07,2,triazolam,Human,Male,8 hr,10,É M,High,003016095015,5321072
5321,08,1,triazolam,Human,Male,24 hr,10,É M,High,003016095022,5321081
5321,08,2,triazolam,Human,Male,24 hr,10,É M,High,003016095023,5321082
5322,01,1,trimethadione,Human,Male,8 hr,0,É M,Control,003016095024,5322011
5322,01,2,trimethadione,Human,Male,8 hr,0,É M,Control,003016095025,5322012
5322,02,1,trimethadione,Human,Male,24 hr,0,É M,Control,003016096002,5322021
5322,02,2,trimethadione,Human,Male,24 hr,0,É M,Control,003016096003,5322022
5322,03,1,trimethadione,Human,Male,8 hr,400,É M,Low,003016095026,5322031
5322,03,2,trimethadione,Human,Male,8 hr,400,É M,Low,003016095027,5322032
5322,04,1,trimethadione,Human,Male,24 hr,400,É M,Low,003016096004,5322041
5322,04,2,trimethadione,Human,Male,24 hr,400,É M,Low,003016096005,5322042
5322,05,1,trimethadione,Human,Male,8 hr,2000,É M,Middle,003016095028,5322051
5322,05,2,trimethadione,Human,Male,8 hr,2000,É M,Middle,003016095029,5322052
5322,06,1,trimethadione,Human,Male,24 hr,2000,É M,Middle,003016096006,5322061
5322,06,2,trimethadione,Human,Male,24 hr,2000,É M,Middle,003016096007,5322062
5322,07,1,trimethadione,Human,Male,8 hr,10000,É M,High,003016095030,5322071
5322,07,2,trimethadione,Human,Male,8 hr,10000,É M,High,003016096001,5322072
5322,08,1,trimethadione,Human,Male,24 hr,10000,É M,High,003016096008,5322081
5322,08,2,trimethadione,Human,Male,24 hr,10000,É M,High,,5322082
5323,01,1,bromoethylamine,Human,Male,8 hr,0,É M,Control,003016100009,5323011
5323,01,2,bromoethylamine,Human,Male,8 hr,0,É M,Control,003016100010,5323012
5323,02,1,bromoethylamine,Human,Male,24 hr,0,É M,Control,003016100016,5323021
5323,02,2,bromoethylamine,Human,Male,24 hr,0,É M,Control,003016100017,5323022
5323,03,1,bromoethylamine,Human,Male,8 hr,20,É M,Low,003016100011,5323031
5323,03,2,bromoethylamine,Human,Male,8 hr,20,É M,Low,003016102018,5323032
5323,04,1,bromoethylamine,Human,Male,24 hr,20,É M,Low,003016100018,5323041
5323,04,2,bromoethylamine,Human,Male,24 hr,20,É M,Low,003016100019,5323042
5323,05,1,bromoethylamine,Human,Male,8 hr,100,É M,Middle,003016100012,5323051
5323,05,2,bromoethylamine,Human,Male,8 hr,100,É M,Middle,003016100013,5323052
5323,06,1,bromoethylamine,Human,Male,24 hr,100,É M,Middle,003016100020,5323061
5323,06,2,bromoethylamine,Human,Male,24 hr,100,É M,Middle,003016100021,5323062
5323,07,1,bromoethylamine,Human,Male,8 hr,500,É M,High,003016100014,5323071
5323,07,2,bromoethylamine,Human,Male,8 hr,500,É M,High,003016100015,5323072
5323,08,1,bromoethylamine,Human,Male,24 hr,500,É M,High,,5323081
5323,08,2,bromoethylamine,Human,Male,24 hr,500,É M,High,003016100022,5323082
5324,01,1,cyclosporine A,Human,Male,8 hr,0,É M,Control,003016101009,5324011
5324,01,2,cyclosporine A,Human,Male,8 hr,0,É M,Control,003016101010,5324012
5324,02,1,cyclosporine A,Human,Male,24 hr,0,É M,Control,003016101017,5324021
5324,02,2,cyclosporine A,Human,Male,24 hr,0,É M,Control,003016101018,5324022
5324,03,1,cyclosporine A,Human,Male,8 hr,0,É M,Low,003016101011,5324031
5324,03,2,cyclosporine A,Human,Male,8 hr,0,É M,Low,003016101012,5324032
5324,04,1,cyclosporine A,Human,Male,24 hr,0,É M,Low,003016101019,5324041
5324,04,2,cyclosporine A,Human,Male,24 hr,0,É M,Low,003016101020,5324042
5324,05,1,cyclosporine A,Human,Male,8 hr,1,É M,Middle,003016101013,5324051
5324,05,2,cyclosporine A,Human,Male,8 hr,1,É M,Middle,003016101014,5324052
5324,06,1,cyclosporine A,Human,Male,24 hr,1,É M,Middle,003016101021,5324061
5324,06,2,cyclosporine A,Human,Male,24 hr,1,É M,Middle,003016101022,5324062
5324,07,1,cyclosporine A,Human,Male,8 hr,6,É M,High,003016101015,5324071
5324,07,2,cyclosporine A,Human,Male,8 hr,6,É M,High,003016101016,5324072
5324,08,1,cyclosporine A,Human,Male,24 hr,6,É M,High,003016101023,5324081
5324,08,2,cyclosporine A,Human,Male,24 hr,6,É M,High,003016101024,5324082
5325,01,1,doxorubicin,Human,Male,8 hr,0,É M,Control,003016100023,5325011
5325,01,2,doxorubicin,Human,Male,8 hr,0,É M,Control,003016100024,5325012
5325,02,1,doxorubicin,Human,Male,24 hr,0,É M,Control,003016101001,5325021
5325,02,2,doxorubicin,Human,Male,24 hr,0,É M,Control,003016101002,5325022
5325,03,1,doxorubicin,Human,Male,8 hr,0,É M,Low,003016100025,5325031
5325,03,2,doxorubicin,Human,Male,8 hr,0,É M,Low,003016100026,5325032
5325,04,1,doxorubicin,Human,Male,24 hr,0,É M,Low,003016101003,5325041
5325,04,2,doxorubicin,Human,Male,24 hr,0,É M,Low,003016101004,5325042
5325,05,1,doxorubicin,Human,Male,8 hr,2,É M,Middle,003016100027,5325051
5325,05,2,doxorubicin,Human,Male,8 hr,2,É M,Middle,003016100028,5325052
5325,06,1,doxorubicin,Human,Male,24 hr,2,É M,Middle,003016101005,5325061
5325,06,2,doxorubicin,Human,Male,24 hr,2,É M,Middle,003016101006,5325062
5325,07,1,doxorubicin,Human,Male,8 hr,10,É M,High,003016100029,5325071
5325,07,2,doxorubicin,Human,Male,8 hr,10,É M,High,003016100030,5325072
5325,08,1,doxorubicin,Human,Male,24 hr,10,É M,High,003016101007,5325081
5325,08,2,doxorubicin,Human,Male,24 hr,10,É M,High,003016101008,5325082
5326,01,1,cycloheximide,Human,Male,8 hr,0,É M,Control,003016101025,5326011
5326,01,2,cycloheximide,Human,Male,8 hr,0,É M,Control,003016101026,5326012
5326,02,1,cycloheximide,Human,Male,24 hr,0,É M,Control,003016102003,5326021
5326,02,2,cycloheximide,Human,Male,24 hr,0,É M,Control,003016102004,5326022
5326,03,1,cycloheximide,Human,Male,8 hr,4,É M,Low,003016101027,5326031
5326,03,2,cycloheximide,Human,Male,8 hr,4,É M,Low,003016101028,5326032
5326,04,1,cycloheximide,Human,Male,24 hr,4,É M,Low,003016102005,5326041
5326,04,2,cycloheximide,Human,Male,24 hr,4,É M,Low,003016102006,5326042
5326,05,1,cycloheximide,Human,Male,8 hr,20,É M,Middle,003016101029,5326051
5326,05,2,cycloheximide,Human,Male,8 hr,20,É M,Middle,003016101030,5326052
5326,06,1,cycloheximide,Human,Male,24 hr,20,É M,Middle,003016102007,5326061
5326,06,2,cycloheximide,Human,Male,24 hr,20,É M,Middle,003016102008,5326062
5326,07,1,cycloheximide,Human,Male,8 hr,100,É M,High,003016102001,5326071
5326,07,2,cycloheximide,Human,Male,8 hr,100,É M,High,003016102002,5326072
5326,08,1,cycloheximide,Human,Male,24 hr,100,É M,High,003016102009,5326081
5326,08,2,cycloheximide,Human,Male,24 hr,100,É M,High,003016102010,5326082
5327,01,1,phorone,Human,Male,8 hr,0,É M,Control,003016102011,5327011
5327,01,2,phorone,Human,Male,8 hr,0,É M,Control,003016102012,5327012
5327,02,1,phorone,Human,Male,24 hr,0,É M,Control,003016102020,5327021
5327,02,2,phorone,Human,Male,24 hr,0,É M,Control,003016102021,5327022
5327,03,1,phorone,Human,Male,8 hr,200,É M,Low,003016102013,5327031
5327,03,2,phorone,Human,Male,8 hr,200,É M,Low,003016102014,5327032
5327,04,1,phorone,Human,Male,24 hr,200,É M,Low,003016102022,5327041
5327,04,2,phorone,Human,Male,24 hr,200,É M,Low,003016102023,5327042
5327,05,1,phorone,Human,Male,8 hr,1000,É M,Middle,003016102015,5327051
5327,05,2,phorone,Human,Male,8 hr,1000,É M,Middle,003016102016,5327052
5327,06,1,phorone,Human,Male,24 hr,1000,É M,Middle,003016102024,5327061
5327,06,2,phorone,Human,Male,24 hr,1000,É M,Middle,003016102025,5327062
5327,07,1,phorone,Human,Male,8 hr,5000,É M,High,003016102017,5327071
5327,07,2,phorone,Human,Male,8 hr,5000,É M,High,003016102019,5327072
5327,08,1,phorone,Human,Male,24 hr,5000,É M,High,,5327081
5327,08,2,phorone,Human,Male,24 hr,5000,É M,High,,5327082
5328,01,1,bendazac,Human,Male,8 hr,0,É M,Control,003016102026,5328011
5328,01,2,bendazac,Human,Male,8 hr,0,É M,Control,003016102027,5328012
5328,02,1,bendazac,Human,Male,24 hr,0,É M,Control,003016103004,5328021
5328,02,2,bendazac,Human,Male,24 hr,0,É M,Control,003016103005,5328022
5328,03,1,bendazac,Human,Male,8 hr,8,É M,Low,003016102028,5328031
5328,03,2,bendazac,Human,Male,8 hr,8,É M,Low,003016102029,5328032
5328,04,1,bendazac,Human,Male,24 hr,8,É M,Low,003016103006,5328041
5328,04,2,bendazac,Human,Male,24 hr,8,É M,Low,003016103007,5328042
5328,05,1,bendazac,Human,Male,8 hr,40,É M,Middle,003016102030,5328051
5328,05,2,bendazac,Human,Male,8 hr,40,É M,Middle,003016103001,5328052
5328,06,1,bendazac,Human,Male,24 hr,40,É M,Middle,003016103008,5328061
5328,06,2,bendazac,Human,Male,24 hr,40,É M,Middle,003016103009,5328062
5328,07,1,bendazac,Human,Male,8 hr,200,É M,High,003016103002,5328071
5328,07,2,bendazac,Human,Male,8 hr,200,É M,High,003016103003,5328072
5328,08,1,bendazac,Human,Male,24 hr,200,É M,High,003016103010,5328081
5328,08,2,bendazac,Human,Male,24 hr,200,É M,High,003016103011,5328082
5329,01,1,tunicamycin,Human,Male,8 hr,0,É g/mL,Control,003016103012,5329011
5329,01,2,tunicamycin,Human,Male,8 hr,0,É g/mL,Control,003016103013,5329012
5329,02,1,tunicamycin,Human,Male,24 hr,0,É g/mL,Control,003016103020,5329021
5329,02,2,tunicamycin,Human,Male,24 hr,0,É g/mL,Control,003016103021,5329022
5329,03,1,tunicamycin,Human,Male,8 hr,0,É g/mL,Low,003016103014,5329031
5329,03,2,tunicamycin,Human,Male,8 hr,0,É g/mL,Low,003016103015,5329032
5329,04,1,tunicamycin,Human,Male,24 hr,0,É g/mL,Low,003016103022,5329041
5329,04,2,tunicamycin,Human,Male,24 hr,0,É g/mL,Low,003016103023,5329042
5329,05,1,tunicamycin,Human,Male,8 hr,2,É g/mL,Middle,003016103016,5329051
5329,05,2,tunicamycin,Human,Male,8 hr,2,É g/mL,Middle,003016103017,5329052
5329,06,1,tunicamycin,Human,Male,24 hr,2,É g/mL,Middle,003016103024,5329061
5329,06,2,tunicamycin,Human,Male,24 hr,2,É g/mL,Middle,003016103025,5329062
5329,07,1,tunicamycin,Human,Male,8 hr,10,É g/mL,High,003016103018,5329071
5329,07,2,tunicamycin,Human,Male,8 hr,10,É g/mL,High,003016103019,5329072
5329,08,1,tunicamycin,Human,Male,24 hr,10,É g/mL,High,003016103026,5329081
5329,08,2,tunicamycin,Human,Male,24 hr,10,É g/mL,High,003016103027,5329082
5330,01,1,buthionine sulfoximine,Human,Male,8 hr,0,É M,Control,003016103028,5330011
5330,01,2,buthionine sulfoximine,Human,Male,8 hr,0,É M,Control,003016103029,5330012
5330,02,1,buthionine sulfoximine,Human,Male,24 hr,0,É M,Control,003016104006,5330021
5330,02,2,buthionine sulfoximine,Human,Male,24 hr,0,É M,Control,003016104007,5330022
5330,03,1,buthionine sulfoximine,Human,Male,8 hr,400,É M,Low,003016103030,5330031
5330,03,2,buthionine sulfoximine,Human,Male,8 hr,400,É M,Low,003016104001,5330032
5330,04,1,buthionine sulfoximine,Human,Male,24 hr,400,É M,Low,003016104008,5330041
5330,04,2,buthionine sulfoximine,Human,Male,24 hr,400,É M,Low,003016104009,5330042
5330,05,1,buthionine sulfoximine,Human,Male,8 hr,2000,É M,Middle,003016104002,5330051
5330,05,2,buthionine sulfoximine,Human,Male,8 hr,2000,É M,Middle,003016104003,5330052
5330,06,1,buthionine sulfoximine,Human,Male,24 hr,2000,É M,Middle,003016104010,5330061
5330,06,2,buthionine sulfoximine,Human,Male,24 hr,2000,É M,Middle,003016104011,5330062
5330,07,1,buthionine sulfoximine,Human,Male,8 hr,10000,É M,High,003016104004,5330071
5330,07,2,buthionine sulfoximine,Human,Male,8 hr,10000,É M,High,003016104005,5330072
5330,08,1,buthionine sulfoximine,Human,Male,24 hr,10000,É M,High,003016104012,5330081
5330,08,2,buthionine sulfoximine,Human,Male,24 hr,10000,É M,High,003016104013,5330082
5331,01,1,diethyl maleate,Human,Male,8 hr,0,É M,Control,003016104030,5331011
5331,01,2,diethyl maleate,Human,Male,8 hr,0,É M,Control,003016105001,5331012
5331,02,1,diethyl maleate,Human,Male,24 hr,0,É M,Control,003016105008,5331021
5331,02,2,diethyl maleate,Human,Male,24 hr,0,É M,Control,003016105009,5331022
5331,03,1,diethyl maleate,Human,Male,8 hr,60,É M,Low,003016105002,5331031
5331,03,2,diethyl maleate,Human,Male,8 hr,60,É M,Low,003016105003,5331032
5331,04,1,diethyl maleate,Human,Male,24 hr,60,É M,Low,003016105010,5331041
5331,04,2,diethyl maleate,Human,Male,24 hr,60,É M,Low,003016105011,5331042
5331,05,1,diethyl maleate,Human,Male,8 hr,300,É M,Middle,003016105004,5331051
5331,05,2,diethyl maleate,Human,Male,8 hr,300,É M,Middle,003016105005,5331052
5331,06,1,diethyl maleate,Human,Male,24 hr,300,É M,Middle,003016105012,5331061
5331,06,2,diethyl maleate,Human,Male,24 hr,300,É M,Middle,003016105013,5331062
5331,07,1,diethyl maleate,Human,Male,8 hr,1500,É M,High,003016105006,5331071
5331,07,2,diethyl maleate,Human,Male,8 hr,1500,É M,High,003016105007,5331072
5331,08,1,diethyl maleate,Human,Male,24 hr,1500,É M,High,003016105014,5331081
5331,08,2,diethyl maleate,Human,Male,24 hr,1500,É M,High,003016105015,5331082
5332,01,1,galactosamine,Human,Male,8 hr,0,É M,Control,003016104014,5332011
5332,01,2,galactosamine,Human,Male,8 hr,0,É M,Control,003016104015,5332012
5332,02,1,galactosamine,Human,Male,24 hr,0,É M,Control,003016104022,5332021
5332,02,2,galactosamine,Human,Male,24 hr,0,É M,Control,003016104023,5332022
5332,03,1,galactosamine,Human,Male,8 hr,400,É M,Low,003016104016,5332031
5332,03,2,galactosamine,Human,Male,8 hr,400,É M,Low,003016104017,5332032
5332,04,1,galactosamine,Human,Male,24 hr,400,É M,Low,003016104024,5332041
5332,04,2,galactosamine,Human,Male,24 hr,400,É M,Low,003016104025,5332042
5332,05,1,galactosamine,Human,Male,8 hr,2000,É M,Middle,003016104018,5332051
5332,05,2,galactosamine,Human,Male,8 hr,2000,É M,Middle,003016104019,5332052
5332,06,1,galactosamine,Human,Male,24 hr,2000,É M,Middle,003016104026,5332061
5332,06,2,galactosamine,Human,Male,24 hr,2000,É M,Middle,003016104027,5332062
5332,07,1,galactosamine,Human,Male,8 hr,10000,É M,High,003016104020,5332071
5332,07,2,galactosamine,Human,Male,8 hr,10000,É M,High,003016104021,5332072
5332,08,1,galactosamine,Human,Male,24 hr,10000,É M,High,003016104028,5332081
5332,08,2,galactosamine,Human,Male,24 hr,10000,É M,High,003016104029,5332082
5333,01,1,LPS,Human,Male,8 hr,0,É g/mL,Control,003016093020,5333011
5333,01,2,LPS,Human,Male,8 hr,0,É g/mL,Control,003016094005,5333012
5333,02,1,LPS,Human,Male,24 hr,0,É g/mL,Control,003016093027,5333021
5333,02,2,LPS,Human,Male,24 hr,0,É g/mL,Control,003016093028,5333022
5333,03,1,LPS,Human,Male,8 hr,12,É g/mL,Low,003016093021,5333031
5333,03,2,LPS,Human,Male,8 hr,12,É g/mL,Low,003016093022,5333032
5333,04,1,LPS,Human,Male,24 hr,12,É g/mL,Low,003016093029,5333041
5333,04,2,LPS,Human,Male,24 hr,12,É g/mL,Low,003016093030,5333042
5333,05,1,LPS,Human,Male,8 hr,60,É g/mL,Middle,003016093023,5333051
5333,05,2,LPS,Human,Male,8 hr,60,É g/mL,Middle,003016093024,5333052
5333,06,1,LPS,Human,Male,24 hr,60,É g/mL,Middle,003016094001,5333061
5333,06,2,LPS,Human,Male,24 hr,60,É g/mL,Middle,003016094002,5333062
5333,07,1,LPS,Human,Male,8 hr,300,É g/mL,High,003016093025,5333071
5333,07,2,LPS,Human,Male,8 hr,300,É g/mL,High,003016093026,5333072
5333,08,1,LPS,Human,Male,24 hr,300,É g/mL,High,,5333081
5333,08,2,LPS,Human,Male,24 hr,300,É g/mL,High,003016094004,5333082
5334,01,1,TNFÉø,Human,Male,8 hr,0,ng/mL,Control,003016094006,5334011
5334,01,2,TNFÉø,Human,Male,8 hr,0,ng/mL,Control,003016094007,5334012
5334,02,1,TNFÉø,Human,Male,24 hr,0,ng/mL,Control,003016094014,5334021
5334,02,2,TNFÉø,Human,Male,24 hr,0,ng/mL,Control,003016094015,5334022
5334,03,1,TNFÉø,Human,Male,8 hr,2,ng/mL,Low,003016094008,5334031
5334,03,2,TNFÉø,Human,Male,8 hr,2,ng/mL,Low,003016094009,5334032
5334,04,1,TNFÉø,Human,Male,24 hr,2,ng/mL,Low,003016094016,5334041
5334,04,2,TNFÉø,Human,Male,24 hr,2,ng/mL,Low,003016094017,5334042
5334,05,1,TNFÉø,Human,Male,8 hr,10,ng/mL,Middle,003016094010,5334051
5334,05,2,TNFÉø,Human,Male,8 hr,10,ng/mL,Middle,003016094011,5334052
5334,06,1,TNFÉø,Human,Male,24 hr,10,ng/mL,Middle,003016094018,5334061
5334,06,2,TNFÉø,Human,Male,24 hr,10,ng/mL,Middle,003016094019,5334062
5334,07,1,TNFÉø,Human,Male,8 hr,50,ng/mL,High,003016094012,5334071
5334,07,2,TNFÉø,Human,Male,8 hr,50,ng/mL,High,003016094013,5334072
5334,08,1,TNFÉø,Human,Male,24 hr,50,ng/mL,High,003016094020,5334081
5334,08,2,TNFÉø,Human,Male,24 hr,50,ng/mL,High,003016094021,5334082
5335,01,1,phalloidin,Human,Male,8 hr,0,É g/mL,Control,003016094022,5335011
5335,01,2,phalloidin,Human,Male,8 hr,0,É g/mL,Control,003016094023,5335012
5335,02,1,phalloidin,Human,Male,24 hr,0,É g/mL,Control,003016094030,5335021
5335,02,2,phalloidin,Human,Male,24 hr,0,É g/mL,Control,003016095001,5335022
5335,03,1,phalloidin,Human,Male,8 hr,16,É g/mL,Low,003016094024,5335031
5335,03,2,phalloidin,Human,Male,8 hr,16,É g/mL,Low,003016094025,5335032
5335,04,1,phalloidin,Human,Male,24 hr,16,É g/mL,Low,003016095002,5335041
5335,04,2,phalloidin,Human,Male,24 hr,16,É g/mL,Low,003016095003,5335042
5335,05,1,phalloidin,Human,Male,8 hr,80,É g/mL,Middle,003016094026,5335051
5335,05,2,phalloidin,Human,Male,8 hr,80,É g/mL,Middle,003016094027,5335052
5335,06,1,phalloidin,Human,Male,24 hr,80,É g/mL,Middle,003016095004,5335061
5335,06,2,phalloidin,Human,Male,24 hr,80,É g/mL,Middle,003016095005,5335062
5335,07,1,phalloidin,Human,Male,8 hr,400,É g/mL,High,003016094028,5335071
5335,07,2,phalloidin,Human,Male,8 hr,400,É g/mL,High,003016094029,5335072
5335,08,1,phalloidin,Human,Male,24 hr,400,É g/mL,High,003016095006,5335081
5335,08,2,phalloidin,Human,Male,24 hr,400,É g/mL,High,003016095007,5335082
5336,01,1,"interferon alpha, human",Human,Male,2 hr,0,ng/mL,Control,003016098021,5336011
5336,01,2,"interferon alpha, human",Human,Male,2 hr,0,ng/mL,Control,003016098022,5336012
5336,02,1,"interferon alpha, human",Human,Male,8 hr,0,ng/mL,Control,003016098029,5336021
5336,02,2,"interferon alpha, human",Human,Male,8 hr,0,ng/mL,Control,003016098030,5336022
5336,04,1,"interferon alpha, human",Human,Male,2 hr,2,ng/mL,Low,003016098023,5336041
5336,04,2,"interferon alpha, human",Human,Male,2 hr,2,ng/mL,Low,003016098024,5336042
5336,05,1,"interferon alpha, human",Human,Male,8 hr,2,ng/mL,Low,003016099001,5336051
5336,05,2,"interferon alpha, human",Human,Male,8 hr,2,ng/mL,Low,003016099002,5336052
5336,07,1,"interferon alpha, human",Human,Male,2 hr,10,ng/mL,Middle,003016098025,5336071
5336,07,2,"interferon alpha, human",Human,Male,2 hr,10,ng/mL,Middle,003016098026,5336072
5336,08,1,"interferon alpha, human",Human,Male,8 hr,10,ng/mL,Middle,003016099003,5336081
5336,08,2,"interferon alpha, human",Human,Male,8 hr,10,ng/mL,Middle,003016099004,5336082
5336,10,1,"interferon alpha, human",Human,Male,2 hr,50,ng/mL,High,003016098027,5336101
5336,10,2,"interferon alpha, human",Human,Male,2 hr,50,ng/mL,High,003016098028,5336102
5336,11,1,"interferon alpha, human",Human,Male,8 hr,50,ng/mL,High,003016099005,5336111
5336,11,2,"interferon alpha, human",Human,Male,8 hr,50,ng/mL,High,003016099006,5336112
5337,01,1,"interleukin 1 beta, human",Human,Male,2 hr,0,ng/mL,Control,003016097003,5337011
5337,01,2,"interleukin 1 beta, human",Human,Male,2 hr,0,ng/mL,Control,003016097004,5337012
5337,02,1,"interleukin 1 beta, human",Human,Male,8 hr,0,ng/mL,Control,003016097011,5337021
5337,02,2,"interleukin 1 beta, human",Human,Male,8 hr,0,ng/mL,Control,003016097012,5337022
5337,03,1,"interleukin 1 beta, human",Human,Male,24 hr,0,ng/mL,Control,003016097019,5337031
5337,03,2,"interleukin 1 beta, human",Human,Male,24 hr,0,ng/mL,Control,003016097020,5337032
5337,04,1,"interleukin 1 beta, human",Human,Male,2 hr,2,ng/mL,Low,003016097005,5337041
5337,04,2,"interleukin 1 beta, human",Human,Male,2 hr,2,ng/mL,Low,003016097006,5337042
5337,05,1,"interleukin 1 beta, human",Human,Male,8 hr,2,ng/mL,Low,003016097013,5337051
5337,05,2,"interleukin 1 beta, human",Human,Male,8 hr,2,ng/mL,Low,003016097014,5337052
5337,06,1,"interleukin 1 beta, human",Human,Male,24 hr,2,ng/mL,Low,003016097021,5337061
5337,06,2,"interleukin 1 beta, human",Human,Male,24 hr,2,ng/mL,Low,003016097022,5337062
5337,07,1,"interleukin 1 beta, human",Human,Male,2 hr,10,ng/mL,Middle,003016097007,5337071
5337,07,2,"interleukin 1 beta, human",Human,Male,2 hr,10,ng/mL,Middle,003016097008,5337072
5337,08,1,"interleukin 1 beta, human",Human,Male,8 hr,10,ng/mL,Middle,003016097015,5337081
5337,08,2,"interleukin 1 beta, human",Human,Male,8 hr,10,ng/mL,Middle,003016097016,5337082
5337,09,1,"interleukin 1 beta, human",Human,Male,24 hr,10,ng/mL,Middle,003016097023,5337091
5337,09,2,"interleukin 1 beta, human",Human,Male,24 hr,10,ng/mL,Middle,003016097024,5337092
5337,10,1,"interleukin 1 beta, human",Human,Male,2 hr,50,ng/mL,High,003016097009,5337101
5337,10,2,"interleukin 1 beta, human",Human,Male,2 hr,50,ng/mL,High,003016097010,5337102
5337,11,1,"interleukin 1 beta, human",Human,Male,8 hr,50,ng/mL,High,003016097017,5337111
5337,11,2,"interleukin 1 beta, human",Human,Male,8 hr,50,ng/mL,High,003016097018,5337112
5337,12,1,"interleukin 1 beta, human",Human,Male,24 hr,50,ng/mL,High,003016097025,5337121
5337,12,2,"interleukin 1 beta, human",Human,Male,24 hr,50,ng/mL,High,003016097026,5337122
5338,01,1,"interleukin 6, human",Human,Male,2 hr,0,ng/mL,Control,003016097027,5338011
5338,01,2,"interleukin 6, human",Human,Male,2 hr,0,ng/mL,Control,003016097028,5338012
5338,02,1,"interleukin 6, human",Human,Male,8 hr,0,ng/mL,Control,003016098005,5338021
5338,02,2,"interleukin 6, human",Human,Male,8 hr,0,ng/mL,Control,003016098006,5338022
5338,03,1,"interleukin 6, human",Human,Male,24 hr,0,ng/mL,Control,003016098013,5338031
5338,03,2,"interleukin 6, human",Human,Male,24 hr,0,ng/mL,Control,003016098014,5338032
5338,04,1,"interleukin 6, human",Human,Male,2 hr,2,ng/mL,Low,003016097029,5338041
5338,04,2,"interleukin 6, human",Human,Male,2 hr,2,ng/mL,Low,003016097030,5338042
5338,05,1,"interleukin 6, human",Human,Male,8 hr,2,ng/mL,Low,003016098007,5338051
5338,05,2,"interleukin 6, human",Human,Male,8 hr,2,ng/mL,Low,003016098008,5338052
5338,06,1,"interleukin 6, human",Human,Male,24 hr,2,ng/mL,Low,003016098015,5338061
5338,06,2,"interleukin 6, human",Human,Male,24 hr,2,ng/mL,Low,003016098016,5338062
5338,07,1,"interleukin 6, human",Human,Male,2 hr,10,ng/mL,Middle,003016098001,5338071
5338,07,2,"interleukin 6, human",Human,Male,2 hr,10,ng/mL,Middle,003016098002,5338072
5338,08,1,"interleukin 6, human",Human,Male,8 hr,10,ng/mL,Middle,003016098009,5338081
5338,08,2,"interleukin 6, human",Human,Male,8 hr,10,ng/mL,Middle,003016098010,5338082
5338,09,1,"interleukin 6, human",Human,Male,24 hr,10,ng/mL,Middle,003016098017,5338091
5338,09,2,"interleukin 6, human",Human,Male,24 hr,10,ng/mL,Middle,003016098018,5338092
5338,10,1,"interleukin 6, human",Human,Male,2 hr,50,ng/mL,High,003016098003,5338101
5338,10,2,"interleukin 6, human",Human,Male,2 hr,50,ng/mL,High,003016098004,5338102
5338,11,1,"interleukin 6, human",Human,Male,8 hr,50,ng/mL,High,003016098011,5338111
5338,11,2,"interleukin 6, human",Human,Male,8 hr,50,ng/mL,High,003016098012,5338112
5338,12,1,"interleukin 6, human",Human,Male,24 hr,50,ng/mL,High,003016098019,5338121
5338,12,2,"interleukin 6, human",Human,Male,24 hr,50,ng/mL,High,003016098020,5338122
5339,01,1,transforming growth factor beta 1,Human,Male,2 hr,0,ng/mL,Control,003016099015,5339011
5339,01,2,transforming growth factor beta 1,Human,Male,2 hr,0,ng/mL,Control,003016099016,5339012
5339,02,1,transforming growth factor beta 1,Human,Male,8 hr,0,ng/mL,Control,003016099023,5339021
5339,02,2,transforming growth factor beta 1,Human,Male,8 hr,0,ng/mL,Control,003016099024,5339022
5339,03,1,transforming growth factor beta 1,Human,Male,24 hr,0,ng/mL,Control,003016100001,5339031
5339,03,2,transforming growth factor beta 1,Human,Male,24 hr,0,ng/mL,Control,003016100002,5339032
5339,04,1,transforming growth factor beta 1,Human,Male,2 hr,2,ng/mL,Low,003016099017,5339041
5339,04,2,transforming growth factor beta 1,Human,Male,2 hr,2,ng/mL,Low,003016099018,5339042
5339,05,1,transforming growth factor beta 1,Human,Male,8 hr,2,ng/mL,Low,003016099025,5339051
5339,05,2,transforming growth factor beta 1,Human,Male,8 hr,2,ng/mL,Low,003016099026,5339052
5339,06,1,transforming growth factor beta 1,Human,Male,24 hr,2,ng/mL,Low,003016100003,5339061
5339,06,2,transforming growth factor beta 1,Human,Male,24 hr,2,ng/mL,Low,003016100004,5339062
5339,07,1,transforming growth factor beta 1,Human,Male,2 hr,10,ng/mL,Middle,003016099019,5339071
5339,07,2,transforming growth factor beta 1,Human,Male,2 hr,10,ng/mL,Middle,003016099020,5339072
5339,08,1,transforming growth factor beta 1,Human,Male,8 hr,10,ng/mL,Middle,003016099027,5339081
5339,08,2,transforming growth factor beta 1,Human,Male,8 hr,10,ng/mL,Middle,003016099028,5339082
5339,09,1,transforming growth factor beta 1,Human,Male,24 hr,10,ng/mL,Middle,003016100005,5339091
5339,09,2,transforming growth factor beta 1,Human,Male,24 hr,10,ng/mL,Middle,003016100006,5339092
5339,10,1,transforming growth factor beta 1,Human,Male,2 hr,50,ng/mL,High,003016099021,5339101
5339,10,2,transforming growth factor beta 1,Human,Male,2 hr,50,ng/mL,High,003016099022,
5339,11,1,transforming growth factor beta 1,Human,Male,8 hr,50,ng/mL,High,003016099029,5339111
5339,11,2,transforming growth factor beta 1,Human,Male,8 hr,50,ng/mL,High,003016099030,5339112
5339,12,1,transforming growth factor beta 1,Human,Male,24 hr,50,ng/mL,High,003016100007,5339121
5339,12,2,transforming growth factor beta 1,Human,Male,24 hr,50,ng/mL,High,003016100008,5339122
5340,01,1,"hepatocyte growth factor, human",Human,Male,2 hr,0,ng/mL,Control,003016096009,5340011
5340,01,2,"hepatocyte growth factor, human",Human,Male,2 hr,0,ng/mL,Control,003016096010,5340012
5340,02,1,"hepatocyte growth factor, human",Human,Male,8 hr,0,ng/mL,Control,003016096017,5340021
5340,02,2,"hepatocyte growth factor, human",Human,Male,8 hr,0,ng/mL,Control,003016096018,5340022
5340,03,1,"hepatocyte growth factor, human",Human,Male,24 hr,0,ng/mL,Control,003016096025,5340031
5340,03,2,"hepatocyte growth factor, human",Human,Male,24 hr,0,ng/mL,Control,003016096026,5340032
5340,04,1,"hepatocyte growth factor, human",Human,Male,2 hr,2,ng/mL,Low,003016096011,
5340,04,2,"hepatocyte growth factor, human",Human,Male,2 hr,2,ng/mL,Low,003016096012,
5340,05,1,"hepatocyte growth factor, human",Human,Male,8 hr,2,ng/mL,Low,003016096019,5340051
5340,05,2,"hepatocyte growth factor, human",Human,Male,8 hr,2,ng/mL,Low,003016096020,5340052
5340,06,1,"hepatocyte growth factor, human",Human,Male,24 hr,2,ng/mL,Low,003016096027,5340061
5340,06,2,"hepatocyte growth factor, human",Human,Male,24 hr,2,ng/mL,Low,003016096028,5340062
5340,07,1,"hepatocyte growth factor, human",Human,Male,2 hr,10,ng/mL,Middle,003016096013,5340071
5340,07,2,"hepatocyte growth factor, human",Human,Male,2 hr,10,ng/mL,Middle,003016096014,5340072
5340,08,1,"hepatocyte growth factor, human",Human,Male,8 hr,10,ng/mL,Middle,003016096021,5340081
5340,08,2,"hepatocyte growth factor, human",Human,Male,8 hr,10,ng/mL,Middle,003016096022,5340082
5340,09,1,"hepatocyte growth factor, human",Human,Male,24 hr,10,ng/mL,Middle,003016096029,5340091
5340,09,2,"hepatocyte growth factor, human",Human,Male,24 hr,10,ng/mL,Middle,003016096030,5340092
5340,10,1,"hepatocyte growth factor, human",Human,Male,2 hr,50,ng/mL,High,003016096015,5340101
5340,10,2,"hepatocyte growth factor, human",Human,Male,2 hr,50,ng/mL,High,003016096016,
5340,11,1,"hepatocyte growth factor, human",Human,Male,8 hr,50,ng/mL,High,003016096023,5340111
5340,11,2,"hepatocyte growth factor, human",Human,Male,8 hr,50,ng/mL,High,003016096024,5340112
5340,12,1,"hepatocyte growth factor, human",Human,Male,24 hr,50,ng/mL,High,003016097001,5340121
5340,12,2,"hepatocyte growth factor, human",Human,Male,24 hr,50,ng/mL,High,003016097002,5340122
5341,01,1,rotenone,Human,Male,8 hr,0,É M,Control,003016105016,5341011
5341,01,2,rotenone,Human,Male,8 hr,0,É M,Control,003016105017,5341012
5341,02,1,rotenone,Human,Male,24 hr,0,É M,Control,003016106002,5341021
5341,02,2,rotenone,Human,Male,24 hr,0,É M,Control,003016106003,5341022
5341,03,1,rotenone,Human,Male,8 hr,0,É M,Low,003016105018,5341031
5341,03,2,rotenone,Human,Male,8 hr,0,É M,Low,003016105019,5341032
5341,04,1,rotenone,Human,Male,24 hr,0,É M,Low,003016106004,5341041
5341,04,2,rotenone,Human,Male,24 hr,0,É M,Low,003016106005,5341042
5341,05,1,rotenone,Human,Male,8 hr,0,É M,Middle,003016105020,5341051
5341,05,2,rotenone,Human,Male,8 hr,0,É M,Middle,003016105021,5341052
5341,06,1,rotenone,Human,Male,24 hr,0,É M,Middle,003016106006,5341061
5341,06,2,rotenone,Human,Male,24 hr,0,É M,Middle,003016106007,5341062
5341,07,1,rotenone,Human,Male,8 hr,2,É M,High,003016105022,5341071
5341,07,2,rotenone,Human,Male,8 hr,2,É M,High,003016105023,5341072
5341,08,1,rotenone,Human,Male,24 hr,2,É M,High,003016106008,5341081
5341,08,2,rotenone,Human,Male,24 hr,2,É M,High,003016106009,5341082
5342,01,1,methylene dianiline,Human,Male,8 hr,0,É M,Control,003016105024,5342011
5342,01,2,methylene dianiline,Human,Male,8 hr,0,É M,Control,003016105025,5342012
5342,02,1,methylene dianiline,Human,Male,24 hr,0,É M,Control,003016106010,5342021
5342,02,2,methylene dianiline,Human,Male,24 hr,0,É M,Control,003016106011,5342022
5342,03,1,methylene dianiline,Human,Male,8 hr,24,É M,Low,003016105026,5342031
5342,03,2,methylene dianiline,Human,Male,8 hr,24,É M,Low,003016105027,5342032
5342,04,1,methylene dianiline,Human,Male,24 hr,24,É M,Low,003016106012,5342041
5342,04,2,methylene dianiline,Human,Male,24 hr,24,É M,Low,003016106013,5342042
5342,05,1,methylene dianiline,Human,Male,8 hr,120,É M,Middle,003016105028,5342051
5342,05,2,methylene dianiline,Human,Male,8 hr,120,É M,Middle,003016105029,5342052
5342,06,1,methylene dianiline,Human,Male,24 hr,120,É M,Middle,003016106014,5342061
5342,06,2,methylene dianiline,Human,Male,24 hr,120,É M,Middle,003016106015,5342062
5342,07,1,methylene dianiline,Human,Male,8 hr,600,É M,High,003016105030,5342071
5342,07,2,methylene dianiline,Human,Male,8 hr,600,É M,High,003016106001,5342072
5342,08,1,methylene dianiline,Human,Male,24 hr,600,É M,High,003016106016,5342081
5342,08,2,methylene dianiline,Human,Male,24 hr,600,É M,High,003016106017,5342082
5343,01,1,butylated hydroxyanisole,Human,Male,8 hr,0,É M,Control,003016106018,5343011
5343,01,2,butylated hydroxyanisole,Human,Male,8 hr,0,É M,Control,003016106019,5343012
5343,02,1,butylated hydroxyanisole,Human,Male,24 hr,0,É M,Control,003016106026,5343021
5343,02,2,butylated hydroxyanisole,Human,Male,24 hr,0,É M,Control,003016106027,5343022
5343,03,1,butylated hydroxyanisole,Human,Male,8 hr,8,É M,Low,003016106020,5343031
5343,03,2,butylated hydroxyanisole,Human,Male,8 hr,8,É M,Low,003016106021,5343032
5343,04,1,butylated hydroxyanisole,Human,Male,24 hr,8,É M,Low,003016106028,5343041
5343,04,2,butylated hydroxyanisole,Human,Male,24 hr,8,É M,Low,003016106029,5343042
5343,05,1,butylated hydroxyanisole,Human,Male,8 hr,40,É M,Middle,003016106022,5343051
5343,05,2,butylated hydroxyanisole,Human,Male,8 hr,40,É M,Middle,003016106023,5343052
5343,06,1,butylated hydroxyanisole,Human,Male,24 hr,40,É M,Middle,003016106030,5343061
5343,06,2,butylated hydroxyanisole,Human,Male,24 hr,40,É M,Middle,003016107001,5343062
5343,07,1,butylated hydroxyanisole,Human,Male,8 hr,200,É M,High,003016106024,5343071
5343,07,2,butylated hydroxyanisole,Human,Male,8 hr,200,É M,High,003016106025,5343072
5343,08,1,butylated hydroxyanisole,Human,Male,24 hr,200,É M,High,003016107002,5343081
5343,08,2,butylated hydroxyanisole,Human,Male,24 hr,200,É M,High,003016107003,5343082
5344,01,1,amphotericin B,Human,Male,8 hr,0,É M,Control,003016107004,5344011
5344,01,2,amphotericin B,Human,Male,8 hr,0,É M,Control,003016107005,5344012
5344,02,1,amphotericin B,Human,Male,24 hr,0,É M,Control,003016107012,5344021
5344,02,2,amphotericin B,Human,Male,24 hr,0,É M,Control,003016107013,5344022
5344,03,1,amphotericin B,Human,Male,8 hr,0,É M,Low,003016107006,5344031
5344,03,2,amphotericin B,Human,Male,8 hr,0,É M,Low,003016107007,5344032
5344,04,1,amphotericin B,Human,Male,24 hr,0,É M,Low,003016107014,5344041
5344,04,2,amphotericin B,Human,Male,24 hr,0,É M,Low,003016107015,5344042
5344,05,1,amphotericin B,Human,Male,8 hr,0,É M,Middle,003016107008,5344051
5344,05,2,amphotericin B,Human,Male,8 hr,0,É M,Middle,003016107009,5344052
5344,06,1,amphotericin B,Human,Male,24 hr,0,É M,Middle,003016107016,5344061
5344,06,2,amphotericin B,Human,Male,24 hr,0,É M,Middle,003016107017,5344062
5344,07,1,amphotericin B,Human,Male,8 hr,2,É M,High,003016107010,5344071
5344,07,2,amphotericin B,Human,Male,8 hr,2,É M,High,003016107011,5344072
5344,08,1,amphotericin B,Human,Male,24 hr,2,É M,High,003016107018,5344081
5344,08,2,amphotericin B,Human,Male,24 hr,2,É M,High,003016107019,5344082
5345,01,1,"2,4-dinitrophenol",Human,Male,8 hr,0,É M,Control,003016107020,5345011
5345,01,2,"2,4-dinitrophenol",Human,Male,8 hr,0,É M,Control,003016107021,5345012
5345,02,1,"2,4-dinitrophenol",Human,Male,24 hr,0,É M,Control,003016107028,5345021
5345,02,2,"2,4-dinitrophenol",Human,Male,24 hr,0,É M,Control,003016107029,5345022
5345,03,1,"2,4-dinitrophenol",Human,Male,8 hr,4,É M,Low,003016107022,5345031
5345,03,2,"2,4-dinitrophenol",Human,Male,8 hr,4,É M,Low,003016107023,5345032
5345,04,1,"2,4-dinitrophenol",Human,Male,24 hr,4,É M,Low,003016107030,5345041
5345,04,2,"2,4-dinitrophenol",Human,Male,24 hr,4,É M,Low,003016108001,5345042
5345,05,1,"2,4-dinitrophenol",Human,Male,8 hr,20,É M,Middle,003016107024,5345051
5345,05,2,"2,4-dinitrophenol",Human,Male,8 hr,20,É M,Middle,003016107025,5345052
5345,06,1,"2,4-dinitrophenol",Human,Male,24 hr,20,É M,Middle,003016108002,5345061
5345,06,2,"2,4-dinitrophenol",Human,Male,24 hr,20,É M,Middle,003016108003,5345062
5345,07,1,"2,4-dinitrophenol",Human,Male,8 hr,100,É M,High,003016107026,5345071
5345,07,2,"2,4-dinitrophenol",Human,Male,8 hr,100,É M,High,003016107027,5345072
5345,08,1,"2,4-dinitrophenol",Human,Male,24 hr,100,É M,High,003016108004,5345081
5345,08,2,"2,4-dinitrophenol",Human,Male,24 hr,100,É M,High,003016108005,5345082
5346,01,1,fluoxetine hydrochloride,Human,Male,8 hr,0,É M,Control,003016108006,5346011
5346,01,2,fluoxetine hydrochloride,Human,Male,8 hr,0,É M,Control,003016108007,5346012
5346,02,1,fluoxetine hydrochloride,Human,Male,24 hr,0,É M,Control,003016108014,5346021
5346,02,2,fluoxetine hydrochloride,Human,Male,24 hr,0,É M,Control,003016108015,5346022
5346,03,1,fluoxetine hydrochloride,Human,Male,8 hr,4,É M,Low,003016108008,5346031
5346,03,2,fluoxetine hydrochloride,Human,Male,8 hr,4,É M,Low,003016108009,5346032
5346,04,1,fluoxetine hydrochloride,Human,Male,24 hr,4,É M,Low,003016108016,5346041
5346,04,2,fluoxetine hydrochloride,Human,Male,24 hr,4,É M,Low,003016108017,5346042
5346,05,1,fluoxetine hydrochloride,Human,Male,8 hr,8,É M,Middle,003016108010,5346051
5346,05,2,fluoxetine hydrochloride,Human,Male,8 hr,8,É M,Middle,003016108011,5346052
5346,06,1,fluoxetine hydrochloride,Human,Male,24 hr,8,É M,Middle,003016108018,5346061
5346,06,2,fluoxetine hydrochloride,Human,Male,24 hr,8,É M,Middle,003016108019,5346062
5346,07,1,fluoxetine hydrochloride,Human,Male,8 hr,20,É M,High,003016108012,5346071
5346,07,2,fluoxetine hydrochloride,Human,Male,8 hr,20,É M,High,003016108013,5346072
5346,08,1,fluoxetine hydrochloride,Human,Male,24 hr,20,É M,High,003016108020,5346081
5346,08,2,fluoxetine hydrochloride,Human,Male,24 hr,20,É M,High,003016108021,5346082
5347,01,1,dexamethasone,Human,Male,8 hr,0,É M,Control,003016108022,5347011
5347,01,2,dexamethasone,Human,Male,8 hr,0,É M,Control,003016108023,5347012
5347,02,1,dexamethasone,Human,Male,24 hr,0,É M,Control,003016109002,5347021
5347,02,2,dexamethasone,Human,Male,24 hr,0,É M,Control,003016109003,5347022
5347,05,1,dexamethasone,Human,Male,8 hr,12,É M,Low,003016108026,5347051
5347,05,2,dexamethasone,Human,Male,8 hr,12,É M,Low,003016108027,5347052
5347,06,1,dexamethasone,Human,Male,24 hr,12,É M,Low,003016109006,5347061
5347,06,2,dexamethasone,Human,Male,24 hr,12,É M,Low,003016109007,5347062
5347,07,1,dexamethasone,Human,Male,8 hr,60,É M,Middle,003016108028,5347071
5347,07,2,dexamethasone,Human,Male,8 hr,60,É M,Middle,003016108029,5347072
5347,08,1,dexamethasone,Human,Male,24 hr,60,É M,Middle,003016109008,5347081
5347,08,2,dexamethasone,Human,Male,24 hr,60,É M,Middle,003016109009,5347082
5347,09,1,dexamethasone,Human,Male,8 hr,300,É M,High,003016108030,5347091
5347,09,2,dexamethasone,Human,Male,8 hr,300,É M,High,003016109001,5347092
5347,10,1,dexamethasone,Human,Male,24 hr,300,É M,High,003016109010,5347101
5347,10,2,dexamethasone,Human,Male,24 hr,300,É M,High,003016109011,5347102
5348,01,1,rosiglitazone maleate,Human,Male,8 hr,0,É g/kg,Control,003016109012,5348011
5348,01,2,rosiglitazone maleate,Human,Male,8 hr,0,É g/kg,Control,003016109013,5348012
5348,02,1,rosiglitazone maleate,Human,Male,24 hr,0,É g/kg,Control,003016109022,5348021
5348,02,2,rosiglitazone maleate,Human,Male,24 hr,0,É g/kg,Control,003016109023,5348022
5348,05,1,rosiglitazone maleate,Human,Male,8 hr,12,É g/kg,Low,003016109016,5348051
5348,05,2,rosiglitazone maleate,Human,Male,8 hr,12,É g/kg,Low,003016109017,5348052
5348,06,1,rosiglitazone maleate,Human,Male,24 hr,12,É g/kg,Low,003016109026,5348061
5348,06,2,rosiglitazone maleate,Human,Male,24 hr,12,É g/kg,Low,003016109027,5348062
5348,07,1,rosiglitazone maleate,Human,Male,8 hr,60,É g/kg,Middle,003016109018,5348071
5348,07,2,rosiglitazone maleate,Human,Male,8 hr,60,É g/kg,Middle,003016109019,5348072
5348,08,1,rosiglitazone maleate,Human,Male,24 hr,60,É g/kg,Middle,003016109028,5348081
5348,08,2,rosiglitazone maleate,Human,Male,24 hr,60,É g/kg,Middle,003016109029,5348082
5348,09,1,rosiglitazone maleate,Human,Male,8 hr,300,É g/kg,High,003016109020,5348091
5348,09,2,rosiglitazone maleate,Human,Male,8 hr,300,É g/kg,High,003016109021,5348092
5348,10,1,rosiglitazone maleate,Human,Male,24 hr,300,É g/kg,High,003016109030,5348101
5348,10,2,rosiglitazone maleate,Human,Male,24 hr,300,É g/kg,High,003016110001,5348102
5351,01,1,N-nitrosomorpholine,Human,Male,8 hr,0,É M,Control,003016113004,5351011
5351,01,2,N-nitrosomorpholine,Human,Male,8 hr,0,É M,Control,003016113005,5351012
5351,02,1,N-nitrosomorpholine,Human,Male,24 hr,0,É M,Control,003016113012,5351021
5351,02,2,N-nitrosomorpholine,Human,Male,24 hr,0,É M,Control,003016113013,5351022
5351,03,1,N-nitrosomorpholine,Human,Male,8 hr,400,É M,Low,003016113006,5351031
5351,03,2,N-nitrosomorpholine,Human,Male,8 hr,400,É M,Low,003016113007,5351032
5351,04,1,N-nitrosomorpholine,Human,Male,24 hr,400,É M,Low,003016113014,5351041
5351,04,2,N-nitrosomorpholine,Human,Male,24 hr,400,É M,Low,003016113015,5351042
5351,05,1,N-nitrosomorpholine,Human,Male,8 hr,2000,É M,Middle,003016113008,5351051
5351,05,2,N-nitrosomorpholine,Human,Male,8 hr,2000,É M,Middle,003016113009,5351052
5351,06,1,N-nitrosomorpholine,Human,Male,24 hr,2000,É M,Middle,003016113016,5351061
5351,06,2,N-nitrosomorpholine,Human,Male,24 hr,2000,É M,Middle,003016113017,5351062
5351,07,1,N-nitrosomorpholine,Human,Male,8 hr,10000,É M,High,003016113010,5351071
5351,07,2,N-nitrosomorpholine,Human,Male,8 hr,10000,É M,High,003016113011,5351072
5351,08,1,N-nitrosomorpholine,Human,Male,24 hr,10000,É M,High,003016113018,5351081
5351,08,2,N-nitrosomorpholine,Human,Male,24 hr,10000,É M,High,003016113019,5351082
5352,01,1,propranolol,Human,Male,8 hr,0,É g/kg,Control,003016110002,5352011
5352,01,2,propranolol,Human,Male,8 hr,0,É g/kg,Control,003016110003,5352012
5352,02,1,propranolol,Human,Male,24 hr,0,É g/kg,Control,003016110012,5352021
5352,02,2,propranolol,Human,Male,24 hr,0,É g/kg,Control,003016110013,5352022
5352,05,1,propranolol,Human,Male,8 hr,6,É g/kg,Low,003016110006,5352051
5352,05,2,propranolol,Human,Male,8 hr,6,É g/kg,Low,003016110007,5352052
5352,06,1,propranolol,Human,Male,24 hr,6,É g/kg,Low,003016110016,5352061
5352,06,2,propranolol,Human,Male,24 hr,6,É g/kg,Low,003016110017,5352062
5352,07,1,propranolol,Human,Male,8 hr,30,É g/kg,Middle,003016110008,5352071
5352,07,2,propranolol,Human,Male,8 hr,30,É g/kg,Middle,003016110009,5352072
5352,08,1,propranolol,Human,Male,24 hr,30,É g/kg,Middle,003016110018,5352081
5352,08,2,propranolol,Human,Male,24 hr,30,É g/kg,Middle,003016110019,5352082
5352,09,1,propranolol,Human,Male,8 hr,100,É g/kg,High,003016110010,5352091
5352,09,2,propranolol,Human,Male,8 hr,100,É g/kg,High,003016110011,5352092
5352,10,1,propranolol,Human,Male,24 hr,100,É g/kg,High,003016110020,5352101
5352,10,2,propranolol,Human,Male,24 hr,100,É g/kg,High,003016110021,5352102
5353,01,1,2-nitrofluorene,Human,Male,8 hr,0,É M,Control,003016110022,5353011
5353,01,2,2-nitrofluorene,Human,Male,8 hr,0,É M,Control,003016110023,5353012
5353,02,1,2-nitrofluorene,Human,Male,24 hr,0,É M,Control,003016111002,5353021
5353,02,2,2-nitrofluorene,Human,Male,24 hr,0,É M,Control,003016111003,5353022
5353,05,1,2-nitrofluorene,Human,Male,8 hr,4,É M,Low,003016110026,5353051
5353,05,2,2-nitrofluorene,Human,Male,8 hr,4,É M,Low,003016110027,5353052
5353,06,1,2-nitrofluorene,Human,Male,24 hr,4,É M,Low,003016111006,5353061
5353,06,2,2-nitrofluorene,Human,Male,24 hr,4,É M,Low,003016111007,5353062
5353,07,1,2-nitrofluorene,Human,Male,8 hr,20,É M,Middle,003016110028,5353071
5353,07,2,2-nitrofluorene,Human,Male,8 hr,20,É M,Middle,003016110029,5353072
5353,08,1,2-nitrofluorene,Human,Male,24 hr,20,É M,Middle,003016111008,5353081
5353,08,2,2-nitrofluorene,Human,Male,24 hr,20,É M,Middle,003016111009,5353082
5353,09,1,2-nitrofluorene,Human,Male,8 hr,100,É M,High,003016110030,5353091
5353,09,2,2-nitrofluorene,Human,Male,8 hr,100,É M,High,003016111001,5353092
5353,10,1,2-nitrofluorene,Human,Male,24 hr,100,É M,High,003016111010,5353101
5353,10,2,2-nitrofluorene,Human,Male,24 hr,100,É M,High,003016111011,5353102
5354,01,1,N-methyl-N-nitrosourea,Human,Male,8 hr,0,É M,Control,003016111028,5354011
5354,01,2,N-methyl-N-nitrosourea,Human,Male,8 hr,0,É M,Control,003016111029,5354012
5354,02,1,N-methyl-N-nitrosourea,Human,Male,24 hr,0,É M,Control,003016112008,5354021
5354,02,2,N-methyl-N-nitrosourea,Human,Male,24 hr,0,É M,Control,003016112009,5354022
5354,05,1,N-methyl-N-nitrosourea,Human,Male,8 hr,1200,É M,Low,003016112002,5354051
5354,05,2,N-methyl-N-nitrosourea,Human,Male,8 hr,1200,É M,Low,003016112003,5354052
5354,06,1,N-methyl-N-nitrosourea,Human,Male,24 hr,1200,É M,Low,003016112012,5354061
5354,06,2,N-methyl-N-nitrosourea,Human,Male,24 hr,1200,É M,Low,003016112013,5354062
5354,07,1,N-methyl-N-nitrosourea,Human,Male,8 hr,6000,É M,Middle,003016112004,5354071
5354,07,2,N-methyl-N-nitrosourea,Human,Male,8 hr,6000,É M,Middle,003016112005,5354072
5354,08,1,N-methyl-N-nitrosourea,Human,Male,24 hr,6000,É M,Middle,003016112014,5354081
5354,08,2,N-methyl-N-nitrosourea,Human,Male,24 hr,6000,É M,Middle,003016112015,5354082
5354,09,1,N-methyl-N-nitrosourea,Human,Male,8 hr,10000,É M,High,003016112006,5354091
5354,09,2,N-methyl-N-nitrosourea,Human,Male,8 hr,10000,É M,High,003016112007,5354092
5354,10,1,N-methyl-N-nitrosourea,Human,Male,24 hr,10000,É M,High,003016112016,5354101
5354,10,2,N-methyl-N-nitrosourea,Human,Male,24 hr,10000,É M,High,003016112017,5354102
5355,01,1,aflatoxin B1,Human,Male,8 hr,0,É g/mL,Control,003016111012,5355011
5355,01,2,aflatoxin B1,Human,Male,8 hr,0,É g/mL,Control,003016111013,5355012
5355,02,1,aflatoxin B1,Human,Male,24 hr,0,É g/mL,Control,003016111020,5355021
5355,02,2,aflatoxin B1,Human,Male,24 hr,0,É g/mL,Control,003016111021,5355022
5355,03,1,aflatoxin B1,Human,Male,8 hr,0,É g/mL,Low,003016111014,5355031
5355,03,2,aflatoxin B1,Human,Male,8 hr,0,É g/mL,Low,003016111015,5355032
5355,04,1,aflatoxin B1,Human,Male,24 hr,0,É g/mL,Low,003016111022,5355041
5355,04,2,aflatoxin B1,Human,Male,24 hr,0,É g/mL,Low,003016111023,5355042
5355,05,1,aflatoxin B1,Human,Male,8 hr,1,É g/mL,Middle,003016111016,5355051
5355,05,2,aflatoxin B1,Human,Male,8 hr,1,É g/mL,Middle,003016111017,5355052
5355,06,1,aflatoxin B1,Human,Male,24 hr,1,É g/mL,Middle,003016111024,5355061
5355,06,2,aflatoxin B1,Human,Male,24 hr,1,É g/mL,Middle,003016111025,5355062
5355,07,1,aflatoxin B1,Human,Male,8 hr,6,É g/mL,High,003016111018,5355071
5355,07,2,aflatoxin B1,Human,Male,8 hr,6,É g/mL,High,003016111019,5355072
5355,08,1,aflatoxin B1,Human,Male,24 hr,6,É g/mL,High,003016111026,5355081
5355,08,2,aflatoxin B1,Human,Male,24 hr,6,É g/mL,High,003016111027,5355082
5356,01,1,acetamide,Human,Male,8 hr,0,É M,Control,003016112018,5356011
5356,01,2,acetamide,Human,Male,8 hr,0,É M,Control,003016112019,5356012
5356,02,1,acetamide,Human,Male,24 hr,0,É M,Control,003016112026,5356021
5356,02,2,acetamide,Human,Male,24 hr,0,É M,Control,003016112027,5356022
5356,03,1,acetamide,Human,Male,8 hr,400,É M,Low,003016112020,5356031
5356,03,2,acetamide,Human,Male,8 hr,400,É M,Low,003016112021,5356032
5356,04,1,acetamide,Human,Male,24 hr,400,É M,Low,003016112028,5356041
5356,04,2,acetamide,Human,Male,24 hr,400,É M,Low,003016112029,5356042
5356,05,1,acetamide,Human,Male,8 hr,2000,É M,Middle,003016112022,5356051
5356,05,2,acetamide,Human,Male,8 hr,2000,É M,Middle,003016112023,5356052
5356,06,1,acetamide,Human,Male,24 hr,2000,É M,Middle,003016112030,5356061
5356,06,2,acetamide,Human,Male,24 hr,2000,É M,Middle,003016113001,5356062
5356,07,1,acetamide,Human,Male,8 hr,10000,É M,High,003016112024,5356071
5356,07,2,acetamide,Human,Male,8 hr,10000,É M,High,003016112025,5356072
5356,08,1,acetamide,Human,Male,24 hr,10000,É M,High,003016113002,5356081
5356,08,2,acetamide,Human,Male,24 hr,10000,É M,High,003016113003,5356082
