EXP_ID,GROUP_ID,INDIVIDUAL_ID,COMPOUND_NAME,SPECIES,SEX_TYPE,SACRIFICE_PERIOD,DOSE,DOSE_UNIT,DOSE_LEVEL,DNA(%),LDH(%)
5004,01,1,acetaminophen,Rat,Male,2 hr,0,É M,Control,102.0,99.6
5004,01,2,acetaminophen,Rat,Male,2 hr,0,É M,Control,98.0,100.4
5004,03,1,acetaminophen,Rat,Male,8 hr,0,É M,Control,100.1,100.5
5004,03,2,acetaminophen,Rat,Male,8 hr,0,É M,Control,99.9,99.5
5004,04,1,acetaminophen,Rat,Male,24 hr,0,É M,Control,96.4,101.0
5004,04,2,acetaminophen,Rat,Male,24 hr,0,É M,Control,103.6,99.0
5004,16,1,acetaminophen,Rat,Male,2 hr,1000,É M,Low,93.9,101.0
5004,16,2,acetaminophen,Rat,Male,2 hr,1000,É M,Low,90.0,101.3
5004,18,1,acetaminophen,Rat,Male,8 hr,1000,É M,Low,98.1,99.6
5004,18,2,acetaminophen,Rat,Male,8 hr,1000,É M,Low,96.4,96.5
5004,19,1,acetaminophen,Rat,Male,24 hr,1000,É M,Low,95.7,100.9
5004,19,2,acetaminophen,Rat,Male,24 hr,1000,É M,Low,98.3,98.5
5004,21,1,acetaminophen,Rat,Male,2 hr,3000,É M,Middle,94.4,100.5
5004,21,2,acetaminophen,Rat,Male,2 hr,3000,É M,Middle,99.1,100.9
5004,23,1,acetaminophen,Rat,Male,8 hr,3000,É M,Middle,100.9,96.9
5004,23,2,acetaminophen,Rat,Male,8 hr,3000,É M,Middle,103.3,95.3
5004,24,1,acetaminophen,Rat,Male,24 hr,3000,É M,Middle,105.8,96.1
5004,24,2,acetaminophen,Rat,Male,24 hr,3000,É M,Middle,99.7,94.3
5004,26,1,acetaminophen,Rat,Male,2 hr,10000,É M,High,101.4,103.7
5004,26,2,acetaminophen,Rat,Male,2 hr,10000,É M,High,97.2,103.6
5004,28,1,acetaminophen,Rat,Male,8 hr,10000,É M,High,100.7,106.2
5004,28,2,acetaminophen,Rat,Male,8 hr,10000,É M,High,104.3,105.1
5004,29,1,acetaminophen,Rat,Male,24 hr,10000,É M,High,100.9,106.8
5004,29,2,acetaminophen,Rat,Male,24 hr,10000,É M,High,100.4,104.8
5005,01,1,carbon tetrachloride,Rat,Male,2 hr,0,É M,Control,103.7,99.8
5005,01,2,carbon tetrachloride,Rat,Male,2 hr,0,É M,Control,96.3,100.2
5005,03,1,carbon tetrachloride,Rat,Male,8 hr,0,É M,Control,100.9,99.9
5005,03,2,carbon tetrachloride,Rat,Male,8 hr,0,É M,Control,99.1,100.1
5005,04,1,carbon tetrachloride,Rat,Male,24 hr,0,É M,Control,100.5,99.4
5005,04,2,carbon tetrachloride,Rat,Male,24 hr,0,É M,Control,99.5,100.6
5005,16,1,carbon tetrachloride,Rat,Male,2 hr,1000,É M,Low,91.9,99.9
5005,16,2,carbon tetrachloride,Rat,Male,2 hr,1000,É M,Low,85.4,100.8
5005,18,1,carbon tetrachloride,Rat,Male,8 hr,1000,É M,Low,65.2,100.3
5005,18,2,carbon tetrachloride,Rat,Male,8 hr,1000,É M,Low,93.6,100.2
5005,19,1,carbon tetrachloride,Rat,Male,24 hr,1000,É M,Low,101.5,101.7
5005,19,2,carbon tetrachloride,Rat,Male,24 hr,1000,É M,Low,91.9,102.7
5005,21,1,carbon tetrachloride,Rat,Male,2 hr,3000,É M,Middle,88.8,100.3
5005,21,2,carbon tetrachloride,Rat,Male,2 hr,3000,É M,Middle,86.1,100.6
5005,23,1,carbon tetrachloride,Rat,Male,8 hr,3000,É M,Middle,102.4,100.7
5005,23,2,carbon tetrachloride,Rat,Male,8 hr,3000,É M,Middle,92.8,100.1
5005,24,1,carbon tetrachloride,Rat,Male,24 hr,3000,É M,Middle,97.3,101.2
5005,24,2,carbon tetrachloride,Rat,Male,24 hr,3000,É M,Middle,90.1,103.1
5005,26,1,carbon tetrachloride,Rat,Male,2 hr,10000,É M,High,,58.3
5005,26,2,carbon tetrachloride,Rat,Male,2 hr,10000,É M,High,,57.0
5005,28,1,carbon tetrachloride,Rat,Male,8 hr,10000,É M,High,60.3,36.7
5005,28,2,carbon tetrachloride,Rat,Male,8 hr,10000,É M,High,61.2,34.5
5005,29,1,carbon tetrachloride,Rat,Male,24 hr,10000,É M,High,,52.9
5005,29,2,carbon tetrachloride,Rat,Male,24 hr,10000,É M,High,,52.3
5006,01,1,phenobarbital,Rat,Male,2 hr,0,É M,Control,98.2,99.9
5006,01,2,phenobarbital,Rat,Male,2 hr,0,É M,Control,101.8,100.1
5006,03,1,phenobarbital,Rat,Male,8 hr,0,É M,Control,98.6,100.0
5006,03,2,phenobarbital,Rat,Male,8 hr,0,É M,Control,101.4,100.0
5006,04,1,phenobarbital,Rat,Male,24 hr,0,É M,Control,98.3,99.9
5006,04,2,phenobarbital,Rat,Male,24 hr,0,É M,Control,101.7,100.1
5006,16,1,phenobarbital,Rat,Male,2 hr,1000,É M,Low,84.6,99.9
5006,16,2,phenobarbital,Rat,Male,2 hr,1000,É M,Low,85.3,99.4
5006,18,1,phenobarbital,Rat,Male,8 hr,1000,É M,Low,96.1,100.1
5006,18,2,phenobarbital,Rat,Male,8 hr,1000,É M,Low,101.4,99.9
5006,19,1,phenobarbital,Rat,Male,24 hr,1000,É M,Low,108.7,98.9
5006,19,2,phenobarbital,Rat,Male,24 hr,1000,É M,Low,100.9,99.6
5006,21,1,phenobarbital,Rat,Male,2 hr,3000,É M,Middle,90.0,99.7
5006,21,2,phenobarbital,Rat,Male,2 hr,3000,É M,Middle,93.2,99.4
5006,23,1,phenobarbital,Rat,Male,8 hr,3000,É M,Middle,105.5,100.4
5006,23,2,phenobarbital,Rat,Male,8 hr,3000,É M,Middle,108.3,100.0
5006,24,1,phenobarbital,Rat,Male,24 hr,3000,É M,Middle,91.9,99.8
5006,24,2,phenobarbital,Rat,Male,24 hr,3000,É M,Middle,87.7,99.0
5006,26,1,phenobarbital,Rat,Male,2 hr,10000,É M,High,88.6,100.7
5006,26,2,phenobarbital,Rat,Male,2 hr,10000,É M,High,90.3,100.6
5006,28,1,phenobarbital,Rat,Male,8 hr,10000,É M,High,109.8,98.8
5006,28,2,phenobarbital,Rat,Male,8 hr,10000,É M,High,100.3,100.3
5006,29,1,phenobarbital,Rat,Male,24 hr,10000,É M,High,95.5,92.4
5006,29,2,phenobarbital,Rat,Male,24 hr,10000,É M,High,98.3,90.6
5007,01,1,isoniazid,Rat,Male,2 hr,0,É M,Control,93.6,100.0
5007,01,2,isoniazid,Rat,Male,2 hr,0,É M,Control,106.4,100.0
5007,02,1,isoniazid,Rat,Male,8 hr,0,É M,Control,99.7,100.3
5007,02,2,isoniazid,Rat,Male,8 hr,0,É M,Control,100.3,99.7
5007,03,1,isoniazid,Rat,Male,24 hr,0,É M,Control,99.2,99.7
5007,03,2,isoniazid,Rat,Male,24 hr,0,É M,Control,100.8,100.3
5007,04,1,isoniazid,Rat,Male,2 hr,400,É M,Low,104.7,99.9
5007,04,2,isoniazid,Rat,Male,2 hr,400,É M,Low,111.6,100.2
5007,05,1,isoniazid,Rat,Male,8 hr,400,É M,Low,92.6,98.7
5007,05,2,isoniazid,Rat,Male,8 hr,400,É M,Low,88.5,98.4
5007,06,1,isoniazid,Rat,Male,24 hr,400,É M,Low,103.1,101.5
5007,06,2,isoniazid,Rat,Male,24 hr,400,É M,Low,102.8,100.9
5007,07,1,isoniazid,Rat,Male,2 hr,2000,É M,Middle,101.0,99.9
5007,07,2,isoniazid,Rat,Male,2 hr,2000,É M,Middle,105.3,100.5
5007,08,1,isoniazid,Rat,Male,8 hr,2000,É M,Middle,97.9,99.7
5007,08,2,isoniazid,Rat,Male,8 hr,2000,É M,Middle,101.7,100.1
5007,09,1,isoniazid,Rat,Male,24 hr,2000,É M,Middle,103.9,102.6
5007,09,2,isoniazid,Rat,Male,24 hr,2000,É M,Middle,104.1,101.3
5007,10,1,isoniazid,Rat,Male,2 hr,10000,É M,High,120.1,100.6
5007,10,2,isoniazid,Rat,Male,2 hr,10000,É M,High,117.9,100.1
5007,11,1,isoniazid,Rat,Male,8 hr,10000,É M,High,107.1,100.3
5007,11,2,isoniazid,Rat,Male,8 hr,10000,É M,High,97.3,99.6
5007,12,1,isoniazid,Rat,Male,24 hr,10000,É M,High,94.0,101.2
5007,12,2,isoniazid,Rat,Male,24 hr,10000,É M,High,94.2,101.0
5008,01,1,valproic acid,Rat,Male,2 hr,0,É M,Control,98.3,100.1
5008,01,2,valproic acid,Rat,Male,2 hr,0,É M,Control,101.7,99.9
5008,02,1,valproic acid,Rat,Male,8 hr,0,É M,Control,96.8,99.7
5008,02,2,valproic acid,Rat,Male,8 hr,0,É M,Control,103.2,100.3
5008,03,1,valproic acid,Rat,Male,24 hr,0,É M,Control,97.0,100.1
5008,03,2,valproic acid,Rat,Male,24 hr,0,É M,Control,103.0,99.9
5008,04,1,valproic acid,Rat,Male,2 hr,400,É M,Low,106.4,100.7
5008,04,2,valproic acid,Rat,Male,2 hr,400,É M,Low,105.0,100.6
5008,05,1,valproic acid,Rat,Male,8 hr,400,É M,Low,106.8,101.1
5008,05,2,valproic acid,Rat,Male,8 hr,400,É M,Low,107.4,100.4
5008,06,1,valproic acid,Rat,Male,24 hr,400,É M,Low,93.7,100.6
5008,06,2,valproic acid,Rat,Male,24 hr,400,É M,Low,94.4,100.7
5008,07,1,valproic acid,Rat,Male,2 hr,2000,É M,Middle,90.7,100.4
5008,07,2,valproic acid,Rat,Male,2 hr,2000,É M,Middle,100.9,101.0
5008,08,1,valproic acid,Rat,Male,8 hr,2000,É M,Middle,102.7,100.3
5008,08,2,valproic acid,Rat,Male,8 hr,2000,É M,Middle,108.2,100.3
5008,09,1,valproic acid,Rat,Male,24 hr,2000,É M,Middle,91.8,100.2
5008,09,2,valproic acid,Rat,Male,24 hr,2000,É M,Middle,93.9,100.5
5008,10,1,valproic acid,Rat,Male,2 hr,10000,É M,High,110.2,103.8
5008,10,2,valproic acid,Rat,Male,2 hr,10000,É M,High,111.4,103.9
5008,11,1,valproic acid,Rat,Male,8 hr,10000,É M,High,107.6,104.0
5008,11,2,valproic acid,Rat,Male,8 hr,10000,É M,High,112.9,103.7
5008,12,1,valproic acid,Rat,Male,24 hr,10000,É M,High,80.5,106.6
5008,12,2,valproic acid,Rat,Male,24 hr,10000,É M,High,85.2,106.0
5009,01,1,clofibrate,Rat,Male,2 hr,0,É M,Control,97.2,99.9
5009,01,2,clofibrate,Rat,Male,2 hr,0,É M,Control,102.8,100.1
5009,02,1,clofibrate,Rat,Male,8 hr,0,É M,Control,99.6,100.1
5009,02,2,clofibrate,Rat,Male,8 hr,0,É M,Control,100.4,99.9
5009,03,1,clofibrate,Rat,Male,24 hr,0,É M,Control,99.5,99.7
5009,03,2,clofibrate,Rat,Male,24 hr,0,É M,Control,100.5,100.3
5009,04,1,clofibrate,Rat,Male,2 hr,12,É M,Low,102.2,100.9
5009,04,2,clofibrate,Rat,Male,2 hr,12,É M,Low,103.4,100.6
5009,05,1,clofibrate,Rat,Male,8 hr,12,É M,Low,101.8,100.2
5009,05,2,clofibrate,Rat,Male,8 hr,12,É M,Low,97.1,100.1
5009,06,1,clofibrate,Rat,Male,24 hr,12,É M,Low,95.5,100.0
5009,06,2,clofibrate,Rat,Male,24 hr,12,É M,Low,99.2,100.7
5009,07,1,clofibrate,Rat,Male,2 hr,60,É M,Middle,107.0,99.7
5009,07,2,clofibrate,Rat,Male,2 hr,60,É M,Middle,107.3,99.9
5009,08,1,clofibrate,Rat,Male,8 hr,60,É M,Middle,97.8,99.4
5009,08,2,clofibrate,Rat,Male,8 hr,60,É M,Middle,101.1,99.7
5009,09,1,clofibrate,Rat,Male,24 hr,60,É M,Middle,94.3,100.9
5009,09,2,clofibrate,Rat,Male,24 hr,60,É M,Middle,96.8,102.1
5009,10,1,clofibrate,Rat,Male,2 hr,300,É M,High,106.5,99.7
5009,10,2,clofibrate,Rat,Male,2 hr,300,É M,High,109.3,100.1
5009,11,1,clofibrate,Rat,Male,8 hr,300,É M,High,91.2,101.0
5009,11,2,clofibrate,Rat,Male,8 hr,300,É M,High,94.5,100.8
5009,12,1,clofibrate,Rat,Male,24 hr,300,É M,High,95.6,103.7
5009,12,2,clofibrate,Rat,Male,24 hr,300,É M,High,104.6,102.6
5011,01,1,rifampicin,Rat,Male,2 hr,0,É M,Control,101.2,100.0
5011,01,2,rifampicin,Rat,Male,2 hr,0,É M,Control,98.8,100.0
5011,02,1,rifampicin,Rat,Male,8 hr,0,É M,Control,101.8,100.3
5011,02,2,rifampicin,Rat,Male,8 hr,0,É M,Control,98.2,99.7
5011,03,1,rifampicin,Rat,Male,24 hr,0,É M,Control,98.8,100.3
5011,03,2,rifampicin,Rat,Male,24 hr,0,É M,Control,101.2,99.7
5011,04,1,rifampicin,Rat,Male,2 hr,3,É M,Low,103.2,100.4
5011,04,2,rifampicin,Rat,Male,2 hr,3,É M,Low,107.3,100.9
5011,05,1,rifampicin,Rat,Male,8 hr,3,É M,Low,99.9,100.4
5011,05,2,rifampicin,Rat,Male,8 hr,3,É M,Low,94.9,100.5
5011,06,1,rifampicin,Rat,Male,24 hr,3,É M,Low,98.3,99.8
5011,06,2,rifampicin,Rat,Male,24 hr,3,É M,Low,101.0,100.5
5011,07,1,rifampicin,Rat,Male,2 hr,14,É M,Middle,104.1,100.7
5011,07,2,rifampicin,Rat,Male,2 hr,14,É M,Middle,107.7,100.6
5011,08,1,rifampicin,Rat,Male,8 hr,14,É M,Middle,99.9,101.4
5011,08,2,rifampicin,Rat,Male,8 hr,14,É M,Middle,101.6,100.6
5011,09,1,rifampicin,Rat,Male,24 hr,14,É M,Middle,97.9,102.1
5011,09,2,rifampicin,Rat,Male,24 hr,14,É M,Middle,98.2,101.5
5011,10,1,rifampicin,Rat,Male,2 hr,70,É M,High,94.9,99.7
5011,10,2,rifampicin,Rat,Male,2 hr,70,É M,High,103.9,100.3
5011,11,1,rifampicin,Rat,Male,8 hr,70,É M,High,97.5,100.8
5011,11,2,rifampicin,Rat,Male,8 hr,70,É M,High,96.8,100.5
5011,12,1,rifampicin,Rat,Male,24 hr,70,É M,High,86.7,101.2
5011,12,2,rifampicin,Rat,Male,24 hr,70,É M,High,90.9,100.8
5012,01,1,naphthyl isothiocyanate,Rat,Male,2 hr,0,É M,Control,102.4,99.9
5012,01,2,naphthyl isothiocyanate,Rat,Male,2 hr,0,É M,Control,97.6,100.1
5012,02,1,naphthyl isothiocyanate,Rat,Male,8 hr,0,É M,Control,101.8,100.1
5012,02,2,naphthyl isothiocyanate,Rat,Male,8 hr,0,É M,Control,98.2,99.9
5012,03,1,naphthyl isothiocyanate,Rat,Male,24 hr,0,É M,Control,99.0,99.8
5012,03,2,naphthyl isothiocyanate,Rat,Male,24 hr,0,É M,Control,101.0,100.2
5012,04,1,naphthyl isothiocyanate,Rat,Male,2 hr,8,É M,Low,98.9,100.9
5012,04,2,naphthyl isothiocyanate,Rat,Male,2 hr,8,É M,Low,94.4,100.4
5012,05,1,naphthyl isothiocyanate,Rat,Male,8 hr,8,É M,Low,102.0,100.8
5012,05,2,naphthyl isothiocyanate,Rat,Male,8 hr,8,É M,Low,95.5,101.1
5012,06,1,naphthyl isothiocyanate,Rat,Male,24 hr,8,É M,Low,103.5,99.3
5012,06,2,naphthyl isothiocyanate,Rat,Male,24 hr,8,É M,Low,102.4,99.9
5012,07,1,naphthyl isothiocyanate,Rat,Male,2 hr,40,É M,Middle,94.8,100.0
5012,07,2,naphthyl isothiocyanate,Rat,Male,2 hr,40,É M,Middle,99.6,100.4
5012,08,1,naphthyl isothiocyanate,Rat,Male,8 hr,40,É M,Middle,95.5,101.0
5012,08,2,naphthyl isothiocyanate,Rat,Male,8 hr,40,É M,Middle,103.9,101.0
5012,09,1,naphthyl isothiocyanate,Rat,Male,24 hr,40,É M,Middle,96.1,98.9
5012,09,2,naphthyl isothiocyanate,Rat,Male,24 hr,40,É M,Middle,99.7,100.0
5012,10,1,naphthyl isothiocyanate,Rat,Male,2 hr,200,É M,High,90.8,99.9
5012,10,2,naphthyl isothiocyanate,Rat,Male,2 hr,200,É M,High,96.8,100.4
5012,11,1,naphthyl isothiocyanate,Rat,Male,8 hr,200,É M,High,86.9,101.1
5012,11,2,naphthyl isothiocyanate,Rat,Male,8 hr,200,É M,High,90.5,101.1
5012,12,1,naphthyl isothiocyanate,Rat,Male,24 hr,200,É M,High,65.8,56.3
5012,12,2,naphthyl isothiocyanate,Rat,Male,24 hr,200,É M,High,71.7,55.4
5013,01,1,allyl alcohol,Rat,Male,2 hr,0,É M,Control,99.6,99.7
5013,01,2,allyl alcohol,Rat,Male,2 hr,0,É M,Control,100.4,100.3
5013,02,1,allyl alcohol,Rat,Male,8 hr,0,É M,Control,98.6,100.1
5013,02,2,allyl alcohol,Rat,Male,8 hr,0,É M,Control,101.4,99.9
5013,03,1,allyl alcohol,Rat,Male,24 hr,0,É M,Control,97.5,100.2
5013,03,2,allyl alcohol,Rat,Male,24 hr,0,É M,Control,102.5,99.8
5013,04,1,allyl alcohol,Rat,Male,2 hr,1,É M,Low,98.6,100.3
5013,04,2,allyl alcohol,Rat,Male,2 hr,1,É M,Low,96.9,100.3
5013,05,1,allyl alcohol,Rat,Male,8 hr,1,É M,Low,98.3,99.2
5013,05,2,allyl alcohol,Rat,Male,8 hr,1,É M,Low,97.9,98.7
5013,06,1,allyl alcohol,Rat,Male,24 hr,1,É M,Low,95.2,97.8
5013,06,2,allyl alcohol,Rat,Male,24 hr,1,É M,Low,101.8,98.2
5013,07,1,allyl alcohol,Rat,Male,2 hr,4,É M,Middle,94.6,100.2
5013,07,2,allyl alcohol,Rat,Male,2 hr,4,É M,Middle,96.8,100.2
5013,08,1,allyl alcohol,Rat,Male,8 hr,4,É M,Middle,94.1,98.7
5013,08,2,allyl alcohol,Rat,Male,8 hr,4,É M,Middle,97.4,100.0
5013,09,1,allyl alcohol,Rat,Male,24 hr,4,É M,Middle,94.4,97.9
5013,09,2,allyl alcohol,Rat,Male,24 hr,4,É M,Middle,91.1,99.1
5013,10,1,allyl alcohol,Rat,Male,2 hr,20,É M,High,92.3,99.9
5013,10,2,allyl alcohol,Rat,Male,2 hr,20,É M,High,94.9,99.6
5013,11,1,allyl alcohol,Rat,Male,8 hr,20,É M,High,98.7,100.0
5013,11,2,allyl alcohol,Rat,Male,8 hr,20,É M,High,90.2,100.6
5013,12,1,allyl alcohol,Rat,Male,24 hr,20,É M,High,92.6,99.1
5013,12,2,allyl alcohol,Rat,Male,24 hr,20,É M,High,85.8,99.2
5014,01,1,phenylbutazone,Rat,Male,2 hr,0,É M,Control,98.8,100.1
5014,01,2,phenylbutazone,Rat,Male,2 hr,0,É M,Control,101.2,99.9
5014,02,1,phenylbutazone,Rat,Male,8 hr,0,É M,Control,100.4,99.6
5014,02,2,phenylbutazone,Rat,Male,8 hr,0,É M,Control,99.6,100.4
5014,03,1,phenylbutazone,Rat,Male,24 hr,0,É M,Control,96.6,100.2
5014,03,2,phenylbutazone,Rat,Male,24 hr,0,É M,Control,103.4,99.8
5014,04,1,phenylbutazone,Rat,Male,2 hr,16,É M,Low,103.8,99.9
5014,04,2,phenylbutazone,Rat,Male,2 hr,16,É M,Low,100.7,98.8
5014,05,1,phenylbutazone,Rat,Male,8 hr,16,É M,Low,88.7,100.4
5014,05,2,phenylbutazone,Rat,Male,8 hr,16,É M,Low,90.9,99.9
5014,06,1,phenylbutazone,Rat,Male,24 hr,16,É M,Low,99.3,98.9
5014,06,2,phenylbutazone,Rat,Male,24 hr,16,É M,Low,97.2,100.0
5014,07,1,phenylbutazone,Rat,Male,2 hr,80,É M,Middle,98.4,100.2
5014,07,2,phenylbutazone,Rat,Male,2 hr,80,É M,Middle,102.3,100.2
5014,08,1,phenylbutazone,Rat,Male,8 hr,80,É M,Middle,96.0,99.8
5014,08,2,phenylbutazone,Rat,Male,8 hr,80,É M,Middle,98.5,99.0
5014,09,1,phenylbutazone,Rat,Male,24 hr,80,É M,Middle,91.0,100.8
5014,09,2,phenylbutazone,Rat,Male,24 hr,80,É M,Middle,92.9,100.7
5014,10,1,phenylbutazone,Rat,Male,2 hr,400,É M,High,100.2,100.7
5014,10,2,phenylbutazone,Rat,Male,2 hr,400,É M,High,96.5,100.6
5014,11,1,phenylbutazone,Rat,Male,8 hr,400,É M,High,96.1,97.9
5014,11,2,phenylbutazone,Rat,Male,8 hr,400,É M,High,101.5,94.8
5014,12,1,phenylbutazone,Rat,Male,24 hr,400,É M,High,90.6,97.4
5014,12,2,phenylbutazone,Rat,Male,24 hr,400,É M,High,84.3,98.1
5015,01,1,omeprazole,Rat,Male,2 hr,0,É M,Control,99.6,99.9
5015,01,2,omeprazole,Rat,Male,2 hr,0,É M,Control,100.4,100.1
5015,02,1,omeprazole,Rat,Male,8 hr,0,É M,Control,95.4,99.8
5015,02,2,omeprazole,Rat,Male,8 hr,0,É M,Control,104.6,100.2
5015,03,1,omeprazole,Rat,Male,24 hr,0,É M,Control,98.4,99.6
5015,03,2,omeprazole,Rat,Male,24 hr,0,É M,Control,101.6,100.4
5015,04,1,omeprazole,Rat,Male,2 hr,5,É M,Low,100.2,100.7
5015,04,2,omeprazole,Rat,Male,2 hr,5,É M,Low,98.5,99.7
5015,05,1,omeprazole,Rat,Male,8 hr,5,É M,Low,99.5,100.7
5015,05,2,omeprazole,Rat,Male,8 hr,5,É M,Low,104.8,100.5
5015,06,1,omeprazole,Rat,Male,24 hr,5,É M,Low,98.7,100.3
5015,06,2,omeprazole,Rat,Male,24 hr,5,É M,Low,106.1,99.8
5015,07,1,omeprazole,Rat,Male,2 hr,24,É M,Middle,101.7,100.6
5015,07,2,omeprazole,Rat,Male,2 hr,24,É M,Middle,99.0,100.2
5015,08,1,omeprazole,Rat,Male,8 hr,24,É M,Middle,94.4,100.7
5015,08,2,omeprazole,Rat,Male,8 hr,24,É M,Middle,97.0,100.8
5015,09,1,omeprazole,Rat,Male,24 hr,24,É M,Middle,101.8,100.7
5015,09,2,omeprazole,Rat,Male,24 hr,24,É M,Middle,100.8,100.6
5015,10,1,omeprazole,Rat,Male,2 hr,120,É M,High,88.9,100.6
5015,10,2,omeprazole,Rat,Male,2 hr,120,É M,High,94.5,100.5
5015,11,1,omeprazole,Rat,Male,8 hr,120,É M,High,96.4,101.3
5015,11,2,omeprazole,Rat,Male,8 hr,120,É M,High,91.0,101.2
5015,12,1,omeprazole,Rat,Male,24 hr,120,É M,High,100.1,100.6
5015,12,2,omeprazole,Rat,Male,24 hr,120,É M,High,100.7,100.1
5016,01,1,ethionine,Rat,Male,2 hr,0,É M,Control,102.8,99.7
5016,01,2,ethionine,Rat,Male,2 hr,0,É M,Control,97.2,100.3
5016,02,1,ethionine,Rat,Male,8 hr,0,É M,Control,99.6,100.1
5016,02,2,ethionine,Rat,Male,8 hr,0,É M,Control,100.4,99.9
5016,03,1,ethionine,Rat,Male,24 hr,0,É M,Control,99.4,100.0
5016,03,2,ethionine,Rat,Male,24 hr,0,É M,Control,100.6,100.0
5016,04,1,ethionine,Rat,Male,2 hr,400,É M,Low,101.8,99.7
5016,04,2,ethionine,Rat,Male,2 hr,400,É M,Low,101.4,99.8
5016,05,1,ethionine,Rat,Male,8 hr,400,É M,Low,100.3,100.1
5016,05,2,ethionine,Rat,Male,8 hr,400,É M,Low,88.6,100.0
5016,06,1,ethionine,Rat,Male,24 hr,400,É M,Low,95.9,99.4
5016,06,2,ethionine,Rat,Male,24 hr,400,É M,Low,96.1,98.6
5016,07,1,ethionine,Rat,Male,2 hr,2000,É M,Middle,104.7,100.1
5016,07,2,ethionine,Rat,Male,2 hr,2000,É M,Middle,98.6,100.1
5016,08,1,ethionine,Rat,Male,8 hr,2000,É M,Middle,89.8,100.4
5016,08,2,ethionine,Rat,Male,8 hr,2000,É M,Middle,83.8,99.7
5016,09,1,ethionine,Rat,Male,24 hr,2000,É M,Middle,87.7,100.6
5016,09,2,ethionine,Rat,Male,24 hr,2000,É M,Middle,95.8,100.1
5016,10,1,ethionine,Rat,Male,2 hr,10000,É M,High,80.5,99.8
5016,10,2,ethionine,Rat,Male,2 hr,10000,É M,High,93.5,99.7
5016,11,1,ethionine,Rat,Male,8 hr,10000,É M,High,88.9,100.5
5016,11,2,ethionine,Rat,Male,8 hr,10000,É M,High,87.6,100.8
5016,12,1,ethionine,Rat,Male,24 hr,10000,É M,High,83.2,102.1
5016,12,2,ethionine,Rat,Male,24 hr,10000,É M,High,95.6,102.5
5017,01,1,aspirin,Rat,Male,2 hr,0,É M,Control,96.7,99.6
5017,01,2,aspirin,Rat,Male,2 hr,0,É M,Control,103.3,100.4
5017,02,1,aspirin,Rat,Male,8 hr,0,É M,Control,96.4,100.1
5017,02,2,aspirin,Rat,Male,8 hr,0,É M,Control,103.6,99.9
5017,03,1,aspirin,Rat,Male,24 hr,0,É M,Control,102.9,99.8
5017,03,2,aspirin,Rat,Male,24 hr,0,É M,Control,97.1,100.2
5017,04,1,aspirin,Rat,Male,2 hr,120,É M,Low,87.9,100.3
5017,04,2,aspirin,Rat,Male,2 hr,120,É M,Low,93.8,99.6
5017,05,1,aspirin,Rat,Male,8 hr,120,É M,Low,99.9,99.8
5017,05,2,aspirin,Rat,Male,8 hr,120,É M,Low,104.0,100.3
5017,06,1,aspirin,Rat,Male,24 hr,120,É M,Low,99.9,100.2
5017,06,2,aspirin,Rat,Male,24 hr,120,É M,Low,104.9,98.5
5017,07,1,aspirin,Rat,Male,2 hr,600,É M,Middle,90.5,99.6
5017,07,2,aspirin,Rat,Male,2 hr,600,É M,Middle,83.4,99.5
5017,08,1,aspirin,Rat,Male,8 hr,600,É M,Middle,102.0,99.5
5017,08,2,aspirin,Rat,Male,8 hr,600,É M,Middle,99.5,98.8
5017,09,1,aspirin,Rat,Male,24 hr,600,É M,Middle,101.8,99.3
5017,09,2,aspirin,Rat,Male,24 hr,600,É M,Middle,108.9,96.8
5017,10,1,aspirin,Rat,Male,2 hr,3000,É M,High,90.4,99.5
5017,10,2,aspirin,Rat,Male,2 hr,3000,É M,High,87.8,99.8
5017,11,1,aspirin,Rat,Male,8 hr,3000,É M,High,96.3,97.1
5017,11,2,aspirin,Rat,Male,8 hr,3000,É M,High,96.0,97.2
5017,12,1,aspirin,Rat,Male,24 hr,3000,É M,High,94.7,94.0
5017,12,2,aspirin,Rat,Male,24 hr,3000,É M,High,86.6,92.9
5018,01,1,indomethacin,Rat,Male,2 hr,0,É M,Control,101.8,100.0
5018,01,2,indomethacin,Rat,Male,2 hr,0,É M,Control,98.2,100.0
5018,02,1,indomethacin,Rat,Male,8 hr,0,É M,Control,97.9,100.1
5018,02,2,indomethacin,Rat,Male,8 hr,0,É M,Control,102.1,99.9
5018,03,1,indomethacin,Rat,Male,24 hr,0,É M,Control,95.2,99.9
5018,03,2,indomethacin,Rat,Male,24 hr,0,É M,Control,104.8,100.1
5018,04,1,indomethacin,Rat,Male,2 hr,12,É M,Low,103.7,100.0
5018,04,2,indomethacin,Rat,Male,2 hr,12,É M,Low,100.2,99.3
5018,05,1,indomethacin,Rat,Male,8 hr,12,É M,Low,102.1,99.8
5018,05,2,indomethacin,Rat,Male,8 hr,12,É M,Low,108.7,100.0
5018,06,1,indomethacin,Rat,Male,24 hr,12,É M,Low,103.1,99.5
5018,06,2,indomethacin,Rat,Male,24 hr,12,É M,Low,104.5,100.3
5018,07,1,indomethacin,Rat,Male,2 hr,60,É M,Middle,102.7,99.6
5018,07,2,indomethacin,Rat,Male,2 hr,60,É M,Middle,100.6,100.4
5018,08,1,indomethacin,Rat,Male,8 hr,60,É M,Middle,106.3,100.0
5018,08,2,indomethacin,Rat,Male,8 hr,60,É M,Middle,107.3,99.7
5018,09,1,indomethacin,Rat,Male,24 hr,60,É M,Middle,104.1,100.1
5018,09,2,indomethacin,Rat,Male,24 hr,60,É M,Middle,107.3,100.1
5018,10,1,indomethacin,Rat,Male,2 hr,300,É M,High,98.9,100.4
5018,10,2,indomethacin,Rat,Male,2 hr,300,É M,High,98.7,99.9
5018,11,1,indomethacin,Rat,Male,8 hr,300,É M,High,103.3,99.8
5018,11,2,indomethacin,Rat,Male,8 hr,300,É M,High,103.1,99.5
5018,12,1,indomethacin,Rat,Male,24 hr,300,É M,High,97.5,99.9
5018,12,2,indomethacin,Rat,Male,24 hr,300,É M,High,97.7,99.5
5019,01,1,chlorpromazine,Rat,Male,2 hr,0,É M,Control,102.9,100.0
5019,01,2,chlorpromazine,Rat,Male,2 hr,0,É M,Control,97.1,100.0
5019,02,1,chlorpromazine,Rat,Male,8 hr,0,É M,Control,102.5,101.2
5019,02,2,chlorpromazine,Rat,Male,8 hr,0,É M,Control,97.5,98.8
5019,03,1,chlorpromazine,Rat,Male,24 hr,0,É M,Control,101.9,100.3
5019,03,2,chlorpromazine,Rat,Male,24 hr,0,É M,Control,98.1,99.7
5019,04,1,chlorpromazine,Rat,Male,2 hr,1,É M,Low,88.0,99.3
5019,04,2,chlorpromazine,Rat,Male,2 hr,1,É M,Low,98.5,97.0
5019,05,1,chlorpromazine,Rat,Male,8 hr,1,É M,Low,92.0,100.4
5019,05,2,chlorpromazine,Rat,Male,8 hr,1,É M,Low,103.7,100.5
5019,06,1,chlorpromazine,Rat,Male,24 hr,1,É M,Low,94.4,101.0
5019,06,2,chlorpromazine,Rat,Male,24 hr,1,É M,Low,98.1,99.2
5019,07,1,chlorpromazine,Rat,Male,2 hr,4,É M,Middle,84.2,98.0
5019,07,2,chlorpromazine,Rat,Male,2 hr,4,É M,Middle,101.7,98.6
5019,08,1,chlorpromazine,Rat,Male,8 hr,4,É M,Middle,92.0,101.0
5019,08,2,chlorpromazine,Rat,Male,8 hr,4,É M,Middle,99.8,100.7
5019,09,1,chlorpromazine,Rat,Male,24 hr,4,É M,Middle,106.7,99.3
5019,09,2,chlorpromazine,Rat,Male,24 hr,4,É M,Middle,105.5,99.1
5019,10,1,chlorpromazine,Rat,Male,2 hr,20,É M,High,92.9,97.8
5019,10,2,chlorpromazine,Rat,Male,2 hr,20,É M,High,104.4,97.7
5019,11,1,chlorpromazine,Rat,Male,8 hr,20,É M,High,93.6,99.9
5019,11,2,chlorpromazine,Rat,Male,8 hr,20,É M,High,100.1,99.6
5019,12,1,chlorpromazine,Rat,Male,24 hr,20,É M,High,103.8,100.8
5019,12,2,chlorpromazine,Rat,Male,24 hr,20,É M,High,107.5,98.9
5020,01,1,thioacetamide,Rat,Male,2 hr,0,É M,Control,102.1,100.0
5020,01,2,thioacetamide,Rat,Male,2 hr,0,É M,Control,97.9,100.0
5020,02,1,thioacetamide,Rat,Male,8 hr,0,É M,Control,96.4,101.5
5020,02,2,thioacetamide,Rat,Male,8 hr,0,É M,Control,103.6,98.5
5020,03,1,thioacetamide,Rat,Male,24 hr,0,É M,Control,100.2,100.1
5020,03,2,thioacetamide,Rat,Male,24 hr,0,É M,Control,99.8,99.9
5020,04,1,thioacetamide,Rat,Male,2 hr,400,É M,Low,102.3,98.6
5020,04,2,thioacetamide,Rat,Male,2 hr,400,É M,Low,102.0,98.2
5020,05,1,thioacetamide,Rat,Male,8 hr,400,É M,Low,94.7,99.8
5020,05,2,thioacetamide,Rat,Male,8 hr,400,É M,Low,95.6,99.8
5020,06,1,thioacetamide,Rat,Male,24 hr,400,É M,Low,99.4,100.8
5020,06,2,thioacetamide,Rat,Male,24 hr,400,É M,Low,101.9,100.4
5020,07,1,thioacetamide,Rat,Male,2 hr,2000,É M,Middle,97.6,98.6
5020,07,2,thioacetamide,Rat,Male,2 hr,2000,É M,Middle,95.1,98.9
5020,08,1,thioacetamide,Rat,Male,8 hr,2000,É M,Middle,90.2,99.2
5020,08,2,thioacetamide,Rat,Male,8 hr,2000,É M,Middle,94.2,99.4
5020,09,1,thioacetamide,Rat,Male,24 hr,2000,É M,Middle,89.6,100.5
5020,09,2,thioacetamide,Rat,Male,24 hr,2000,É M,Middle,91.5,101.1
5020,10,1,thioacetamide,Rat,Male,2 hr,10000,É M,High,85.2,98.0
5020,10,2,thioacetamide,Rat,Male,2 hr,10000,É M,High,88.5,98.9
5020,11,1,thioacetamide,Rat,Male,8 hr,10000,É M,High,85.9,99.6
5020,11,2,thioacetamide,Rat,Male,8 hr,10000,É M,High,92.7,99.3
5020,12,1,thioacetamide,Rat,Male,24 hr,10000,É M,High,103.7,99.6
5020,12,2,thioacetamide,Rat,Male,24 hr,10000,É M,High,104.2,100.4
5021,01,1,carbamazepine,Rat,Male,2 hr,0,É M,Control,97.8,99.6
5021,01,2,carbamazepine,Rat,Male,2 hr,0,É M,Control,102.2,100.4
5021,02,1,carbamazepine,Rat,Male,8 hr,0,É M,Control,97.4,100.3
5021,02,2,carbamazepine,Rat,Male,8 hr,0,É M,Control,102.6,99.7
5021,03,1,carbamazepine,Rat,Male,24 hr,0,É M,Control,97.4,99.9
5021,03,2,carbamazepine,Rat,Male,24 hr,0,É M,Control,102.6,100.1
5021,04,1,carbamazepine,Rat,Male,2 hr,12,É M,Low,99.6,100.0
5021,04,2,carbamazepine,Rat,Male,2 hr,12,É M,Low,99.7,99.4
5021,05,1,carbamazepine,Rat,Male,8 hr,12,É M,Low,95.4,100.5
5021,05,2,carbamazepine,Rat,Male,8 hr,12,É M,Low,97.0,100.3
5021,06,1,carbamazepine,Rat,Male,24 hr,12,É M,Low,99.5,99.9
5021,06,2,carbamazepine,Rat,Male,24 hr,12,É M,Low,100.3,100.2
5021,07,1,carbamazepine,Rat,Male,2 hr,60,É M,Middle,96.0,99.3
5021,07,2,carbamazepine,Rat,Male,2 hr,60,É M,Middle,95.2,99.6
5021,08,1,carbamazepine,Rat,Male,8 hr,60,É M,Middle,95.5,99.8
5021,08,2,carbamazepine,Rat,Male,8 hr,60,É M,Middle,94.5,100.8
5021,09,1,carbamazepine,Rat,Male,24 hr,60,É M,Middle,100.0,100.5
5021,09,2,carbamazepine,Rat,Male,24 hr,60,É M,Middle,96.3,100.3
5021,10,1,carbamazepine,Rat,Male,2 hr,300,É M,High,93.4,98.9
5021,10,2,carbamazepine,Rat,Male,2 hr,300,É M,High,97.9,100.1
5021,11,1,carbamazepine,Rat,Male,8 hr,300,É M,High,92.6,100.5
5021,11,2,carbamazepine,Rat,Male,8 hr,300,É M,High,95.5,100.4
5021,12,1,carbamazepine,Rat,Male,24 hr,300,É M,High,98.9,101.0
5021,12,2,carbamazepine,Rat,Male,24 hr,300,É M,High,96.5,100.5
5022,01,1,diclofenac,Rat,Male,2 hr,0,É M,Control,99.1,100.1
5022,01,2,diclofenac,Rat,Male,2 hr,0,É M,Control,100.9,99.9
5022,02,1,diclofenac,Rat,Male,8 hr,0,É M,Control,101.0,99.4
5022,02,2,diclofenac,Rat,Male,8 hr,0,É M,Control,99.0,100.6
5022,03,1,diclofenac,Rat,Male,24 hr,0,É M,Control,98.7,99.3
5022,03,2,diclofenac,Rat,Male,24 hr,0,É M,Control,101.3,100.7
5022,04,1,diclofenac,Rat,Male,2 hr,16,É M,Low,96.6,100.0
5022,04,2,diclofenac,Rat,Male,2 hr,16,É M,Low,96.9,99.9
5022,05,1,diclofenac,Rat,Male,8 hr,16,É M,Low,96.8,99.1
5022,05,2,diclofenac,Rat,Male,8 hr,16,É M,Low,96.6,99.9
5022,06,1,diclofenac,Rat,Male,24 hr,16,É M,Low,96.6,100.4
5022,06,2,diclofenac,Rat,Male,24 hr,16,É M,Low,94.9,101.2
5022,07,1,diclofenac,Rat,Male,2 hr,80,É M,Middle,98.3,99.5
5022,07,2,diclofenac,Rat,Male,2 hr,80,É M,Middle,102.9,98.7
5022,08,1,diclofenac,Rat,Male,8 hr,80,É M,Middle,89.8,100.1
5022,08,2,diclofenac,Rat,Male,8 hr,80,É M,Middle,86.2,100.0
5022,09,1,diclofenac,Rat,Male,24 hr,80,É M,Middle,90.9,102.1
5022,09,2,diclofenac,Rat,Male,24 hr,80,É M,Middle,92.7,101.2
5022,10,1,diclofenac,Rat,Male,2 hr,400,É M,High,91.2,100.3
5022,10,2,diclofenac,Rat,Male,2 hr,400,É M,High,92.7,100.4
5022,11,1,diclofenac,Rat,Male,8 hr,400,É M,High,77.5,100.3
5022,11,2,diclofenac,Rat,Male,8 hr,400,É M,High,75.3,100.7
5022,12,1,diclofenac,Rat,Male,24 hr,400,É M,High,75.8,100.0
5022,12,2,diclofenac,Rat,Male,24 hr,400,É M,High,78.0,100.8
5026,01,1,nitrofurantoin,Rat,Male,2 hr,0,É M,Control,99.7,99.8
5026,01,2,nitrofurantoin,Rat,Male,2 hr,0,É M,Control,100.3,100.2
5026,02,1,nitrofurantoin,Rat,Male,8 hr,0,É M,Control,111.2,99.7
5026,02,2,nitrofurantoin,Rat,Male,8 hr,0,É M,Control,88.8,100.3
5026,03,1,nitrofurantoin,Rat,Male,24 hr,0,É M,Control,98.8,100.4
5026,03,2,nitrofurantoin,Rat,Male,24 hr,0,É M,Control,101.2,99.6
5026,04,1,nitrofurantoin,Rat,Male,2 hr,5,É M,Low,101.1,100.1
5026,04,2,nitrofurantoin,Rat,Male,2 hr,5,É M,Low,103.3,99.8
5026,05,1,nitrofurantoin,Rat,Male,8 hr,5,É M,Low,97.1,100.1
5026,05,2,nitrofurantoin,Rat,Male,8 hr,5,É M,Low,80.6,101.0
5026,06,1,nitrofurantoin,Rat,Male,24 hr,5,É M,Low,97.6,102.1
5026,06,2,nitrofurantoin,Rat,Male,24 hr,5,É M,Low,94.7,101.8
5026,07,1,nitrofurantoin,Rat,Male,2 hr,25,É M,Middle,106.8,99.2
5026,07,2,nitrofurantoin,Rat,Male,2 hr,25,É M,Middle,98.8,99.8
5026,08,1,nitrofurantoin,Rat,Male,8 hr,25,É M,Middle,101.7,100.4
5026,08,2,nitrofurantoin,Rat,Male,8 hr,25,É M,Middle,87.0,99.8
5026,09,1,nitrofurantoin,Rat,Male,24 hr,25,É M,Middle,109.9,101.2
5026,09,2,nitrofurantoin,Rat,Male,24 hr,25,É M,Middle,101.2,100.9
5026,10,1,nitrofurantoin,Rat,Male,2 hr,125,É M,High,98.6,98.8
5026,10,2,nitrofurantoin,Rat,Male,2 hr,125,É M,High,98.0,98.3
5026,11,1,nitrofurantoin,Rat,Male,8 hr,125,É M,High,104.1,98.5
5026,11,2,nitrofurantoin,Rat,Male,8 hr,125,É M,High,91.2,98.1
5026,12,1,nitrofurantoin,Rat,Male,24 hr,125,É M,High,102.5,99.1
5026,12,2,nitrofurantoin,Rat,Male,24 hr,125,É M,High,112.0,96.7
5027,01,1,benzbromarone,Rat,Male,2 hr,0,É M,Control,94.9,100.0
5027,01,2,benzbromarone,Rat,Male,2 hr,0,É M,Control,105.1,100.0
5027,02,1,benzbromarone,Rat,Male,8 hr,0,É M,Control,102.3,100.6
5027,02,2,benzbromarone,Rat,Male,8 hr,0,É M,Control,97.7,99.4
5027,03,1,benzbromarone,Rat,Male,24 hr,0,É M,Control,106.8,100.0
5027,03,2,benzbromarone,Rat,Male,24 hr,0,É M,Control,93.2,100.0
5027,04,1,benzbromarone,Rat,Male,2 hr,1,É M,Low,100.2,100.9
5027,04,2,benzbromarone,Rat,Male,2 hr,1,É M,Low,96.6,100.6
5027,05,1,benzbromarone,Rat,Male,8 hr,1,É M,Low,97.1,100.2
5027,05,2,benzbromarone,Rat,Male,8 hr,1,É M,Low,101.2,100.3
5027,06,1,benzbromarone,Rat,Male,24 hr,1,É M,Low,105.9,100.9
5027,06,2,benzbromarone,Rat,Male,24 hr,1,É M,Low,107.2,100.0
5027,07,1,benzbromarone,Rat,Male,2 hr,3,É M,Middle,83.8,100.3
5027,07,2,benzbromarone,Rat,Male,2 hr,3,É M,Middle,91.1,99.6
5027,08,1,benzbromarone,Rat,Male,8 hr,3,É M,Middle,102.6,100.6
5027,08,2,benzbromarone,Rat,Male,8 hr,3,É M,Middle,101.4,100.8
5027,09,1,benzbromarone,Rat,Male,24 hr,3,É M,Middle,103.5,101.3
5027,09,2,benzbromarone,Rat,Male,24 hr,3,É M,Middle,102.7,100.4
5027,10,1,benzbromarone,Rat,Male,2 hr,15,É M,High,91.7,100.6
5027,10,2,benzbromarone,Rat,Male,2 hr,15,É M,High,65.2,100.8
5027,11,1,benzbromarone,Rat,Male,8 hr,15,É M,High,100.8,99.7
5027,11,2,benzbromarone,Rat,Male,8 hr,15,É M,High,90.3,99.3
5027,12,1,benzbromarone,Rat,Male,24 hr,15,É M,High,93.9,102.0
5027,12,2,benzbromarone,Rat,Male,24 hr,15,É M,High,106.1,100.7
5028,01,1,hexachlorobenzene,Rat,Male,2 hr,0,É M,Control,95.1,100.4
5028,01,2,hexachlorobenzene,Rat,Male,2 hr,0,É M,Control,104.9,99.6
5028,02,1,hexachlorobenzene,Rat,Male,8 hr,0,É M,Control,99.3,99.5
5028,02,2,hexachlorobenzene,Rat,Male,8 hr,0,É M,Control,100.7,100.5
5028,03,1,hexachlorobenzene,Rat,Male,24 hr,0,É M,Control,95.6,100.9
5028,03,2,hexachlorobenzene,Rat,Male,24 hr,0,É M,Control,104.4,99.1
5028,04,1,hexachlorobenzene,Rat,Male,2 hr,1,É M,Low,92.3,100.4
5028,04,2,hexachlorobenzene,Rat,Male,2 hr,1,É M,Low,98.8,99.0
5028,05,1,hexachlorobenzene,Rat,Male,8 hr,1,É M,Low,100.8,100.5
5028,05,2,hexachlorobenzene,Rat,Male,8 hr,1,É M,Low,105.2,98.9
5028,06,1,hexachlorobenzene,Rat,Male,24 hr,1,É M,Low,98.8,101.7
5028,06,2,hexachlorobenzene,Rat,Male,24 hr,1,É M,Low,94.4,98.5
5028,07,1,hexachlorobenzene,Rat,Male,2 hr,3,É M,Middle,89.9,100.7
5028,07,2,hexachlorobenzene,Rat,Male,2 hr,3,É M,Middle,95.8,100.1
5028,08,1,hexachlorobenzene,Rat,Male,8 hr,3,É M,Middle,102.8,100.7
5028,08,2,hexachlorobenzene,Rat,Male,8 hr,3,É M,Middle,109.0,99.1
5028,09,1,hexachlorobenzene,Rat,Male,24 hr,3,É M,Middle,105.1,100.2
5028,09,2,hexachlorobenzene,Rat,Male,24 hr,3,É M,Middle,108.2,100.2
5028,10,1,hexachlorobenzene,Rat,Male,2 hr,15,É M,High,98.4,101.0
5028,10,2,hexachlorobenzene,Rat,Male,2 hr,15,É M,High,96.8,99.5
5028,11,1,hexachlorobenzene,Rat,Male,8 hr,15,É M,High,104.5,99.5
5028,11,2,hexachlorobenzene,Rat,Male,8 hr,15,É M,High,109.0,98.7
5028,12,1,hexachlorobenzene,Rat,Male,24 hr,15,É M,High,109.0,100.7
5028,12,2,hexachlorobenzene,Rat,Male,24 hr,15,É M,High,113.9,101.1
5029,01,1,diazepam,Rat,Male,2 hr,0,É M,Control,101.2,100.0
5029,01,2,diazepam,Rat,Male,2 hr,0,É M,Control,98.8,100.0
5029,02,1,diazepam,Rat,Male,8 hr,0,É M,Control,100.1,99.4
5029,02,2,diazepam,Rat,Male,8 hr,0,É M,Control,99.9,100.6
5029,03,1,diazepam,Rat,Male,24 hr,0,É M,Control,99.8,100.7
5029,03,2,diazepam,Rat,Male,24 hr,0,É M,Control,100.2,99.3
5029,04,1,diazepam,Rat,Male,2 hr,5,É M,Low,108.8,100.2
5029,04,2,diazepam,Rat,Male,2 hr,5,É M,Low,111.9,100.7
5029,05,1,diazepam,Rat,Male,8 hr,5,É M,Low,102.2,100.8
5029,05,2,diazepam,Rat,Male,8 hr,5,É M,Low,102.9,99.5
5029,06,1,diazepam,Rat,Male,24 hr,5,É M,Low,95.7,101.6
5029,06,2,diazepam,Rat,Male,24 hr,5,É M,Low,103.0,100.8
5029,07,1,diazepam,Rat,Male,2 hr,25,É M,Middle,99.5,100.7
5029,07,2,diazepam,Rat,Male,2 hr,25,É M,Middle,100.2,100.4
5029,08,1,diazepam,Rat,Male,8 hr,25,É M,Middle,99.5,98.9
5029,08,2,diazepam,Rat,Male,8 hr,25,É M,Middle,101.8,99.0
5029,09,1,diazepam,Rat,Male,24 hr,25,É M,Middle,96.4,102.2
5029,09,2,diazepam,Rat,Male,24 hr,25,É M,Middle,98.4,102.2
5029,10,1,diazepam,Rat,Male,2 hr,125,É M,High,94.5,101.1
5029,10,2,diazepam,Rat,Male,2 hr,125,É M,High,96.6,100.9
5029,11,1,diazepam,Rat,Male,8 hr,125,É M,High,103.4,100.0
5029,11,2,diazepam,Rat,Male,8 hr,125,É M,High,106.5,99.1
5029,12,1,diazepam,Rat,Male,24 hr,125,É M,High,91.9,104.5
5029,12,2,diazepam,Rat,Male,24 hr,125,É M,High,97.6,103.0
5030,01,1,cyclophosphamide,Rat,Male,2 hr,0,É M,Control,98.8,99.7
5030,01,2,cyclophosphamide,Rat,Male,2 hr,0,É M,Control,101.2,100.3
5030,02,1,cyclophosphamide,Rat,Male,8 hr,0,É M,Control,99.1,99.3
5030,02,2,cyclophosphamide,Rat,Male,8 hr,0,É M,Control,100.9,100.7
5030,03,1,cyclophosphamide,Rat,Male,24 hr,0,É M,Control,98.6,100.4
5030,03,2,cyclophosphamide,Rat,Male,24 hr,0,É M,Control,101.4,99.6
5030,04,1,cyclophosphamide,Rat,Male,2 hr,8,É M,Low,100.3,99.0
5030,04,2,cyclophosphamide,Rat,Male,2 hr,8,É M,Low,102.5,100.3
5030,05,1,cyclophosphamide,Rat,Male,8 hr,8,É M,Low,94.2,102.4
5030,05,2,cyclophosphamide,Rat,Male,8 hr,8,É M,Low,97.3,103.1
5030,06,1,cyclophosphamide,Rat,Male,24 hr,8,É M,Low,99.6,101.2
5030,06,2,cyclophosphamide,Rat,Male,24 hr,8,É M,Low,104.4,100.8
5030,07,1,cyclophosphamide,Rat,Male,2 hr,40,É M,Middle,101.7,100.1
5030,07,2,cyclophosphamide,Rat,Male,2 hr,40,É M,Middle,102.7,100.6
5030,08,1,cyclophosphamide,Rat,Male,8 hr,40,É M,Middle,95.3,102.8
5030,08,2,cyclophosphamide,Rat,Male,8 hr,40,É M,Middle,101.2,102.4
5030,09,1,cyclophosphamide,Rat,Male,24 hr,40,É M,Middle,99.8,100.4
5030,09,2,cyclophosphamide,Rat,Male,24 hr,40,É M,Middle,103.7,101.4
5030,10,1,cyclophosphamide,Rat,Male,2 hr,200,É M,High,101.2,99.8
5030,10,2,cyclophosphamide,Rat,Male,2 hr,200,É M,High,105.5,100.2
5030,11,1,cyclophosphamide,Rat,Male,8 hr,200,É M,High,97.6,102.0
5030,11,2,cyclophosphamide,Rat,Male,8 hr,200,É M,High,97.2,103.3
5030,12,1,cyclophosphamide,Rat,Male,24 hr,200,É M,High,99.8,102.0
5030,12,2,cyclophosphamide,Rat,Male,24 hr,200,É M,High,104.5,101.4
5031,01,1,methapyrilene,Rat,Male,2 hr,0,É M,Control,96.9,99.7
5031,01,2,methapyrilene,Rat,Male,2 hr,0,É M,Control,103.1,100.3
5031,02,1,methapyrilene,Rat,Male,8 hr,0,É M,Control,98.2,100.4
5031,02,2,methapyrilene,Rat,Male,8 hr,0,É M,Control,101.8,99.6
5031,03,1,methapyrilene,Rat,Male,24 hr,0,É M,Control,99.6,99.9
5031,03,2,methapyrilene,Rat,Male,24 hr,0,É M,Control,100.4,100.1
5031,04,1,methapyrilene,Rat,Male,2 hr,1,É M,Low,98.0,100.1
5031,04,2,methapyrilene,Rat,Male,2 hr,1,É M,Low,105.3,99.9
5031,05,1,methapyrilene,Rat,Male,8 hr,1,É M,Low,103.6,101.4
5031,05,2,methapyrilene,Rat,Male,8 hr,1,É M,Low,105.2,99.6
5031,06,1,methapyrilene,Rat,Male,24 hr,1,É M,Low,98.6,99.1
5031,06,2,methapyrilene,Rat,Male,24 hr,1,É M,Low,100.9,96.5
5031,07,1,methapyrilene,Rat,Male,2 hr,3,É M,Middle,105.6,100.0
5031,07,2,methapyrilene,Rat,Male,2 hr,3,É M,Middle,103.6,99.7
5031,08,1,methapyrilene,Rat,Male,8 hr,3,É M,Middle,96.4,101.5
5031,08,2,methapyrilene,Rat,Male,8 hr,3,É M,Middle,101.4,100.1
5031,09,1,methapyrilene,Rat,Male,24 hr,3,É M,Middle,94.6,99.9
5031,09,2,methapyrilene,Rat,Male,24 hr,3,É M,Middle,100.5,99.1
5031,10,1,methapyrilene,Rat,Male,2 hr,15,É M,High,105.6,100.1
5031,10,2,methapyrilene,Rat,Male,2 hr,15,É M,High,110.9,100.4
5031,11,1,methapyrilene,Rat,Male,8 hr,15,É M,High,92.7,102.3
5031,11,2,methapyrilene,Rat,Male,8 hr,15,É M,High,102.9,99.9
5031,12,1,methapyrilene,Rat,Male,24 hr,15,É M,High,95.3,100.7
5031,12,2,methapyrilene,Rat,Male,24 hr,15,É M,High,107.3,94.1
5032,01,1,phenytoin,Rat,Male,2 hr,0,É M,Control,98.6,99.8
5032,01,2,phenytoin,Rat,Male,2 hr,0,É M,Control,101.4,100.2
5032,02,1,phenytoin,Rat,Male,8 hr,0,É M,Control,99.0,100.2
5032,02,2,phenytoin,Rat,Male,8 hr,0,É M,Control,101.0,99.8
5032,03,1,phenytoin,Rat,Male,24 hr,0,É M,Control,97.0,99.7
5032,03,2,phenytoin,Rat,Male,24 hr,0,É M,Control,103.0,100.3
5032,04,1,phenytoin,Rat,Male,2 hr,2,É M,Low,101.8,100.0
5032,04,2,phenytoin,Rat,Male,2 hr,2,É M,Low,105.1,99.6
5032,05,1,phenytoin,Rat,Male,8 hr,2,É M,Low,100.7,101.1
5032,05,2,phenytoin,Rat,Male,8 hr,2,É M,Low,101.1,100.4
5032,06,1,phenytoin,Rat,Male,24 hr,2,É M,Low,96.8,101.3
5032,06,2,phenytoin,Rat,Male,24 hr,2,É M,Low,102.7,100.3
5032,07,1,phenytoin,Rat,Male,2 hr,12,É M,Middle,102.4,99.6
5032,07,2,phenytoin,Rat,Male,2 hr,12,É M,Middle,105.3,99.6
5032,08,1,phenytoin,Rat,Male,8 hr,12,É M,Middle,93.8,100.5
5032,08,2,phenytoin,Rat,Male,8 hr,12,É M,Middle,96.0,100.0
5032,09,1,phenytoin,Rat,Male,24 hr,12,É M,Middle,95.1,102.4
5032,09,2,phenytoin,Rat,Male,24 hr,12,É M,Middle,96.6,102.6
5032,10,1,phenytoin,Rat,Male,2 hr,60,É M,High,98.5,100.6
5032,10,2,phenytoin,Rat,Male,2 hr,60,É M,High,99.5,99.8
5032,11,1,phenytoin,Rat,Male,8 hr,60,É M,High,94.3,102.9
5032,11,2,phenytoin,Rat,Male,8 hr,60,É M,High,96.3,102.1
5032,12,1,phenytoin,Rat,Male,24 hr,60,É M,High,93.5,103.4
5032,12,2,phenytoin,Rat,Male,24 hr,60,É M,High,95.8,104.4
5033,01,1,coumarin,Rat,Male,2 hr,0,É M,Control,95.0,100.3
5033,01,2,coumarin,Rat,Male,2 hr,0,É M,Control,105.0,99.7
5033,02,1,coumarin,Rat,Male,8 hr,0,É M,Control,97.6,100.3
5033,02,2,coumarin,Rat,Male,8 hr,0,É M,Control,102.4,99.7
5033,03,1,coumarin,Rat,Male,24 hr,0,É M,Control,98.2,100.1
5033,03,2,coumarin,Rat,Male,24 hr,0,É M,Control,101.8,99.9
5033,04,1,coumarin,Rat,Male,2 hr,12,É M,Low,106.1,100.3
5033,04,2,coumarin,Rat,Male,2 hr,12,É M,Low,103.3,100.6
5033,05,1,coumarin,Rat,Male,8 hr,12,É M,Low,106.2,100.1
5033,05,2,coumarin,Rat,Male,8 hr,12,É M,Low,111.2,100.2
5033,06,1,coumarin,Rat,Male,24 hr,12,É M,Low,106.2,100.9
5033,06,2,coumarin,Rat,Male,24 hr,12,É M,Low,104.1,100.1
5033,07,1,coumarin,Rat,Male,2 hr,60,É M,Middle,108.2,100.1
5033,07,2,coumarin,Rat,Male,2 hr,60,É M,Middle,111.4,100.8
5033,08,1,coumarin,Rat,Male,8 hr,60,É M,Middle,109.9,100.2
5033,08,2,coumarin,Rat,Male,8 hr,60,É M,Middle,109.2,99.7
5033,09,1,coumarin,Rat,Male,24 hr,60,É M,Middle,105.2,97.8
5033,09,2,coumarin,Rat,Male,24 hr,60,É M,Middle,109.6,97.5
5033,10,1,coumarin,Rat,Male,2 hr,300,É M,High,100.3,99.7
5033,10,2,coumarin,Rat,Male,2 hr,300,É M,High,102.3,101.0
5033,11,1,coumarin,Rat,Male,8 hr,300,É M,High,109.6,98.5
5033,11,2,coumarin,Rat,Male,8 hr,300,É M,High,105.9,98.4
5033,12,1,coumarin,Rat,Male,24 hr,300,É M,High,98.5,95.0
5033,12,2,coumarin,Rat,Male,24 hr,300,É M,High,103.7,95.1
5034,01,1,allopurinol,Rat,Male,2 hr,0,É M,Control,98.2,100.2
5034,01,2,allopurinol,Rat,Male,2 hr,0,É M,Control,101.8,99.8
5034,02,1,allopurinol,Rat,Male,8 hr,0,É M,Control,99.0,99.7
5034,02,2,allopurinol,Rat,Male,8 hr,0,É M,Control,101.0,100.3
5034,03,1,allopurinol,Rat,Male,24 hr,0,É M,Control,97.4,100.4
5034,03,2,allopurinol,Rat,Male,24 hr,0,É M,Control,102.6,99.6
5034,04,1,allopurinol,Rat,Male,2 hr,6,É M,Low,103.4,99.8
5034,04,2,allopurinol,Rat,Male,2 hr,6,É M,Low,103.7,100.3
5034,05,1,allopurinol,Rat,Male,8 hr,6,É M,Low,98.9,101.5
5034,05,2,allopurinol,Rat,Male,8 hr,6,É M,Low,105.0,100.8
5034,06,1,allopurinol,Rat,Male,24 hr,6,É M,Low,100.8,100.5
5034,06,2,allopurinol,Rat,Male,24 hr,6,É M,Low,98.5,100.8
5034,07,1,allopurinol,Rat,Male,2 hr,28,É M,Middle,98.8,99.8
5034,07,2,allopurinol,Rat,Male,2 hr,28,É M,Middle,102.4,100.0
5034,08,1,allopurinol,Rat,Male,8 hr,28,É M,Middle,98.2,101.5
5034,08,2,allopurinol,Rat,Male,8 hr,28,É M,Middle,100.5,101.1
5034,09,1,allopurinol,Rat,Male,24 hr,28,É M,Middle,94.8,101.4
5034,09,2,allopurinol,Rat,Male,24 hr,28,É M,Middle,100.8,101.4
5034,10,1,allopurinol,Rat,Male,2 hr,140,É M,High,98.9,100.0
5034,10,2,allopurinol,Rat,Male,2 hr,140,É M,High,96.4,99.3
5034,11,1,allopurinol,Rat,Male,8 hr,140,É M,High,93.4,100.6
5034,11,2,allopurinol,Rat,Male,8 hr,140,É M,High,97.1,100.9
5034,12,1,allopurinol,Rat,Male,24 hr,140,É M,High,95.6,102.3
5034,12,2,allopurinol,Rat,Male,24 hr,140,É M,High,96.9,101.8
5035,01,1,propylthiouracil,Rat,Male,2 hr,0,É M,Control,98.2,100.3
5035,01,2,propylthiouracil,Rat,Male,2 hr,0,É M,Control,101.8,99.7
5035,02,1,propylthiouracil,Rat,Male,8 hr,0,É M,Control,99.0,100.2
5035,02,2,propylthiouracil,Rat,Male,8 hr,0,É M,Control,101.0,99.8
5035,03,1,propylthiouracil,Rat,Male,24 hr,0,É M,Control,97.6,101.4
5035,03,2,propylthiouracil,Rat,Male,24 hr,0,É M,Control,102.4,98.6
5035,04,1,propylthiouracil,Rat,Male,2 hr,160,É M,Low,106.3,100.0
5035,04,2,propylthiouracil,Rat,Male,2 hr,160,É M,Low,112.2,99.7
5035,05,1,propylthiouracil,Rat,Male,8 hr,160,É M,Low,108.4,98.0
5035,05,2,propylthiouracil,Rat,Male,8 hr,160,É M,Low,113.8,97.8
5035,06,1,propylthiouracil,Rat,Male,24 hr,160,É M,Low,98.2,99.6
5035,06,2,propylthiouracil,Rat,Male,24 hr,160,É M,Low,107.9,97.4
5035,07,1,propylthiouracil,Rat,Male,2 hr,800,É M,Middle,112.2,99.9
5035,07,2,propylthiouracil,Rat,Male,2 hr,800,É M,Middle,115.1,99.0
5035,08,1,propylthiouracil,Rat,Male,8 hr,800,É M,Middle,112.6,96.5
5035,08,2,propylthiouracil,Rat,Male,8 hr,800,É M,Middle,117.5,95.8
5035,09,1,propylthiouracil,Rat,Male,24 hr,800,É M,Middle,103.9,97.8
5035,09,2,propylthiouracil,Rat,Male,24 hr,800,É M,Middle,106.8,95.8
5035,10,1,propylthiouracil,Rat,Male,2 hr,4000,É M,High,115.9,98.0
5035,10,2,propylthiouracil,Rat,Male,2 hr,4000,É M,High,119.0,97.5
5035,11,1,propylthiouracil,Rat,Male,8 hr,4000,É M,High,110.0,94.6
5035,11,2,propylthiouracil,Rat,Male,8 hr,4000,É M,High,114.3,94.0
5035,12,1,propylthiouracil,Rat,Male,24 hr,4000,É M,High,101.0,93.9
5035,12,2,propylthiouracil,Rat,Male,24 hr,4000,É M,High,104.2,91.5
5036,01,1,WY-14643,Rat,Male,2 hr,0,É M,Control,94.9,100.2
5036,01,2,WY-14643,Rat,Male,2 hr,0,É M,Control,105.1,99.8
5036,02,1,WY-14643,Rat,Male,8 hr,0,É M,Control,101.6,99.6
5036,02,2,WY-14643,Rat,Male,8 hr,0,É M,Control,98.4,100.4
5036,03,1,WY-14643,Rat,Male,24 hr,0,É M,Control,98.6,99.0
5036,03,2,WY-14643,Rat,Male,24 hr,0,É M,Control,101.4,101.0
5036,04,1,WY-14643,Rat,Male,2 hr,8,É M,Low,107.0,99.5
5036,04,2,WY-14643,Rat,Male,2 hr,8,É M,Low,114.3,99.8
5036,05,1,WY-14643,Rat,Male,8 hr,8,É M,Low,101.7,99.9
5036,05,2,WY-14643,Rat,Male,8 hr,8,É M,Low,109.6,100.5
5036,06,1,WY-14643,Rat,Male,24 hr,8,É M,Low,103.6,100.7
5036,06,2,WY-14643,Rat,Male,24 hr,8,É M,Low,111.5,100.9
5036,07,1,WY-14643,Rat,Male,2 hr,40,É M,Middle,119.1,100.2
5036,07,2,WY-14643,Rat,Male,2 hr,40,É M,Middle,123.6,99.6
5036,08,1,WY-14643,Rat,Male,8 hr,40,É M,Middle,106.9,100.6
5036,08,2,WY-14643,Rat,Male,8 hr,40,É M,Middle,109.5,101.3
5036,09,1,WY-14643,Rat,Male,24 hr,40,É M,Middle,111.4,102.8
5036,09,2,WY-14643,Rat,Male,24 hr,40,É M,Middle,110.7,102.5
5036,10,1,WY-14643,Rat,Male,2 hr,200,É M,High,109.7,100.2
5036,10,2,WY-14643,Rat,Male,2 hr,200,É M,High,119.1,99.0
5036,11,1,WY-14643,Rat,Male,8 hr,200,É M,High,104.8,98.5
5036,11,2,WY-14643,Rat,Male,8 hr,200,É M,High,105.7,99.6
5036,12,1,WY-14643,Rat,Male,24 hr,200,É M,High,111.3,99.1
5036,12,2,WY-14643,Rat,Male,24 hr,200,É M,High,113.8,99.6
5037,01,1,gemfibrozil,Rat,Male,2 hr,0,É M,Control,94.0,100.2
5037,01,2,gemfibrozil,Rat,Male,2 hr,0,É M,Control,106.0,99.8
5037,02,1,gemfibrozil,Rat,Male,8 hr,0,É M,Control,97.3,99.8
5037,02,2,gemfibrozil,Rat,Male,8 hr,0,É M,Control,102.7,100.2
5037,03,1,gemfibrozil,Rat,Male,24 hr,0,É M,Control,97.0,99.9
5037,03,2,gemfibrozil,Rat,Male,24 hr,0,É M,Control,103.0,100.1
5037,04,1,gemfibrozil,Rat,Male,2 hr,4,É M,Low,96.8,100.1
5037,04,2,gemfibrozil,Rat,Male,2 hr,4,É M,Low,111.1,100.1
5037,05,1,gemfibrozil,Rat,Male,8 hr,4,É M,Low,98.5,100.3
5037,05,2,gemfibrozil,Rat,Male,8 hr,4,É M,Low,108.5,100.3
5037,06,1,gemfibrozil,Rat,Male,24 hr,4,É M,Low,96.9,100.1
5037,06,2,gemfibrozil,Rat,Male,24 hr,4,É M,Low,105.1,100.1
5037,07,1,gemfibrozil,Rat,Male,2 hr,20,É M,Middle,97.9,99.9
5037,07,2,gemfibrozil,Rat,Male,2 hr,20,É M,Middle,104.4,100.5
5037,08,1,gemfibrozil,Rat,Male,8 hr,20,É M,Middle,106.8,99.2
5037,08,2,gemfibrozil,Rat,Male,8 hr,20,É M,Middle,108.7,100.9
5037,09,1,gemfibrozil,Rat,Male,24 hr,20,É M,Middle,106.3,99.9
5037,09,2,gemfibrozil,Rat,Male,24 hr,20,É M,Middle,107.2,100.5
5037,10,1,gemfibrozil,Rat,Male,2 hr,100,É M,High,105.1,99.8
5037,10,2,gemfibrozil,Rat,Male,2 hr,100,É M,High,108.8,99.7
5037,11,1,gemfibrozil,Rat,Male,8 hr,100,É M,High,108.9,100.1
5037,11,2,gemfibrozil,Rat,Male,8 hr,100,É M,High,111.0,100.2
5037,12,1,gemfibrozil,Rat,Male,24 hr,100,É M,High,104.4,101.3
5037,12,2,gemfibrozil,Rat,Male,24 hr,100,É M,High,106.7,101.0
5038,01,1,bromobenzene,Rat,Male,2 hr,0,É M,Control,99.7,100.0
5038,01,2,bromobenzene,Rat,Male,2 hr,0,É M,Control,100.3,100.0
5038,02,1,bromobenzene,Rat,Male,8 hr,0,É M,Control,101.6,99.8
5038,02,2,bromobenzene,Rat,Male,8 hr,0,É M,Control,98.4,100.2
5038,03,1,bromobenzene,Rat,Male,24 hr,0,É M,Control,101.1,99.6
5038,03,2,bromobenzene,Rat,Male,24 hr,0,É M,Control,98.9,100.4
5038,04,1,bromobenzene,Rat,Male,2 hr,8,É M,Low,105.5,100.9
5038,04,2,bromobenzene,Rat,Male,2 hr,8,É M,Low,111.2,101.2
5038,05,1,bromobenzene,Rat,Male,8 hr,8,É M,Low,108.3,99.7
5038,05,2,bromobenzene,Rat,Male,8 hr,8,É M,Low,105.9,99.9
5038,06,1,bromobenzene,Rat,Male,24 hr,8,É M,Low,104.7,99.4
5038,06,2,bromobenzene,Rat,Male,24 hr,8,É M,Low,104.4,99.4
5038,07,1,bromobenzene,Rat,Male,2 hr,40,É M,Middle,117.1,101.7
5038,07,2,bromobenzene,Rat,Male,2 hr,40,É M,Middle,109.5,101.1
5038,08,1,bromobenzene,Rat,Male,8 hr,40,É M,Middle,110.8,99.9
5038,08,2,bromobenzene,Rat,Male,8 hr,40,É M,Middle,112.4,99.2
5038,09,1,bromobenzene,Rat,Male,24 hr,40,É M,Middle,110.4,97.6
5038,09,2,bromobenzene,Rat,Male,24 hr,40,É M,Middle,116.4,96.0
5038,10,1,bromobenzene,Rat,Male,2 hr,200,É M,High,98.1,100.9
5038,10,2,bromobenzene,Rat,Male,2 hr,200,É M,High,101.1,101.2
5038,11,1,bromobenzene,Rat,Male,8 hr,200,É M,High,111.7,98.7
5038,11,2,bromobenzene,Rat,Male,8 hr,200,É M,High,78.9,99.7
5038,12,1,bromobenzene,Rat,Male,24 hr,200,É M,High,98.0,98.7
5038,12,2,bromobenzene,Rat,Male,24 hr,200,É M,High,94.4,97.6
5039,01,1,amiodarone,Rat,Male,2 hr,0,É M,Control,98.2,99.3
5039,01,2,amiodarone,Rat,Male,2 hr,0,É M,Control,101.8,100.7
5039,02,1,amiodarone,Rat,Male,8 hr,0,É M,Control,95.2,100.0
5039,02,2,amiodarone,Rat,Male,8 hr,0,É M,Control,104.8,100.0
5039,03,1,amiodarone,Rat,Male,24 hr,0,É M,Control,101.3,99.3
5039,03,2,amiodarone,Rat,Male,24 hr,0,É M,Control,98.7,100.7
5039,04,1,amiodarone,Rat,Male,2 hr,0,É M,Low,99.3,99.5
5039,04,2,amiodarone,Rat,Male,2 hr,0,É M,Low,96.8,100.2
5039,05,1,amiodarone,Rat,Male,8 hr,0,É M,Low,106.1,100.3
5039,05,2,amiodarone,Rat,Male,8 hr,0,É M,Low,98.9,100.8
5039,06,1,amiodarone,Rat,Male,24 hr,0,É M,Low,100.7,100.8
5039,06,2,amiodarone,Rat,Male,24 hr,0,É M,Low,99.6,98.2
5039,07,1,amiodarone,Rat,Male,2 hr,1,É M,Middle,97.1,99.7
5039,07,2,amiodarone,Rat,Male,2 hr,1,É M,Middle,100.3,100.2
5039,08,1,amiodarone,Rat,Male,8 hr,1,É M,Middle,95.7,99.8
5039,08,2,amiodarone,Rat,Male,8 hr,1,É M,Middle,95.7,99.9
5039,09,1,amiodarone,Rat,Male,24 hr,1,É M,Middle,94.5,98.5
5039,09,2,amiodarone,Rat,Male,24 hr,1,É M,Middle,94.8,98.8
5039,10,1,amiodarone,Rat,Male,2 hr,7,É M,High,94.1,99.5
5039,10,2,amiodarone,Rat,Male,2 hr,7,É M,High,92.2,100.0
5039,11,1,amiodarone,Rat,Male,8 hr,7,É M,High,89.4,98.6
5039,11,2,amiodarone,Rat,Male,8 hr,7,É M,High,92.9,99.1
5039,12,1,amiodarone,Rat,Male,24 hr,7,É M,High,93.9,99.8
5039,12,2,amiodarone,Rat,Male,24 hr,7,É M,High,98.3,98.1
5040,01,1,sulfasalazine,Rat,Male,2 hr,0,É M,Control,97.3,100.1
5040,01,2,sulfasalazine,Rat,Male,2 hr,0,É M,Control,102.7,99.9
5040,02,1,sulfasalazine,Rat,Male,8 hr,0,É M,Control,96.8,99.4
5040,02,2,sulfasalazine,Rat,Male,8 hr,0,É M,Control,103.2,100.6
5040,03,1,sulfasalazine,Rat,Male,24 hr,0,É M,Control,100.0,99.6
5040,03,2,sulfasalazine,Rat,Male,24 hr,0,É M,Control,100.0,100.4
5040,04,1,sulfasalazine,Rat,Male,2 hr,4,É M,Low,97.9,99.5
5040,04,2,sulfasalazine,Rat,Male,2 hr,4,É M,Low,99.0,100.1
5040,05,1,sulfasalazine,Rat,Male,8 hr,4,É M,Low,101.7,98.9
5040,05,2,sulfasalazine,Rat,Male,8 hr,4,É M,Low,104.6,99.6
5040,06,1,sulfasalazine,Rat,Male,24 hr,4,É M,Low,102.3,97.2
5040,06,2,sulfasalazine,Rat,Male,24 hr,4,É M,Low,103.1,98.4
5040,07,1,sulfasalazine,Rat,Male,2 hr,20,É M,Middle,95.4,99.5
5040,07,2,sulfasalazine,Rat,Male,2 hr,20,É M,Middle,106.4,98.9
5040,08,1,sulfasalazine,Rat,Male,8 hr,20,É M,Middle,106.4,99.3
5040,08,2,sulfasalazine,Rat,Male,8 hr,20,É M,Middle,100.7,98.7
5040,09,1,sulfasalazine,Rat,Male,24 hr,20,É M,Middle,100.6,97.4
5040,09,2,sulfasalazine,Rat,Male,24 hr,20,É M,Middle,107.9,99.5
5040,10,1,sulfasalazine,Rat,Male,2 hr,100,É M,High,93.4,100.1
5040,10,2,sulfasalazine,Rat,Male,2 hr,100,É M,High,100.8,99.6
5040,11,1,sulfasalazine,Rat,Male,8 hr,100,É M,High,113.1,98.9
5040,11,2,sulfasalazine,Rat,Male,8 hr,100,É M,High,106.8,99.2
5040,12,1,sulfasalazine,Rat,Male,24 hr,100,É M,High,97.3,98.5
5040,12,2,sulfasalazine,Rat,Male,24 hr,100,É M,High,106.2,96.6
5041,01,1,cimetidine,Rat,Male,2 hr,0,É M,Control,98.4,100.1
5041,01,2,cimetidine,Rat,Male,2 hr,0,É M,Control,101.6,99.9
5041,02,1,cimetidine,Rat,Male,8 hr,0,É M,Control,97.5,100.2
5041,02,2,cimetidine,Rat,Male,8 hr,0,É M,Control,102.5,99.8
5041,03,1,cimetidine,Rat,Male,24 hr,0,É M,Control,97.7,99.4
5041,03,2,cimetidine,Rat,Male,24 hr,0,É M,Control,102.3,100.6
5041,04,1,cimetidine,Rat,Male,2 hr,12,É M,Low,109.4,99.4
5041,04,2,cimetidine,Rat,Male,2 hr,12,É M,Low,110.1,99.4
5041,05,1,cimetidine,Rat,Male,8 hr,12,É M,Low,109.7,97.9
5041,05,2,cimetidine,Rat,Male,8 hr,12,É M,Low,112.1,98.8
5041,06,1,cimetidine,Rat,Male,24 hr,12,É M,Low,104.6,97.0
5041,06,2,cimetidine,Rat,Male,24 hr,12,É M,Low,105.1,97.0
5041,07,1,cimetidine,Rat,Male,2 hr,60,É M,Middle,110.2,99.8
5041,07,2,cimetidine,Rat,Male,2 hr,60,É M,Middle,108.9,100.0
5041,08,1,cimetidine,Rat,Male,8 hr,60,É M,Middle,111.3,98.2
5041,08,2,cimetidine,Rat,Male,8 hr,60,É M,Middle,106.6,100.2
5041,09,1,cimetidine,Rat,Male,24 hr,60,É M,Middle,102.7,97.2
5041,09,2,cimetidine,Rat,Male,24 hr,60,É M,Middle,105.0,99.5
5041,10,1,cimetidine,Rat,Male,2 hr,300,É M,High,116.1,99.3
5041,10,2,cimetidine,Rat,Male,2 hr,300,É M,High,117.4,99.9
5041,11,1,cimetidine,Rat,Male,8 hr,300,É M,High,108.1,100.2
5041,11,2,cimetidine,Rat,Male,8 hr,300,É M,High,115.0,98.9
5041,12,1,cimetidine,Rat,Male,24 hr,300,É M,High,106.6,98.4
5041,12,2,cimetidine,Rat,Male,24 hr,300,É M,High,111.8,96.8
5042,01,1,haloperidol,Rat,Male,2 hr,0,É M,Control,99.8,99.9
5042,01,2,haloperidol,Rat,Male,2 hr,0,É M,Control,100.2,100.1
5042,02,1,haloperidol,Rat,Male,8 hr,0,É M,Control,101.1,100.2
5042,02,2,haloperidol,Rat,Male,8 hr,0,É M,Control,98.9,99.8
5042,03,1,haloperidol,Rat,Male,24 hr,0,É M,Control,99.0,99.8
5042,03,2,haloperidol,Rat,Male,24 hr,0,É M,Control,101.0,100.2
5042,04,1,haloperidol,Rat,Male,2 hr,2,É M,Low,94.8,100.0
5042,04,2,haloperidol,Rat,Male,2 hr,2,É M,Low,94.4,100.8
5042,05,1,haloperidol,Rat,Male,8 hr,2,É M,Low,105.0,98.7
5042,05,2,haloperidol,Rat,Male,8 hr,2,É M,Low,106.1,99.5
5042,06,1,haloperidol,Rat,Male,24 hr,2,É M,Low,103.2,99.6
5042,06,2,haloperidol,Rat,Male,24 hr,2,É M,Low,106.7,98.6
5042,07,1,haloperidol,Rat,Male,2 hr,10,É M,Middle,94.3,101.0
5042,07,2,haloperidol,Rat,Male,2 hr,10,É M,Middle,94.8,101.2
5042,08,1,haloperidol,Rat,Male,8 hr,10,É M,Middle,110.0,99.1
5042,08,2,haloperidol,Rat,Male,8 hr,10,É M,Middle,108.0,99.3
5042,09,1,haloperidol,Rat,Male,24 hr,10,É M,Middle,110.1,98.8
5042,09,2,haloperidol,Rat,Male,24 hr,10,É M,Middle,107.7,98.8
5042,10,1,haloperidol,Rat,Male,2 hr,50,É M,High,93.5,100.9
5042,10,2,haloperidol,Rat,Male,2 hr,50,É M,High,95.5,100.8
5042,11,1,haloperidol,Rat,Male,8 hr,50,É M,High,114.7,97.5
5042,11,2,haloperidol,Rat,Male,8 hr,50,É M,High,114.7,97.3
5042,12,1,haloperidol,Rat,Male,24 hr,50,É M,High,99.8,96.5
5042,12,2,haloperidol,Rat,Male,24 hr,50,É M,High,102.4,95.7
5043,01,1,fluphenazine,Rat,Male,2 hr,0,É M,Control,100.7,99.8
5043,01,2,fluphenazine,Rat,Male,2 hr,0,É M,Control,99.3,100.2
5043,02,1,fluphenazine,Rat,Male,8 hr,0,É M,Control,98.1,100.0
5043,02,2,fluphenazine,Rat,Male,8 hr,0,É M,Control,101.9,100.0
5043,03,1,fluphenazine,Rat,Male,24 hr,0,É M,Control,101.2,99.3
5043,03,2,fluphenazine,Rat,Male,24 hr,0,É M,Control,98.8,100.7
5043,04,1,fluphenazine,Rat,Male,2 hr,1,É M,Low,100.6,100.3
5043,04,2,fluphenazine,Rat,Male,2 hr,1,É M,Low,100.8,100.0
5043,05,1,fluphenazine,Rat,Male,8 hr,1,É M,Low,101.7,99.9
5043,05,2,fluphenazine,Rat,Male,8 hr,1,É M,Low,104.4,100.5
5043,06,1,fluphenazine,Rat,Male,24 hr,1,É M,Low,106.6,96.9
5043,06,2,fluphenazine,Rat,Male,24 hr,1,É M,Low,104.0,98.1
5043,07,1,fluphenazine,Rat,Male,2 hr,6,É M,Middle,98.4,100.0
5043,07,2,fluphenazine,Rat,Male,2 hr,6,É M,Middle,96.1,99.9
5043,08,1,fluphenazine,Rat,Male,8 hr,6,É M,Middle,103.9,100.4
5043,08,2,fluphenazine,Rat,Male,8 hr,6,É M,Middle,103.2,100.7
5043,09,1,fluphenazine,Rat,Male,24 hr,6,É M,Middle,106.7,98.1
5043,09,2,fluphenazine,Rat,Male,24 hr,6,É M,Middle,103.1,98.3
5043,10,1,fluphenazine,Rat,Male,2 hr,30,É M,High,89.5,99.5
5043,10,2,fluphenazine,Rat,Male,2 hr,30,É M,High,97.3,99.9
5043,11,1,fluphenazine,Rat,Male,8 hr,30,É M,High,95.1,100.2
5043,11,2,fluphenazine,Rat,Male,8 hr,30,É M,High,101.8,100.8
5043,12,1,fluphenazine,Rat,Male,24 hr,30,É M,High,102.2,97.7
5043,12,2,fluphenazine,Rat,Male,24 hr,30,É M,High,106.7,99.2
5044,01,1,thioridazine,Rat,Male,2 hr,0,É M,Control,101.4,99.9
5044,01,2,thioridazine,Rat,Male,2 hr,0,É M,Control,98.6,100.1
5044,02,1,thioridazine,Rat,Male,8 hr,0,É M,Control,98.1,99.2
5044,02,2,thioridazine,Rat,Male,8 hr,0,É M,Control,101.9,100.8
5044,03,1,thioridazine,Rat,Male,24 hr,0,É M,Control,98.2,100.3
5044,03,2,thioridazine,Rat,Male,24 hr,0,É M,Control,101.8,99.7
5044,04,1,thioridazine,Rat,Male,2 hr,0,É M,Low,96.5,100.5
5044,04,2,thioridazine,Rat,Male,2 hr,0,É M,Low,92.1,100.9
5044,05,1,thioridazine,Rat,Male,8 hr,0,É M,Low,96.1,100.0
5044,05,2,thioridazine,Rat,Male,8 hr,0,É M,Low,93.3,102.5
5044,06,1,thioridazine,Rat,Male,24 hr,0,É M,Low,93.7,102.1
5044,06,2,thioridazine,Rat,Male,24 hr,0,É M,Low,97.6,101.5
5044,07,1,thioridazine,Rat,Male,2 hr,2,É M,Middle,86.7,100.1
5044,07,2,thioridazine,Rat,Male,2 hr,2,É M,Middle,87.7,101.4
5044,08,1,thioridazine,Rat,Male,8 hr,2,É M,Middle,84.2,104.5
5044,08,2,thioridazine,Rat,Male,8 hr,2,É M,Middle,88.0,104.0
5044,09,1,thioridazine,Rat,Male,24 hr,2,É M,Middle,92.2,106.4
5044,09,2,thioridazine,Rat,Male,24 hr,2,É M,Middle,94.8,104.7
5044,10,1,thioridazine,Rat,Male,2 hr,10,É M,High,83.6,100.5
5044,10,2,thioridazine,Rat,Male,2 hr,10,É M,High,85.6,101.3
5044,11,1,thioridazine,Rat,Male,8 hr,10,É M,High,85.2,103.5
5044,11,2,thioridazine,Rat,Male,8 hr,10,É M,High,87.0,104.0
5044,12,1,thioridazine,Rat,Male,24 hr,10,É M,High,87.9,106.1
5044,12,2,thioridazine,Rat,Male,24 hr,10,É M,High,94.7,104.9
5045,01,1,adapin,Rat,Male,2 hr,0,É M,Control,98.8,100.2
5045,01,2,adapin,Rat,Male,2 hr,0,É M,Control,101.2,99.8
5045,02,1,adapin,Rat,Male,8 hr,0,É M,Control,98.0,99.9
5045,02,2,adapin,Rat,Male,8 hr,0,É M,Control,102.0,100.1
5045,03,1,adapin,Rat,Male,24 hr,0,É M,Control,97.2,100.7
5045,03,2,adapin,Rat,Male,24 hr,0,É M,Control,102.8,99.3
5045,04,1,adapin,Rat,Male,2 hr,3,É M,Low,101.3,100.1
5045,04,2,adapin,Rat,Male,2 hr,3,É M,Low,105.2,100.0
5045,05,1,adapin,Rat,Male,8 hr,3,É M,Low,98.5,100.4
5045,05,2,adapin,Rat,Male,8 hr,3,É M,Low,99.6,100.8
5045,06,1,adapin,Rat,Male,24 hr,3,É M,Low,102.3,100.3
5045,06,2,adapin,Rat,Male,24 hr,3,É M,Low,104.0,100.3
5045,07,1,adapin,Rat,Male,2 hr,15,É M,Middle,104.9,99.8
5045,07,2,adapin,Rat,Male,2 hr,15,É M,Middle,104.3,100.4
5045,08,1,adapin,Rat,Male,8 hr,15,É M,Middle,98.7,100.6
5045,08,2,adapin,Rat,Male,8 hr,15,É M,Middle,99.7,100.6
5045,09,1,adapin,Rat,Male,24 hr,15,É M,Middle,93.4,101.1
5045,09,2,adapin,Rat,Male,24 hr,15,É M,Middle,100.5,101.7
5045,10,1,adapin,Rat,Male,2 hr,75,É M,High,100.4,99.3
5045,10,2,adapin,Rat,Male,2 hr,75,É M,High,107.1,100.0
5045,11,1,adapin,Rat,Male,8 hr,75,É M,High,99.6,97.1
5045,11,2,adapin,Rat,Male,8 hr,75,É M,High,102.9,98.1
5045,12,1,adapin,Rat,Male,24 hr,75,É M,High,89.6,100.5
5045,12,2,adapin,Rat,Male,24 hr,75,É M,High,99.1,99.3
5046,01,1,labetalol,Rat,Male,2 hr,0,É M,Control,95.7,100.1
5046,01,2,labetalol,Rat,Male,2 hr,0,É M,Control,104.3,99.9
5046,02,1,labetalol,Rat,Male,8 hr,0,É M,Control,97.7,101.1
5046,02,2,labetalol,Rat,Male,8 hr,0,É M,Control,102.3,98.9
5046,03,1,labetalol,Rat,Male,24 hr,0,É M,Control,99.2,100.4
5046,03,2,labetalol,Rat,Male,24 hr,0,É M,Control,100.8,99.6
5046,04,1,labetalol,Rat,Male,2 hr,6,É M,Low,104.1,99.9
5046,04,2,labetalol,Rat,Male,2 hr,6,É M,Low,110.3,99.4
5046,05,1,labetalol,Rat,Male,8 hr,6,É M,Low,97.9,101.2
5046,05,2,labetalol,Rat,Male,8 hr,6,É M,Low,97.1,99.4
5046,06,1,labetalol,Rat,Male,24 hr,6,É M,Low,103.3,102.9
5046,06,2,labetalol,Rat,Male,24 hr,6,É M,Low,103.9,99.4
5046,07,1,labetalol,Rat,Male,2 hr,28,É M,Middle,104.2,99.5
5046,07,2,labetalol,Rat,Male,2 hr,28,É M,Middle,95.3,99.0
5046,08,1,labetalol,Rat,Male,8 hr,28,É M,Middle,97.7,102.9
5046,08,2,labetalol,Rat,Male,8 hr,28,É M,Middle,96.1,99.9
5046,09,1,labetalol,Rat,Male,24 hr,28,É M,Middle,103.1,101.4
5046,09,2,labetalol,Rat,Male,24 hr,28,É M,Middle,99.9,100.9
5046,10,1,labetalol,Rat,Male,2 hr,140,É M,High,104.9,97.3
5046,10,2,labetalol,Rat,Male,2 hr,140,É M,High,111.0,97.6
5046,11,1,labetalol,Rat,Male,8 hr,140,É M,High,99.0,101.0
5046,11,2,labetalol,Rat,Male,8 hr,140,É M,High,104.6,99.3
5046,12,1,labetalol,Rat,Male,24 hr,140,É M,High,105.1,102.1
5046,12,2,labetalol,Rat,Male,24 hr,140,É M,High,101.8,100.9
5047,01,1,methyltestosterone,Rat,Male,2 hr,0,É M,Control,99.7,99.9
5047,01,2,methyltestosterone,Rat,Male,2 hr,0,É M,Control,100.3,100.1
5047,02,1,methyltestosterone,Rat,Male,8 hr,0,É M,Control,100.7,99.7
5047,02,2,methyltestosterone,Rat,Male,8 hr,0,É M,Control,99.3,100.3
5047,03,1,methyltestosterone,Rat,Male,24 hr,0,É M,Control,101.0,99.0
5047,03,2,methyltestosterone,Rat,Male,24 hr,0,É M,Control,99.0,101.0
5047,04,1,methyltestosterone,Rat,Male,2 hr,2,É M,Low,104.0,100.0
5047,04,2,methyltestosterone,Rat,Male,2 hr,2,É M,Low,101.7,100.7
5047,05,1,methyltestosterone,Rat,Male,8 hr,2,É M,Low,104.6,98.9
5047,05,2,methyltestosterone,Rat,Male,8 hr,2,É M,Low,104.0,100.2
5047,06,1,methyltestosterone,Rat,Male,24 hr,2,É M,Low,104.2,95.2
5047,06,2,methyltestosterone,Rat,Male,24 hr,2,É M,Low,112.0,98.2
5047,07,1,methyltestosterone,Rat,Male,2 hr,8,É M,Middle,109.5,99.0
5047,07,2,methyltestosterone,Rat,Male,2 hr,8,É M,Middle,110.9,100.0
5047,08,1,methyltestosterone,Rat,Male,8 hr,8,É M,Middle,106.7,95.7
5047,08,2,methyltestosterone,Rat,Male,8 hr,8,É M,Middle,106.2,97.1
5047,09,1,methyltestosterone,Rat,Male,24 hr,8,É M,Middle,106.1,92.7
5047,09,2,methyltestosterone,Rat,Male,24 hr,8,É M,Middle,102.5,95.4
5047,10,1,methyltestosterone,Rat,Male,2 hr,40,É M,High,112.7,98.3
5047,10,2,methyltestosterone,Rat,Male,2 hr,40,É M,High,102.8,98.4
5047,11,1,methyltestosterone,Rat,Male,8 hr,40,É M,High,108.7,96.4
5047,11,2,methyltestosterone,Rat,Male,8 hr,40,É M,High,103.3,94.1
5047,12,1,methyltestosterone,Rat,Male,24 hr,40,É M,High,105.4,94.2
5047,12,2,methyltestosterone,Rat,Male,24 hr,40,É M,High,113.0,93.9
5048,01,1,glibenclamide,Rat,Male,2 hr,0,É M,Control,99.0,100.3
5048,01,2,glibenclamide,Rat,Male,2 hr,0,É M,Control,101.0,99.7
5048,02,1,glibenclamide,Rat,Male,8 hr,0,É M,Control,101.6,99.2
5048,02,2,glibenclamide,Rat,Male,8 hr,0,É M,Control,98.4,100.8
5048,03,1,glibenclamide,Rat,Male,24 hr,0,É M,Control,97.1,99.5
5048,03,2,glibenclamide,Rat,Male,24 hr,0,É M,Control,102.9,100.5
5048,04,1,glibenclamide,Rat,Male,2 hr,2,É M,Low,97.5,100.6
5048,04,2,glibenclamide,Rat,Male,2 hr,2,É M,Low,99.7,100.3
5048,05,1,glibenclamide,Rat,Male,8 hr,2,É M,Low,103.8,98.7
5048,05,2,glibenclamide,Rat,Male,8 hr,2,É M,Low,95.9,99.0
5048,06,1,glibenclamide,Rat,Male,24 hr,2,É M,Low,99.2,100.1
5048,06,2,glibenclamide,Rat,Male,24 hr,2,É M,Low,105.3,101.0
5048,07,1,glibenclamide,Rat,Male,2 hr,12,É M,Middle,97.4,99.7
5048,07,2,glibenclamide,Rat,Male,2 hr,12,É M,Middle,104.1,100.0
5048,08,1,glibenclamide,Rat,Male,8 hr,12,É M,Middle,99.6,97.5
5048,08,2,glibenclamide,Rat,Male,8 hr,12,É M,Middle,98.2,96.4
5048,09,1,glibenclamide,Rat,Male,24 hr,12,É M,Middle,103.9,98.9
5048,09,2,glibenclamide,Rat,Male,24 hr,12,É M,Middle,100.8,100.1
5048,10,1,glibenclamide,Rat,Male,2 hr,60,É M,High,101.6,96.9
5048,10,2,glibenclamide,Rat,Male,2 hr,60,É M,High,103.7,98.0
5048,11,1,glibenclamide,Rat,Male,8 hr,60,É M,High,99.4,95.9
5048,11,2,glibenclamide,Rat,Male,8 hr,60,É M,High,102.5,94.0
5048,12,1,glibenclamide,Rat,Male,24 hr,60,É M,High,100.3,100.8
5048,12,2,glibenclamide,Rat,Male,24 hr,60,É M,High,100.2,101.8
5049,01,1,griseofulvin,Rat,Male,2 hr,0,É M,Control,98.0,100.0
5049,01,2,griseofulvin,Rat,Male,2 hr,0,É M,Control,102.0,100.0
5049,02,1,griseofulvin,Rat,Male,8 hr,0,É M,Control,98.2,100.5
5049,02,2,griseofulvin,Rat,Male,8 hr,0,É M,Control,101.8,99.5
5049,03,1,griseofulvin,Rat,Male,24 hr,0,É M,Control,100.2,100.2
5049,03,2,griseofulvin,Rat,Male,24 hr,0,É M,Control,99.8,99.8
5049,04,1,griseofulvin,Rat,Male,2 hr,1,É M,Low,100.2,100.2
5049,04,2,griseofulvin,Rat,Male,2 hr,1,É M,Low,106.0,99.8
5049,05,1,griseofulvin,Rat,Male,8 hr,1,É M,Low,99.9,100.8
5049,05,2,griseofulvin,Rat,Male,8 hr,1,É M,Low,102.8,99.9
5049,06,1,griseofulvin,Rat,Male,24 hr,1,É M,Low,98.8,101.7
5049,06,2,griseofulvin,Rat,Male,24 hr,1,É M,Low,105.8,101.8
5049,07,1,griseofulvin,Rat,Male,2 hr,6,É M,Middle,98.5,100.7
5049,07,2,griseofulvin,Rat,Male,2 hr,6,É M,Middle,104.1,100.1
5049,08,1,griseofulvin,Rat,Male,8 hr,6,É M,Middle,97.3,100.0
5049,08,2,griseofulvin,Rat,Male,8 hr,6,É M,Middle,98.4,99.8
5049,09,1,griseofulvin,Rat,Male,24 hr,6,É M,Middle,99.4,102.0
5049,09,2,griseofulvin,Rat,Male,24 hr,6,É M,Middle,98.6,101.1
5049,10,1,griseofulvin,Rat,Male,2 hr,30,É M,High,98.0,99.9
5049,10,2,griseofulvin,Rat,Male,2 hr,30,É M,High,101.8,99.4
5049,11,1,griseofulvin,Rat,Male,8 hr,30,É M,High,100.3,99.2
5049,11,2,griseofulvin,Rat,Male,8 hr,30,É M,High,104.7,98.8
5049,12,1,griseofulvin,Rat,Male,24 hr,30,É M,High,94.9,102.0
5049,12,2,griseofulvin,Rat,Male,24 hr,30,É M,High,101.6,100.2
5050,01,1,flutamide,Rat,Male,2 hr,0,É M,Control,99.9,99.9
5050,01,2,flutamide,Rat,Male,2 hr,0,É M,Control,100.1,100.1
5050,02,1,flutamide,Rat,Male,8 hr,0,É M,Control,97.0,99.9
5050,02,2,flutamide,Rat,Male,8 hr,0,É M,Control,103.0,100.1
5050,03,1,flutamide,Rat,Male,24 hr,0,É M,Control,100.7,99.3
5050,03,2,flutamide,Rat,Male,24 hr,0,É M,Control,99.3,100.7
5050,04,1,flutamide,Rat,Male,2 hr,3,É M,Low,99.3,99.7
5050,04,2,flutamide,Rat,Male,2 hr,3,É M,Low,102.1,100.0
5050,05,1,flutamide,Rat,Male,8 hr,3,É M,Low,103.9,100.5
5050,05,2,flutamide,Rat,Male,8 hr,3,É M,Low,106.0,101.0
5050,06,1,flutamide,Rat,Male,24 hr,3,É M,Low,100.6,100.9
5050,06,2,flutamide,Rat,Male,24 hr,3,É M,Low,103.8,100.6
5050,07,1,flutamide,Rat,Male,2 hr,15,É M,Middle,104.4,99.7
5050,07,2,flutamide,Rat,Male,2 hr,15,É M,Middle,103.3,99.2
5050,08,1,flutamide,Rat,Male,8 hr,15,É M,Middle,105.7,99.7
5050,08,2,flutamide,Rat,Male,8 hr,15,É M,Middle,103.5,100.5
5050,09,1,flutamide,Rat,Male,24 hr,15,É M,Middle,100.7,101.7
5050,09,2,flutamide,Rat,Male,24 hr,15,É M,Middle,101.8,101.5
5050,10,1,flutamide,Rat,Male,2 hr,75,É M,High,97.4,98.5
5050,10,2,flutamide,Rat,Male,2 hr,75,É M,High,103.3,99.2
5050,11,1,flutamide,Rat,Male,8 hr,75,É M,High,102.1,98.3
5050,11,2,flutamide,Rat,Male,8 hr,75,É M,High,103.3,99.8
5050,12,1,flutamide,Rat,Male,24 hr,75,É M,High,98.4,101.3
5050,12,2,flutamide,Rat,Male,24 hr,75,É M,High,100.5,100.1
5051,01,1,perhexiline,Rat,Male,2 hr,0,É M,Control,98.1,99.8
5051,01,2,perhexiline,Rat,Male,2 hr,0,É M,Control,101.9,100.2
5051,02,1,perhexiline,Rat,Male,8 hr,0,É M,Control,97.6,100.0
5051,02,2,perhexiline,Rat,Male,8 hr,0,É M,Control,102.4,100.0
5051,03,1,perhexiline,Rat,Male,24 hr,0,É M,Control,97.3,99.8
5051,03,2,perhexiline,Rat,Male,24 hr,0,É M,Control,102.7,100.2
5051,04,1,perhexiline,Rat,Male,2 hr,0,É M,Low,102.5,100.6
5051,04,2,perhexiline,Rat,Male,2 hr,0,É M,Low,99.3,101.0
5051,05,1,perhexiline,Rat,Male,8 hr,0,É M,Low,95.7,99.7
5051,05,2,perhexiline,Rat,Male,8 hr,0,É M,Low,97.4,100.0
5051,06,1,perhexiline,Rat,Male,24 hr,0,É M,Low,96.5,99.3
5051,06,2,perhexiline,Rat,Male,24 hr,0,É M,Low,98.5,100.1
5051,07,1,perhexiline,Rat,Male,2 hr,2,É M,Middle,97.0,101.1
5051,07,2,perhexiline,Rat,Male,2 hr,2,É M,Middle,97.3,100.8
5051,08,1,perhexiline,Rat,Male,8 hr,2,É M,Middle,96.0,98.8
5051,08,2,perhexiline,Rat,Male,8 hr,2,É M,Middle,95.4,99.8
5051,09,1,perhexiline,Rat,Male,24 hr,2,É M,Middle,94.7,98.9
5051,09,2,perhexiline,Rat,Male,24 hr,2,É M,Middle,96.5,99.6
5051,10,1,perhexiline,Rat,Male,2 hr,10,É M,High,98.2,99.8
5051,10,2,perhexiline,Rat,Male,2 hr,10,É M,High,101.7,99.8
5051,11,1,perhexiline,Rat,Male,8 hr,10,É M,High,95.7,98.1
5051,11,2,perhexiline,Rat,Male,8 hr,10,É M,High,95.9,98.8
5051,12,1,perhexiline,Rat,Male,24 hr,10,É M,High,91.3,96.8
5051,12,2,perhexiline,Rat,Male,24 hr,10,É M,High,94.1,97.1
5052,01,1,azathioprine,Rat,Male,2 hr,0,É M,Control,99.9,99.8
5052,01,2,azathioprine,Rat,Male,2 hr,0,É M,Control,100.1,100.2
5052,02,1,azathioprine,Rat,Male,8 hr,0,É M,Control,100.3,99.3
5052,02,2,azathioprine,Rat,Male,8 hr,0,É M,Control,99.7,100.7
5052,03,1,azathioprine,Rat,Male,24 hr,0,É M,Control,100.7,99.9
5052,03,2,azathioprine,Rat,Male,24 hr,0,É M,Control,99.3,100.1
5052,04,1,azathioprine,Rat,Male,2 hr,0,É M,Low,95.5,100.5
5052,04,2,azathioprine,Rat,Male,2 hr,0,É M,Low,101.9,100.1
5052,05,1,azathioprine,Rat,Male,8 hr,0,É M,Low,98.3,99.5
5052,05,2,azathioprine,Rat,Male,8 hr,0,É M,Low,103.4,99.5
5052,06,1,azathioprine,Rat,Male,24 hr,0,É M,Low,96.6,100.3
5052,06,2,azathioprine,Rat,Male,24 hr,0,É M,Low,100.5,100.9
5052,07,1,azathioprine,Rat,Male,2 hr,1,É M,Middle,97.3,100.0
5052,07,2,azathioprine,Rat,Male,2 hr,1,É M,Middle,100.3,100.2
5052,08,1,azathioprine,Rat,Male,8 hr,1,É M,Middle,102.1,99.3
5052,08,2,azathioprine,Rat,Male,8 hr,1,É M,Middle,101.1,100.0
5052,09,1,azathioprine,Rat,Male,24 hr,1,É M,Middle,90.4,98.1
5052,09,2,azathioprine,Rat,Male,24 hr,1,É M,Middle,94.9,97.0
5052,10,1,azathioprine,Rat,Male,2 hr,4,É M,High,94.3,100.3
5052,10,2,azathioprine,Rat,Male,2 hr,4,É M,High,99.7,100.2
5052,11,1,azathioprine,Rat,Male,8 hr,4,É M,High,98.4,98.8
5052,11,2,azathioprine,Rat,Male,8 hr,4,É M,High,100.3,99.7
5052,12,1,azathioprine,Rat,Male,24 hr,4,É M,High,74.1,77.6
5052,12,2,azathioprine,Rat,Male,24 hr,4,É M,High,78.4,80.0
5053,01,1,ketoconazole,Rat,Male,2 hr,0,É M,Control,98.5,99.9
5053,01,2,ketoconazole,Rat,Male,2 hr,0,É M,Control,101.5,100.1
5053,02,1,ketoconazole,Rat,Male,8 hr,0,É M,Control,99.3,99.5
5053,02,2,ketoconazole,Rat,Male,8 hr,0,É M,Control,100.7,100.5
5053,03,1,ketoconazole,Rat,Male,24 hr,0,É M,Control,98.5,99.6
5053,03,2,ketoconazole,Rat,Male,24 hr,0,É M,Control,101.5,100.4
5053,04,1,ketoconazole,Rat,Male,2 hr,1,É M,Low,96.8,98.7
5053,04,2,ketoconazole,Rat,Male,2 hr,1,É M,Low,97.8,99.6
5053,05,1,ketoconazole,Rat,Male,8 hr,1,É M,Low,94.7,99.9
5053,05,2,ketoconazole,Rat,Male,8 hr,1,É M,Low,97.0,101.9
5053,06,1,ketoconazole,Rat,Male,24 hr,1,É M,Low,98.0,98.0
5053,06,2,ketoconazole,Rat,Male,24 hr,1,É M,Low,99.1,99.3
5053,07,1,ketoconazole,Rat,Male,2 hr,3,É M,Middle,94.0,98.0
5053,07,2,ketoconazole,Rat,Male,2 hr,3,É M,Middle,95.7,100.0
5053,08,1,ketoconazole,Rat,Male,8 hr,3,É M,Middle,96.1,100.2
5053,08,2,ketoconazole,Rat,Male,8 hr,3,É M,Middle,93.3,101.5
5053,09,1,ketoconazole,Rat,Male,24 hr,3,É M,Middle,98.2,98.5
5053,09,2,ketoconazole,Rat,Male,24 hr,3,É M,Middle,102.0,99.7
5053,10,1,ketoconazole,Rat,Male,2 hr,15,É M,High,90.9,99.2
5053,10,2,ketoconazole,Rat,Male,2 hr,15,É M,High,98.8,98.5
5053,11,1,ketoconazole,Rat,Male,8 hr,15,É M,High,94.4,99.2
5053,11,2,ketoconazole,Rat,Male,8 hr,15,É M,High,96.2,100.6
5053,12,1,ketoconazole,Rat,Male,24 hr,15,É M,High,93.4,99.8
5053,12,2,ketoconazole,Rat,Male,24 hr,15,É M,High,100.0,100.4
5054,01,1,tetracycline,Rat,Male,2 hr,0,É M,Control,97.3,99.5
5054,01,2,tetracycline,Rat,Male,2 hr,0,É M,Control,102.7,100.5
5054,02,1,tetracycline,Rat,Male,8 hr,0,É M,Control,98.8,99.8
5054,02,2,tetracycline,Rat,Male,8 hr,0,É M,Control,101.2,100.2
5054,03,1,tetracycline,Rat,Male,24 hr,0,É M,Control,97.3,99.3
5054,03,2,tetracycline,Rat,Male,24 hr,0,É M,Control,102.7,100.7
5054,04,1,tetracycline,Rat,Male,2 hr,1,É M,Low,97.4,100.2
5054,04,2,tetracycline,Rat,Male,2 hr,1,É M,Low,99.9,100.2
5054,05,1,tetracycline,Rat,Male,8 hr,1,É M,Low,93.7,100.7
5054,05,2,tetracycline,Rat,Male,8 hr,1,É M,Low,104.5,100.2
5054,06,1,tetracycline,Rat,Male,24 hr,1,É M,Low,102.0,100.3
5054,06,2,tetracycline,Rat,Male,24 hr,1,É M,Low,99.0,101.0
5054,07,1,tetracycline,Rat,Male,2 hr,5,É M,Middle,104.7,99.9
5054,07,2,tetracycline,Rat,Male,2 hr,5,É M,Middle,99.2,100.5
5054,08,1,tetracycline,Rat,Male,8 hr,5,É M,Middle,100.8,98.9
5054,08,2,tetracycline,Rat,Male,8 hr,5,É M,Middle,103.6,99.9
5054,09,1,tetracycline,Rat,Male,24 hr,5,É M,Middle,95.3,101.3
5054,09,2,tetracycline,Rat,Male,24 hr,5,É M,Middle,99.3,102.4
5054,10,1,tetracycline,Rat,Male,2 hr,25,É M,High,96.7,99.8
5054,10,2,tetracycline,Rat,Male,2 hr,25,É M,High,95.0,100.2
5054,11,1,tetracycline,Rat,Male,8 hr,25,É M,High,90.8,100.0
5054,11,2,tetracycline,Rat,Male,8 hr,25,É M,High,100.9,99.1
5054,12,1,tetracycline,Rat,Male,24 hr,25,É M,High,93.3,101.5
5054,12,2,tetracycline,Rat,Male,24 hr,25,É M,High,96.0,99.9
5055,01,1,lomustine,Rat,Male,2 hr,0,É M,Control,98.7,99.9
5055,01,2,lomustine,Rat,Male,2 hr,0,É M,Control,101.3,100.1
5055,02,1,lomustine,Rat,Male,8 hr,0,É M,Control,100.5,98.8
5055,02,2,lomustine,Rat,Male,8 hr,0,É M,Control,99.5,101.2
5055,03,1,lomustine,Rat,Male,24 hr,0,É M,Control,99.0,99.6
5055,03,2,lomustine,Rat,Male,24 hr,0,É M,Control,101.0,100.4
5055,04,1,lomustine,Rat,Male,2 hr,5,É M,Low,95.2,100.1
5055,04,2,lomustine,Rat,Male,2 hr,5,É M,Low,101.1,99.7
5055,05,1,lomustine,Rat,Male,8 hr,5,É M,Low,96.5,98.8
5055,05,2,lomustine,Rat,Male,8 hr,5,É M,Low,101.4,100.3
5055,06,1,lomustine,Rat,Male,24 hr,5,É M,Low,93.5,102.2
5055,06,2,lomustine,Rat,Male,24 hr,5,É M,Low,99.3,101.8
5055,07,1,lomustine,Rat,Male,2 hr,24,É M,Middle,95.6,100.1
5055,07,2,lomustine,Rat,Male,2 hr,24,É M,Middle,97.5,99.4
5055,08,1,lomustine,Rat,Male,8 hr,24,É M,Middle,98.3,99.3
5055,08,2,lomustine,Rat,Male,8 hr,24,É M,Middle,101.8,100.2
5055,09,1,lomustine,Rat,Male,24 hr,24,É M,Middle,101.5,98.1
5055,09,2,lomustine,Rat,Male,24 hr,24,É M,Middle,102.8,100.4
5055,10,1,lomustine,Rat,Male,2 hr,120,É M,High,91.8,99.5
5055,10,2,lomustine,Rat,Male,2 hr,120,É M,High,99.1,98.8
5055,11,1,lomustine,Rat,Male,8 hr,120,É M,High,95.6,98.7
5055,11,2,lomustine,Rat,Male,8 hr,120,É M,High,100.5,97.4
5055,12,1,lomustine,Rat,Male,24 hr,120,É M,High,97.5,97.6
5055,12,2,lomustine,Rat,Male,24 hr,120,É M,High,103.1,99.0
5056,01,1,ciprofloxacin,Rat,Male,2 hr,0,É M,Control,100.5,100.0
5056,01,2,ciprofloxacin,Rat,Male,2 hr,0,É M,Control,99.5,100.0
5056,02,1,ciprofloxacin,Rat,Male,8 hr,0,É M,Control,101.4,99.7
5056,02,2,ciprofloxacin,Rat,Male,8 hr,0,É M,Control,98.6,100.3
5056,03,1,ciprofloxacin,Rat,Male,24 hr,0,É M,Control,99.7,99.7
5056,03,2,ciprofloxacin,Rat,Male,24 hr,0,É M,Control,100.3,100.3
5056,04,1,ciprofloxacin,Rat,Male,2 hr,1,É M,Low,101.5,99.7
5056,04,2,ciprofloxacin,Rat,Male,2 hr,1,É M,Low,109.3,100.4
5056,05,1,ciprofloxacin,Rat,Male,8 hr,1,É M,Low,106.8,98.3
5056,05,2,ciprofloxacin,Rat,Male,8 hr,1,É M,Low,103.7,98.5
5056,06,1,ciprofloxacin,Rat,Male,24 hr,1,É M,Low,105.4,94.9
5056,06,2,ciprofloxacin,Rat,Male,24 hr,1,É M,Low,107.6,94.5
5056,07,1,ciprofloxacin,Rat,Male,2 hr,5,É M,Middle,105.8,98.7
5056,07,2,ciprofloxacin,Rat,Male,2 hr,5,É M,Middle,105.9,99.8
5056,08,1,ciprofloxacin,Rat,Male,8 hr,5,É M,Middle,100.8,98.7
5056,08,2,ciprofloxacin,Rat,Male,8 hr,5,É M,Middle,101.7,98.0
5056,09,1,ciprofloxacin,Rat,Male,24 hr,5,É M,Middle,109.0,94.1
5056,09,2,ciprofloxacin,Rat,Male,24 hr,5,É M,Middle,108.7,94.4
5056,10,1,ciprofloxacin,Rat,Male,2 hr,25,É M,High,96.4,98.7
5056,10,2,ciprofloxacin,Rat,Male,2 hr,25,É M,High,101.9,98.8
5056,11,1,ciprofloxacin,Rat,Male,8 hr,25,É M,High,100.0,97.6
5056,11,2,ciprofloxacin,Rat,Male,8 hr,25,É M,High,105.3,97.6
5056,12,1,ciprofloxacin,Rat,Male,24 hr,25,É M,High,105.0,93.6
5056,12,2,ciprofloxacin,Rat,Male,24 hr,25,É M,High,108.7,93.2
5057,01,1,pemoline,Rat,Male,2 hr,0,É M,Control,98.5,99.8
5057,01,2,pemoline,Rat,Male,2 hr,0,É M,Control,101.5,100.2
5057,02,1,pemoline,Rat,Male,8 hr,0,É M,Control,99.5,99.9
5057,02,2,pemoline,Rat,Male,8 hr,0,É M,Control,100.5,100.1
5057,03,1,pemoline,Rat,Male,24 hr,0,É M,Control,99.5,100.1
5057,03,2,pemoline,Rat,Male,24 hr,0,É M,Control,100.5,99.9
5057,04,1,pemoline,Rat,Male,2 hr,3,É M,Low,97.0,99.3
5057,04,2,pemoline,Rat,Male,2 hr,3,É M,Low,103.1,99.6
5057,05,1,pemoline,Rat,Male,8 hr,3,É M,Low,101.0,99.4
5057,05,2,pemoline,Rat,Male,8 hr,3,É M,Low,103.1,100.3
5057,06,1,pemoline,Rat,Male,24 hr,3,É M,Low,102.3,99.5
5057,06,2,pemoline,Rat,Male,24 hr,3,É M,Low,107.3,98.3
5057,07,1,pemoline,Rat,Male,2 hr,15,É M,Middle,99.1,99.8
5057,07,2,pemoline,Rat,Male,2 hr,15,É M,Middle,102.7,99.6
5057,08,1,pemoline,Rat,Male,8 hr,15,É M,Middle,100.2,99.2
5057,08,2,pemoline,Rat,Male,8 hr,15,É M,Middle,99.8,99.6
5057,09,1,pemoline,Rat,Male,24 hr,15,É M,Middle,100.7,100.0
5057,09,2,pemoline,Rat,Male,24 hr,15,É M,Middle,99.2,100.3
5057,10,1,pemoline,Rat,Male,2 hr,75,É M,High,98.7,99.0
5057,10,2,pemoline,Rat,Male,2 hr,75,É M,High,101.9,99.3
5057,11,1,pemoline,Rat,Male,8 hr,75,É M,High,98.8,99.4
5057,11,2,pemoline,Rat,Male,8 hr,75,É M,High,94.3,99.8
5057,12,1,pemoline,Rat,Male,24 hr,75,É M,High,97.2,99.7
5057,12,2,pemoline,Rat,Male,24 hr,75,É M,High,103.0,99.3
5058,01,1,chlormezanone,Rat,Male,2 hr,0,É M,Control,99.1,100.0
5058,01,2,chlormezanone,Rat,Male,2 hr,0,É M,Control,100.9,100.0
5058,02,1,chlormezanone,Rat,Male,8 hr,0,É M,Control,98.7,99.8
5058,02,2,chlormezanone,Rat,Male,8 hr,0,É M,Control,101.3,100.2
5058,03,1,chlormezanone,Rat,Male,24 hr,0,É M,Control,100.1,99.4
5058,03,2,chlormezanone,Rat,Male,24 hr,0,É M,Control,99.9,100.6
5058,04,1,chlormezanone,Rat,Male,2 hr,10,É M,Low,95.3,100.4
5058,04,2,chlormezanone,Rat,Male,2 hr,10,É M,Low,101.7,100.7
5058,05,1,chlormezanone,Rat,Male,8 hr,10,É M,Low,101.7,101.3
5058,05,2,chlormezanone,Rat,Male,8 hr,10,É M,Low,94.5,101.2
5058,06,1,chlormezanone,Rat,Male,24 hr,10,É M,Low,96.8,101.2
5058,06,2,chlormezanone,Rat,Male,24 hr,10,É M,Low,101.3,99.5
5058,07,1,chlormezanone,Rat,Male,2 hr,50,É M,Middle,99.4,100.5
5058,07,2,chlormezanone,Rat,Male,2 hr,50,É M,Middle,94.4,100.6
5058,08,1,chlormezanone,Rat,Male,8 hr,50,É M,Middle,96.4,100.6
5058,08,2,chlormezanone,Rat,Male,8 hr,50,É M,Middle,100.9,99.6
5058,09,1,chlormezanone,Rat,Male,24 hr,50,É M,Middle,96.3,100.4
5058,09,2,chlormezanone,Rat,Male,24 hr,50,É M,Middle,101.7,99.1
5058,10,1,chlormezanone,Rat,Male,2 hr,250,É M,High,92.6,100.3
5058,10,2,chlormezanone,Rat,Male,2 hr,250,É M,High,98.1,100.4
5058,11,1,chlormezanone,Rat,Male,8 hr,250,É M,High,99.6,99.9
5058,11,2,chlormezanone,Rat,Male,8 hr,250,É M,High,102.7,100.2
5058,12,1,chlormezanone,Rat,Male,24 hr,250,É M,High,97.1,99.6
5058,12,2,chlormezanone,Rat,Male,24 hr,250,É M,High,102.5,98.9
5059,01,1,metformin,Rat,Male,2 hr,0,É M,Control,98.9,99.7
5059,01,2,metformin,Rat,Male,2 hr,0,É M,Control,101.1,100.3
5059,02,1,metformin,Rat,Male,8 hr,0,É M,Control,102.0,99.8
5059,02,2,metformin,Rat,Male,8 hr,0,É M,Control,98.0,100.2
5059,03,1,metformin,Rat,Male,24 hr,0,É M,Control,100.5,100.0
5059,03,2,metformin,Rat,Male,24 hr,0,É M,Control,99.5,100.0
5059,04,1,metformin,Rat,Male,2 hr,40,É M,Low,102.9,100.0
5059,04,2,metformin,Rat,Male,2 hr,40,É M,Low,106.6,100.3
5059,05,1,metformin,Rat,Male,8 hr,40,É M,Low,102.0,99.5
5059,05,2,metformin,Rat,Male,8 hr,40,É M,Low,107.3,99.5
5059,06,1,metformin,Rat,Male,24 hr,40,É M,Low,102.9,99.8
5059,06,2,metformin,Rat,Male,24 hr,40,É M,Low,102.1,99.4
5059,07,1,metformin,Rat,Male,2 hr,200,É M,Middle,108.1,99.4
5059,07,2,metformin,Rat,Male,2 hr,200,É M,Middle,102.3,100.1
5059,08,1,metformin,Rat,Male,8 hr,200,É M,Middle,103.7,99.8
5059,08,2,metformin,Rat,Male,8 hr,200,É M,Middle,105.1,99.5
5059,09,1,metformin,Rat,Male,24 hr,200,É M,Middle,105.3,97.2
5059,09,2,metformin,Rat,Male,24 hr,200,É M,Middle,103.8,99.0
5059,10,1,metformin,Rat,Male,2 hr,1000,É M,High,101.1,99.5
5059,10,2,metformin,Rat,Male,2 hr,1000,É M,High,99.2,99.9
5059,11,1,metformin,Rat,Male,8 hr,1000,É M,High,102.4,99.0
5059,11,2,metformin,Rat,Male,8 hr,1000,É M,High,107.6,99.4
5059,12,1,metformin,Rat,Male,24 hr,1000,É M,High,100.0,99.9
5059,12,2,metformin,Rat,Male,24 hr,1000,É M,High,98.6,100.4
5060,01,1,tamoxifen,Rat,Male,2 hr,0,É M,Control,98.5,99.9
5060,01,2,tamoxifen,Rat,Male,2 hr,0,É M,Control,101.5,100.1
5060,02,1,tamoxifen,Rat,Male,8 hr,0,É M,Control,98.9,100.0
5060,02,2,tamoxifen,Rat,Male,8 hr,0,É M,Control,101.1,100.0
5060,03,1,tamoxifen,Rat,Male,24 hr,0,É M,Control,96.7,100.0
5060,03,2,tamoxifen,Rat,Male,24 hr,0,É M,Control,103.3,100.0
5060,04,1,tamoxifen,Rat,Male,2 hr,0,É M,Low,97.0,100.1
5060,04,2,tamoxifen,Rat,Male,2 hr,0,É M,Low,99.5,100.1
5060,05,1,tamoxifen,Rat,Male,8 hr,0,É M,Low,112.3,99.4
5060,05,2,tamoxifen,Rat,Male,8 hr,0,É M,Low,110.8,99.4
5060,06,1,tamoxifen,Rat,Male,24 hr,0,É M,Low,102.4,99.6
5060,06,2,tamoxifen,Rat,Male,24 hr,0,É M,Low,104.9,99.9
5060,07,1,tamoxifen,Rat,Male,2 hr,1,É M,Middle,105.6,99.5
5060,07,2,tamoxifen,Rat,Male,2 hr,1,É M,Middle,105.8,99.7
5060,08,1,tamoxifen,Rat,Male,8 hr,1,É M,Middle,114.1,99.5
5060,08,2,tamoxifen,Rat,Male,8 hr,1,É M,Middle,122.4,98.5
5060,09,1,tamoxifen,Rat,Male,24 hr,1,É M,Middle,102.7,100.1
5060,09,2,tamoxifen,Rat,Male,24 hr,1,É M,Middle,104.5,100.8
5060,10,1,tamoxifen,Rat,Male,2 hr,3,É M,High,109.3,99.5
5060,10,2,tamoxifen,Rat,Male,2 hr,3,É M,High,111.9,99.2
5060,11,1,tamoxifen,Rat,Male,8 hr,3,É M,High,118.6,98.1
5060,11,2,tamoxifen,Rat,Male,8 hr,3,É M,High,119.2,98.5
5060,12,1,tamoxifen,Rat,Male,24 hr,3,É M,High,103.1,99.1
5060,12,2,tamoxifen,Rat,Male,24 hr,3,É M,High,104.7,99.1
5061,01,1,ethinylestradiol,Rat,Male,2 hr,0,É M,Control,93.9,100.0
5061,01,2,ethinylestradiol,Rat,Male,2 hr,0,É M,Control,106.1,100.0
5061,02,1,ethinylestradiol,Rat,Male,8 hr,0,É M,Control,101.2,99.7
5061,02,2,ethinylestradiol,Rat,Male,8 hr,0,É M,Control,98.8,100.3
5061,03,1,ethinylestradiol,Rat,Male,24 hr,0,É M,Control,99.1,99.7
5061,03,2,ethinylestradiol,Rat,Male,24 hr,0,É M,Control,100.9,100.3
5061,04,1,ethinylestradiol,Rat,Male,2 hr,1,É M,Low,99.5,99.3
5061,04,2,ethinylestradiol,Rat,Male,2 hr,1,É M,Low,107.6,99.7
5061,05,1,ethinylestradiol,Rat,Male,8 hr,1,É M,Low,101.4,101.7
5061,05,2,ethinylestradiol,Rat,Male,8 hr,1,É M,Low,96.9,101.4
5061,06,1,ethinylestradiol,Rat,Male,24 hr,1,É M,Low,96.8,100.8
5061,06,2,ethinylestradiol,Rat,Male,24 hr,1,É M,Low,98.5,100.1
5061,07,1,ethinylestradiol,Rat,Male,2 hr,3,É M,Middle,109.2,99.6
5061,07,2,ethinylestradiol,Rat,Male,2 hr,3,É M,Middle,114.9,99.8
5061,08,1,ethinylestradiol,Rat,Male,8 hr,3,É M,Middle,100.1,101.7
5061,08,2,ethinylestradiol,Rat,Male,8 hr,3,É M,Middle,103.0,101.5
5061,09,1,ethinylestradiol,Rat,Male,24 hr,3,É M,Middle,100.6,101.4
5061,09,2,ethinylestradiol,Rat,Male,24 hr,3,É M,Middle,100.0,101.1
5061,10,1,ethinylestradiol,Rat,Male,2 hr,15,É M,High,101.7,99.7
5061,10,2,ethinylestradiol,Rat,Male,2 hr,15,É M,High,98.4,99.7
5061,11,1,ethinylestradiol,Rat,Male,8 hr,15,É M,High,101.6,101.0
5061,11,2,ethinylestradiol,Rat,Male,8 hr,15,É M,High,100.9,101.2
5061,12,1,ethinylestradiol,Rat,Male,24 hr,15,É M,High,100.2,101.6
5061,12,2,ethinylestradiol,Rat,Male,24 hr,15,É M,High,109.0,101.4
5062,01,1,methyldopa,Rat,Male,2 hr,0,É M,Control,100.4,100.0
5062,01,2,methyldopa,Rat,Male,2 hr,0,É M,Control,99.6,100.0
5062,02,1,methyldopa,Rat,Male,8 hr,0,É M,Control,98.3,99.8
5062,02,2,methyldopa,Rat,Male,8 hr,0,É M,Control,101.7,100.2
5062,03,1,methyldopa,Rat,Male,24 hr,0,É M,Control,100.8,99.5
5062,03,2,methyldopa,Rat,Male,24 hr,0,É M,Control,99.2,100.5
5062,04,1,methyldopa,Rat,Male,2 hr,2,É M,Low,111.6,99.6
5062,04,2,methyldopa,Rat,Male,2 hr,2,É M,Low,116.7,99.9
5062,05,1,methyldopa,Rat,Male,8 hr,2,É M,Low,106.1,100.0
5062,05,2,methyldopa,Rat,Male,8 hr,2,É M,Low,107.3,99.7
5062,06,1,methyldopa,Rat,Male,24 hr,2,É M,Low,105.7,98.4
5062,06,2,methyldopa,Rat,Male,24 hr,2,É M,Low,103.6,98.8
5062,07,1,methyldopa,Rat,Male,2 hr,10,É M,Middle,110.0,99.7
5062,07,2,methyldopa,Rat,Male,2 hr,10,É M,Middle,116.8,99.9
5062,08,1,methyldopa,Rat,Male,8 hr,10,É M,Middle,109.9,98.9
5062,08,2,methyldopa,Rat,Male,8 hr,10,É M,Middle,116.9,98.8
5062,09,1,methyldopa,Rat,Male,24 hr,10,É M,Middle,110.7,96.7
5062,09,2,methyldopa,Rat,Male,24 hr,10,É M,Middle,110.5,96.4
5062,10,1,methyldopa,Rat,Male,2 hr,50,É M,High,117.1,99.1
5062,10,2,methyldopa,Rat,Male,2 hr,50,É M,High,128.2,98.9
5062,11,1,methyldopa,Rat,Male,8 hr,50,É M,High,112.8,97.8
5062,11,2,methyldopa,Rat,Male,8 hr,50,É M,High,112.4,98.0
5062,12,1,methyldopa,Rat,Male,24 hr,50,É M,High,110.1,95.6
5062,12,2,methyldopa,Rat,Male,24 hr,50,É M,High,110.5,95.2
5063,01,1,methimazole,Rat,Male,2 hr,0,É M,Control,97.6,99.6
5063,01,2,methimazole,Rat,Male,2 hr,0,É M,Control,102.4,100.4
5063,02,1,methimazole,Rat,Male,8 hr,0,É M,Control,99.7,100.5
5063,02,2,methimazole,Rat,Male,8 hr,0,É M,Control,100.3,99.5
5063,03,1,methimazole,Rat,Male,24 hr,0,É M,Control,95.7,99.9
5063,03,2,methimazole,Rat,Male,24 hr,0,É M,Control,104.3,100.1
5063,04,1,methimazole,Rat,Male,2 hr,400,É M,Low,94.7,100.1
5063,04,2,methimazole,Rat,Male,2 hr,400,É M,Low,97.0,100.4
5063,05,1,methimazole,Rat,Male,8 hr,400,É M,Low,100.1,100.3
5063,05,2,methimazole,Rat,Male,8 hr,400,É M,Low,99.3,100.9
5063,06,1,methimazole,Rat,Male,24 hr,400,É M,Low,100.2,100.9
5063,06,2,methimazole,Rat,Male,24 hr,400,É M,Low,100.3,100.0
5063,07,1,methimazole,Rat,Male,2 hr,2000,É M,Middle,102.7,99.2
5063,07,2,methimazole,Rat,Male,2 hr,2000,É M,Middle,96.4,99.6
5063,08,1,methimazole,Rat,Male,8 hr,2000,É M,Middle,93.2,100.7
5063,08,2,methimazole,Rat,Male,8 hr,2000,É M,Middle,98.0,100.6
5063,09,1,methimazole,Rat,Male,24 hr,2000,É M,Middle,96.9,101.2
5063,09,2,methimazole,Rat,Male,24 hr,2000,É M,Middle,96.0,100.8
5063,10,1,methimazole,Rat,Male,2 hr,10000,É M,High,90.1,102.3
5063,10,2,methimazole,Rat,Male,2 hr,10000,É M,High,93.2,102.5
5063,11,1,methimazole,Rat,Male,8 hr,10000,É M,High,94.0,100.5
5063,11,2,methimazole,Rat,Male,8 hr,10000,É M,High,100.0,100.7
5063,12,1,methimazole,Rat,Male,24 hr,10000,É M,High,92.3,107.3
5063,12,2,methimazole,Rat,Male,24 hr,10000,É M,High,95.4,107.3
5064,01,1,monocrotaline,Rat,Male,2 hr,0,É M,Control,97.5,99.9
5064,01,2,monocrotaline,Rat,Male,2 hr,0,É M,Control,102.5,100.1
5064,02,1,monocrotaline,Rat,Male,8 hr,0,É M,Control,99.8,99.9
5064,02,2,monocrotaline,Rat,Male,8 hr,0,É M,Control,100.2,100.1
5064,03,1,monocrotaline,Rat,Male,24 hr,0,É M,Control,100.3,100.1
5064,03,2,monocrotaline,Rat,Male,24 hr,0,É M,Control,99.7,99.9
5064,04,1,monocrotaline,Rat,Male,2 hr,4,É M,Low,106.3,99.9
5064,04,2,monocrotaline,Rat,Male,2 hr,4,É M,Low,100.8,99.5
5064,05,1,monocrotaline,Rat,Male,8 hr,4,É M,Low,101.2,100.1
5064,05,2,monocrotaline,Rat,Male,8 hr,4,É M,Low,102.3,100.3
5064,06,1,monocrotaline,Rat,Male,24 hr,4,É M,Low,99.4,101.1
5064,06,2,monocrotaline,Rat,Male,24 hr,4,É M,Low,99.5,101.0
5064,07,1,monocrotaline,Rat,Male,2 hr,18,É M,Middle,108.3,100.5
5064,07,2,monocrotaline,Rat,Male,2 hr,18,É M,Middle,105.0,100.1
5064,08,1,monocrotaline,Rat,Male,8 hr,18,É M,Middle,100.2,100.1
5064,08,2,monocrotaline,Rat,Male,8 hr,18,É M,Middle,99.0,100.4
5064,09,1,monocrotaline,Rat,Male,24 hr,18,É M,Middle,95.0,101.7
5064,09,2,monocrotaline,Rat,Male,24 hr,18,É M,Middle,94.9,100.4
5064,10,1,monocrotaline,Rat,Male,2 hr,90,É M,High,103.1,99.6
5064,10,2,monocrotaline,Rat,Male,2 hr,90,É M,High,99.4,100.0
5064,11,1,monocrotaline,Rat,Male,8 hr,90,É M,High,100.4,99.3
5064,11,2,monocrotaline,Rat,Male,8 hr,90,É M,High,99.3,99.6
5064,12,1,monocrotaline,Rat,Male,24 hr,90,É M,High,91.8,100.1
5064,12,2,monocrotaline,Rat,Male,24 hr,90,É M,High,96.3,99.7
5065,01,1,vitamin A,Rat,Male,2 hr,0,É M,Control,96.6,100.0
5065,01,2,vitamin A,Rat,Male,2 hr,0,É M,Control,103.4,100.0
5065,02,1,vitamin A,Rat,Male,8 hr,0,É M,Control,98.5,99.7
5065,02,2,vitamin A,Rat,Male,8 hr,0,É M,Control,101.5,100.3
5065,03,1,vitamin A,Rat,Male,24 hr,0,É M,Control,99.6,100.9
5065,03,2,vitamin A,Rat,Male,24 hr,0,É M,Control,100.4,99.1
5065,04,1,vitamin A,Rat,Male,2 hr,0,É M,Low,95.8,99.8
5065,04,2,vitamin A,Rat,Male,2 hr,0,É M,Low,101.9,99.7
5065,05,1,vitamin A,Rat,Male,8 hr,0,É M,Low,96.7,99.9
5065,05,2,vitamin A,Rat,Male,8 hr,0,É M,Low,104.3,99.5
5065,06,1,vitamin A,Rat,Male,24 hr,0,É M,Low,101.1,101.5
5065,06,2,vitamin A,Rat,Male,24 hr,0,É M,Low,98.9,101.2
5065,07,1,vitamin A,Rat,Male,2 hr,2,É M,Middle,92.6,99.9
5065,07,2,vitamin A,Rat,Male,2 hr,2,É M,Middle,95.0,100.0
5065,08,1,vitamin A,Rat,Male,8 hr,2,É M,Middle,102.8,98.8
5065,08,2,vitamin A,Rat,Male,8 hr,2,É M,Middle,102.5,100.1
5065,09,1,vitamin A,Rat,Male,24 hr,2,É M,Middle,98.8,101.6
5065,09,2,vitamin A,Rat,Male,24 hr,2,É M,Middle,97.7,100.8
5065,10,1,vitamin A,Rat,Male,2 hr,8,É M,High,93.3,99.6
5065,10,2,vitamin A,Rat,Male,2 hr,8,É M,High,90.7,99.2
5065,11,1,vitamin A,Rat,Male,8 hr,8,É M,High,101.5,98.7
5065,11,2,vitamin A,Rat,Male,8 hr,8,É M,High,99.4,99.1
5065,12,1,vitamin A,Rat,Male,24 hr,8,É M,High,91.2,102.8
5065,12,2,vitamin A,Rat,Male,24 hr,8,É M,High,96.4,100.5
5066,01,1,acetaminophen,Human,Female,2 hr,0,É M,Control,98.3,99.9
5066,01,2,acetaminophen,Human,Female,2 hr,0,É M,Control,101.7,100.1
5066,02,1,acetaminophen,Human,Female,8 hr,0,É M,Control,97.1,100.0
5066,02,2,acetaminophen,Human,Female,8 hr,0,É M,Control,102.9,100.0
5066,03,1,acetaminophen,Human,Female,24 hr,0,É M,Control,100.2,99.3
5066,03,2,acetaminophen,Human,Female,24 hr,0,É M,Control,99.8,100.7
5066,04,1,acetaminophen,Human,Female,2 hr,200,É M,Low,97.8,100.4
5066,04,2,acetaminophen,Human,Female,2 hr,200,É M,Low,105.7,100.4
5066,05,1,acetaminophen,Human,Female,8 hr,200,É M,Low,96.2,100.3
5066,05,2,acetaminophen,Human,Female,8 hr,200,É M,Low,103.2,100.5
5066,06,1,acetaminophen,Human,Female,24 hr,200,É M,Low,96.1,100.5
5066,06,2,acetaminophen,Human,Female,24 hr,200,É M,Low,102.0,99.8
5066,07,1,acetaminophen,Human,Female,2 hr,1000,É M,Middle,100.9,100.7
5066,07,2,acetaminophen,Human,Female,2 hr,1000,É M,Middle,100.3,100.4
5066,08,1,acetaminophen,Human,Female,8 hr,1000,É M,Middle,97.4,100.8
5066,08,2,acetaminophen,Human,Female,8 hr,1000,É M,Middle,99.7,100.5
5066,09,1,acetaminophen,Human,Female,24 hr,1000,É M,Middle,95.3,100.9
5066,09,2,acetaminophen,Human,Female,24 hr,1000,É M,Middle,99.0,100.2
5066,10,1,acetaminophen,Human,Female,2 hr,5000,É M,High,98.2,103.6
5066,10,2,acetaminophen,Human,Female,2 hr,5000,É M,High,101.7,103.3
5066,11,1,acetaminophen,Human,Female,8 hr,5000,É M,High,96.2,104.4
5066,11,2,acetaminophen,Human,Female,8 hr,5000,É M,High,99.8,103.4
5066,12,1,acetaminophen,Human,Female,24 hr,5000,É M,High,89.9,108.5
5066,12,2,acetaminophen,Human,Female,24 hr,5000,É M,High,94.4,108.3
5067,01,1,isoniazid,Human,Female,2 hr,0,É M,Control,100.0,98.8
5067,01,2,isoniazid,Human,Female,2 hr,0,É M,Control,100.0,101.2
5067,02,1,isoniazid,Human,Female,8 hr,0,É M,Control,97.7,99.9
5067,02,2,isoniazid,Human,Female,8 hr,0,É M,Control,102.3,100.1
5067,03,1,isoniazid,Human,Female,24 hr,0,É M,Control,97.8,100.3
5067,03,2,isoniazid,Human,Female,24 hr,0,É M,Control,102.2,99.7
5067,04,1,isoniazid,Human,Female,2 hr,400,É M,Low,107.9,100.6
5067,04,2,isoniazid,Human,Female,2 hr,400,É M,Low,118.5,100.6
5067,05,1,isoniazid,Human,Female,8 hr,400,É M,Low,95.3,100.4
5067,05,2,isoniazid,Human,Female,8 hr,400,É M,Low,101.9,99.9
5067,06,1,isoniazid,Human,Female,24 hr,400,É M,Low,96.6,100.3
5067,06,2,isoniazid,Human,Female,24 hr,400,É M,Low,105.7,100.1
5067,07,1,isoniazid,Human,Female,2 hr,2000,É M,Middle,98.8,100.0
5067,07,2,isoniazid,Human,Female,2 hr,2000,É M,Middle,104.6,100.0
5067,08,1,isoniazid,Human,Female,8 hr,2000,É M,Middle,91.7,99.9
5067,08,2,isoniazid,Human,Female,8 hr,2000,É M,Middle,97.9,100.4
5067,09,1,isoniazid,Human,Female,24 hr,2000,É M,Middle,96.7,101.6
5067,09,2,isoniazid,Human,Female,24 hr,2000,É M,Middle,102.3,100.5
5067,10,1,isoniazid,Human,Female,2 hr,10000,É M,High,100.4,100.0
5067,10,2,isoniazid,Human,Female,2 hr,10000,É M,High,110.4,100.6
5067,11,1,isoniazid,Human,Female,8 hr,10000,É M,High,93.1,102.2
5067,11,2,isoniazid,Human,Female,8 hr,10000,É M,High,101.2,101.9
5067,12,1,isoniazid,Human,Female,24 hr,10000,É M,High,93.0,102.6
5067,12,2,isoniazid,Human,Female,24 hr,10000,É M,High,95.1,102.8
5068,01,1,carbon tetrachloride,Human,Female,2 hr,0,É M,Control,101.4,100.0
5068,01,2,carbon tetrachloride,Human,Female,2 hr,0,É M,Control,98.6,100.0
5068,02,1,carbon tetrachloride,Human,Female,8 hr,0,É M,Control,98.3,100.0
5068,02,2,carbon tetrachloride,Human,Female,8 hr,0,É M,Control,101.7,100.0
5068,03,1,carbon tetrachloride,Human,Female,24 hr,0,É M,Control,97.7,100.0
5068,03,2,carbon tetrachloride,Human,Female,24 hr,0,É M,Control,102.3,100.0
5068,04,1,carbon tetrachloride,Human,Female,2 hr,300,É M,Low,98.9,100.5
5068,04,2,carbon tetrachloride,Human,Female,2 hr,300,É M,Low,104.0,100.0
5068,05,1,carbon tetrachloride,Human,Female,8 hr,300,É M,Low,100.9,100.2
5068,05,2,carbon tetrachloride,Human,Female,8 hr,300,É M,Low,105.3,100.5
5068,06,1,carbon tetrachloride,Human,Female,24 hr,300,É M,Low,96.7,100.9
5068,06,2,carbon tetrachloride,Human,Female,24 hr,300,É M,Low,100.8,100.4
5068,07,1,carbon tetrachloride,Human,Female,2 hr,1500,É M,Middle,96.8,100.0
5068,07,2,carbon tetrachloride,Human,Female,2 hr,1500,É M,Middle,97.0,100.5
5068,08,1,carbon tetrachloride,Human,Female,8 hr,1500,É M,Middle,100.8,99.8
5068,08,2,carbon tetrachloride,Human,Female,8 hr,1500,É M,Middle,102.6,100.2
5068,09,1,carbon tetrachloride,Human,Female,24 hr,1500,É M,Middle,94.7,100.9
5068,09,2,carbon tetrachloride,Human,Female,24 hr,1500,É M,Middle,102.0,100.4
5068,10,1,carbon tetrachloride,Human,Female,2 hr,7500,É M,High,93.3,100.2
5068,10,2,carbon tetrachloride,Human,Female,2 hr,7500,É M,High,98.5,100.5
5068,11,1,carbon tetrachloride,Human,Female,8 hr,7500,É M,High,94.8,100.5
5068,11,2,carbon tetrachloride,Human,Female,8 hr,7500,É M,High,101.6,99.5
5068,12,1,carbon tetrachloride,Human,Female,24 hr,7500,É M,High,95.5,100.2
5068,12,2,carbon tetrachloride,Human,Female,24 hr,7500,É M,High,100.1,100.0
5069,01,1,phenobarbital,Human,Female,2 hr,0,É M,Control,96.7,100.3
5069,01,2,phenobarbital,Human,Female,2 hr,0,É M,Control,103.3,99.7
5069,02,1,phenobarbital,Human,Female,8 hr,0,É M,Control,96.7,100.1
5069,02,2,phenobarbital,Human,Female,8 hr,0,É M,Control,103.3,99.9
5069,03,1,phenobarbital,Human,Female,24 hr,0,É M,Control,98.4,100.1
5069,03,2,phenobarbital,Human,Female,24 hr,0,É M,Control,101.6,99.9
5069,04,1,phenobarbital,Human,Female,2 hr,400,É M,Low,97.9,100.6
5069,04,2,phenobarbital,Human,Female,2 hr,400,É M,Low,100.0,100.3
5069,05,1,phenobarbital,Human,Female,8 hr,400,É M,Low,102.6,99.9
5069,05,2,phenobarbital,Human,Female,8 hr,400,É M,Low,102.9,99.9
5069,06,1,phenobarbital,Human,Female,24 hr,400,É M,Low,94.7,100.6
5069,06,2,phenobarbital,Human,Female,24 hr,400,É M,Low,98.1,100.9
5069,07,1,phenobarbital,Human,Female,2 hr,2000,É M,Middle,95.1,100.9
5069,07,2,phenobarbital,Human,Female,2 hr,2000,É M,Middle,100.1,100.9
5069,08,1,phenobarbital,Human,Female,8 hr,2000,É M,Middle,106.8,100.4
5069,08,2,phenobarbital,Human,Female,8 hr,2000,É M,Middle,102.2,100.1
5069,09,1,phenobarbital,Human,Female,24 hr,2000,É M,Middle,92.7,101.4
5069,09,2,phenobarbital,Human,Female,24 hr,2000,É M,Middle,97.2,101.2
5069,10,1,phenobarbital,Human,Female,2 hr,10000,É M,High,97.0,100.9
5069,10,2,phenobarbital,Human,Female,2 hr,10000,É M,High,103.5,100.6
5069,11,1,phenobarbital,Human,Female,8 hr,10000,É M,High,98.9,101.2
5069,11,2,phenobarbital,Human,Female,8 hr,10000,É M,High,97.1,100.6
5069,12,1,phenobarbital,Human,Female,24 hr,10000,É M,High,88.9,105.8
5069,12,2,phenobarbital,Human,Female,24 hr,10000,É M,High,93.9,106.0
5070,01,1,valproic acid,Human,Female,2 hr,0,É M,Control,99.2,100.0
5070,01,2,valproic acid,Human,Female,2 hr,0,É M,Control,100.8,100.0
5070,02,1,valproic acid,Human,Female,8 hr,0,É M,Control,98.4,99.9
5070,02,2,valproic acid,Human,Female,8 hr,0,É M,Control,101.6,100.1
5070,03,1,valproic acid,Human,Female,24 hr,0,É M,Control,96.9,100.1
5070,03,2,valproic acid,Human,Female,24 hr,0,É M,Control,103.1,99.9
5070,04,1,valproic acid,Human,Female,2 hr,200,É M,Low,94.9,100.0
5070,04,2,valproic acid,Human,Female,2 hr,200,É M,Low,94.0,100.9
5070,05,1,valproic acid,Human,Female,8 hr,200,É M,Low,96.2,100.7
5070,05,2,valproic acid,Human,Female,8 hr,200,É M,Low,101.4,101.2
5070,06,1,valproic acid,Human,Female,24 hr,200,É M,Low,91.3,101.3
5070,06,2,valproic acid,Human,Female,24 hr,200,É M,Low,95.2,100.8
5070,07,1,valproic acid,Human,Female,2 hr,1000,É M,Middle,100.3,100.5
5070,07,2,valproic acid,Human,Female,2 hr,1000,É M,Middle,98.5,101.4
5070,08,1,valproic acid,Human,Female,8 hr,1000,É M,Middle,95.9,100.9
5070,08,2,valproic acid,Human,Female,8 hr,1000,É M,Middle,98.6,100.7
5070,09,1,valproic acid,Human,Female,24 hr,1000,É M,Middle,95.2,101.3
5070,09,2,valproic acid,Human,Female,24 hr,1000,É M,Middle,95.0,101.5
5070,10,1,valproic acid,Human,Female,2 hr,5000,É M,High,95.5,101.4
5070,10,2,valproic acid,Human,Female,2 hr,5000,É M,High,101.9,100.5
5070,11,1,valproic acid,Human,Female,8 hr,5000,É M,High,95.1,101.2
5070,11,2,valproic acid,Human,Female,8 hr,5000,É M,High,97.5,101.2
5070,12,1,valproic acid,Human,Female,24 hr,5000,É M,High,90.5,102.9
5070,12,2,valproic acid,Human,Female,24 hr,5000,É M,High,92.7,102.7
5071,01,1,clofibrate,Human,Female,2 hr,0,É M,Control,99.2,99.9
5071,01,2,clofibrate,Human,Female,2 hr,0,É M,Control,100.8,100.1
5071,02,1,clofibrate,Human,Female,8 hr,0,É M,Control,98.4,99.9
5071,02,2,clofibrate,Human,Female,8 hr,0,É M,Control,101.6,100.1
5071,03,1,clofibrate,Human,Female,24 hr,0,É M,Control,97.2,100.5
5071,03,2,clofibrate,Human,Female,24 hr,0,É M,Control,102.8,99.5
5071,04,1,clofibrate,Human,Female,2 hr,12,É M,Low,98.1,99.9
5071,04,2,clofibrate,Human,Female,2 hr,12,É M,Low,103.9,100.7
5071,05,1,clofibrate,Human,Female,8 hr,12,É M,Low,98.8,99.6
5071,05,2,clofibrate,Human,Female,8 hr,12,É M,Low,100.9,99.9
5071,06,1,clofibrate,Human,Female,24 hr,12,É M,Low,96.0,100.3
5071,06,2,clofibrate,Human,Female,24 hr,12,É M,Low,100.5,100.1
5071,07,1,clofibrate,Human,Female,2 hr,60,É M,Middle,95.2,99.1
5071,07,2,clofibrate,Human,Female,2 hr,60,É M,Middle,97.9,100.1
5071,08,1,clofibrate,Human,Female,8 hr,60,É M,Middle,94.6,100.1
5071,08,2,clofibrate,Human,Female,8 hr,60,É M,Middle,98.9,100.1
5071,09,1,clofibrate,Human,Female,24 hr,60,É M,Middle,101.0,99.5
5071,09,2,clofibrate,Human,Female,24 hr,60,É M,Middle,99.2,100.3
5071,10,1,clofibrate,Human,Female,2 hr,300,É M,High,93.4,99.6
5071,10,2,clofibrate,Human,Female,2 hr,300,É M,High,95.3,100.1
5071,11,1,clofibrate,Human,Female,8 hr,300,É M,High,93.6,100.1
5071,11,2,clofibrate,Human,Female,8 hr,300,É M,High,92.0,100.1
5071,12,1,clofibrate,Human,Female,24 hr,300,É M,High,92.9,100.3
5071,12,2,clofibrate,Human,Female,24 hr,300,É M,High,94.4,100.7
5073,01,1,rifampicin,Human,Female,2 hr,0,É M,Control,98.9,99.9
5073,01,2,rifampicin,Human,Female,2 hr,0,É M,Control,101.1,100.1
5073,02,1,rifampicin,Human,Female,8 hr,0,É M,Control,99.1,99.7
5073,02,2,rifampicin,Human,Female,8 hr,0,É M,Control,100.9,100.3
5073,03,1,rifampicin,Human,Female,24 hr,0,É M,Control,97.7,99.9
5073,03,2,rifampicin,Human,Female,24 hr,0,É M,Control,102.3,100.1
5073,04,1,rifampicin,Human,Female,2 hr,3,É M,Low,96.8,99.8
5073,04,2,rifampicin,Human,Female,2 hr,3,É M,Low,103.5,100.7
5073,05,1,rifampicin,Human,Female,8 hr,3,É M,Low,98.0,99.9
5073,05,2,rifampicin,Human,Female,8 hr,3,É M,Low,100.8,100.3
5073,06,1,rifampicin,Human,Female,24 hr,3,É M,Low,96.4,100.1
5073,06,2,rifampicin,Human,Female,24 hr,3,É M,Low,100.8,100.4
5073,07,1,rifampicin,Human,Female,2 hr,14,É M,Middle,93.5,100.1
5073,07,2,rifampicin,Human,Female,2 hr,14,É M,Middle,98.5,100.1
5073,08,1,rifampicin,Human,Female,8 hr,14,É M,Middle,98.1,99.7
5073,08,2,rifampicin,Human,Female,8 hr,14,É M,Middle,100.9,99.9
5073,09,1,rifampicin,Human,Female,24 hr,14,É M,Middle,94.7,100.4
5073,09,2,rifampicin,Human,Female,24 hr,14,É M,Middle,95.8,100.1
5073,10,1,rifampicin,Human,Female,2 hr,70,É M,High,93.7,99.8
5073,10,2,rifampicin,Human,Female,2 hr,70,É M,High,101.5,100.1
5073,11,1,rifampicin,Human,Female,8 hr,70,É M,High,94.4,99.7
5073,11,2,rifampicin,Human,Female,8 hr,70,É M,High,99.0,99.7
5073,12,1,rifampicin,Human,Female,24 hr,70,É M,High,95.0,99.9
5073,12,2,rifampicin,Human,Female,24 hr,70,É M,High,98.7,100.4
5074,01,1,naphthyl isothiocyanate,Human,Female,2 hr,0,É M,Control,95.0,99.7
5074,01,2,naphthyl isothiocyanate,Human,Female,2 hr,0,É M,Control,105.0,100.3
5074,02,1,naphthyl isothiocyanate,Human,Female,8 hr,0,É M,Control,97.8,99.8
5074,02,2,naphthyl isothiocyanate,Human,Female,8 hr,0,É M,Control,102.2,100.2
5074,03,1,naphthyl isothiocyanate,Human,Female,24 hr,0,É M,Control,98.4,99.4
5074,03,2,naphthyl isothiocyanate,Human,Female,24 hr,0,É M,Control,101.6,100.6
5074,04,1,naphthyl isothiocyanate,Human,Female,2 hr,8,É M,Low,100.0,100.1
5074,04,2,naphthyl isothiocyanate,Human,Female,2 hr,8,É M,Low,103.2,100.1
5074,05,1,naphthyl isothiocyanate,Human,Female,8 hr,8,É M,Low,98.4,99.5
5074,05,2,naphthyl isothiocyanate,Human,Female,8 hr,8,É M,Low,98.5,100.2
5074,06,1,naphthyl isothiocyanate,Human,Female,24 hr,8,É M,Low,99.6,99.9
5074,06,2,naphthyl isothiocyanate,Human,Female,24 hr,8,É M,Low,101.1,100.5
5074,07,1,naphthyl isothiocyanate,Human,Female,2 hr,40,É M,Middle,95.4,99.5
5074,07,2,naphthyl isothiocyanate,Human,Female,2 hr,40,É M,Middle,100.4,100.3
5074,08,1,naphthyl isothiocyanate,Human,Female,8 hr,40,É M,Middle,94.2,100.0
5074,08,2,naphthyl isothiocyanate,Human,Female,8 hr,40,É M,Middle,99.2,100.0
5074,09,1,naphthyl isothiocyanate,Human,Female,24 hr,40,É M,Middle,99.0,99.9
5074,09,2,naphthyl isothiocyanate,Human,Female,24 hr,40,É M,Middle,100.6,100.4
5074,10,1,naphthyl isothiocyanate,Human,Female,2 hr,200,É M,High,99.8,100.3
5074,10,2,naphthyl isothiocyanate,Human,Female,2 hr,200,É M,High,101.6,100.5
5074,11,1,naphthyl isothiocyanate,Human,Female,8 hr,200,É M,High,96.4,99.7
5074,11,2,naphthyl isothiocyanate,Human,Female,8 hr,200,É M,High,94.9,100.0
5074,12,1,naphthyl isothiocyanate,Human,Female,24 hr,200,É M,High,97.0,99.7
5074,12,2,naphthyl isothiocyanate,Human,Female,24 hr,200,É M,High,97.3,100.0
5075,01,1,allyl alcohol,Human,Female,2 hr,0,É M,Control,95.8,99.5
5075,01,2,allyl alcohol,Human,Female,2 hr,0,É M,Control,104.2,100.5
5075,02,1,allyl alcohol,Human,Female,8 hr,0,É M,Control,101.1,99.9
5075,02,2,allyl alcohol,Human,Female,8 hr,0,É M,Control,98.9,100.1
5075,03,1,allyl alcohol,Human,Female,24 hr,0,É M,Control,99.2,100.1
5075,03,2,allyl alcohol,Human,Female,24 hr,0,É M,Control,100.8,99.9
5075,04,1,allyl alcohol,Human,Female,2 hr,3,É M,Low,98.1,99.8
5075,04,2,allyl alcohol,Human,Female,2 hr,3,É M,Low,100.2,101.1
5075,05,1,allyl alcohol,Human,Female,8 hr,3,É M,Low,99.3,99.9
5075,05,2,allyl alcohol,Human,Female,8 hr,3,É M,Low,95.8,100.3
5075,06,1,allyl alcohol,Human,Female,24 hr,3,É M,Low,101.6,100.2
5075,06,2,allyl alcohol,Human,Female,24 hr,3,É M,Low,100.5,100.1
5075,07,1,allyl alcohol,Human,Female,2 hr,14,É M,Middle,102.4,101.1
5075,07,2,allyl alcohol,Human,Female,2 hr,14,É M,Middle,100.3,100.5
5075,08,1,allyl alcohol,Human,Female,8 hr,14,É M,Middle,97.3,100.1
5075,08,2,allyl alcohol,Human,Female,8 hr,14,É M,Middle,102.1,100.1
5075,09,1,allyl alcohol,Human,Female,24 hr,14,É M,Middle,98.7,100.1
5075,09,2,allyl alcohol,Human,Female,24 hr,14,É M,Middle,100.0,100.5
5075,10,1,allyl alcohol,Human,Female,2 hr,70,É M,High,100.0,100.8
5075,10,2,allyl alcohol,Human,Female,2 hr,70,É M,High,103.7,101.4
5075,11,1,allyl alcohol,Human,Female,8 hr,70,É M,High,99.2,100.5
5075,11,2,allyl alcohol,Human,Female,8 hr,70,É M,High,100.9,100.3
5075,12,1,allyl alcohol,Human,Female,24 hr,70,É M,High,95.4,100.1
5075,12,2,allyl alcohol,Human,Female,24 hr,70,É M,High,100.1,100.2
5076,01,1,phenylbutazone,Human,Female,2 hr,0,É M,Control,98.5,99.9
5076,01,2,phenylbutazone,Human,Female,2 hr,0,É M,Control,101.5,100.1
5076,02,1,phenylbutazone,Human,Female,8 hr,0,É M,Control,97.5,99.7
5076,02,2,phenylbutazone,Human,Female,8 hr,0,É M,Control,102.5,100.3
5076,03,1,phenylbutazone,Human,Female,24 hr,0,É M,Control,98.7,100.0
5076,03,2,phenylbutazone,Human,Female,24 hr,0,É M,Control,101.3,100.0
5076,04,1,phenylbutazone,Human,Female,2 hr,16,É M,Low,102.1,99.6
5076,04,2,phenylbutazone,Human,Female,2 hr,16,É M,Low,102.9,100.1
5076,05,1,phenylbutazone,Human,Female,8 hr,16,É M,Low,102.1,100.0
5076,05,2,phenylbutazone,Human,Female,8 hr,16,É M,Low,101.0,100.6
5076,06,1,phenylbutazone,Human,Female,24 hr,16,É M,Low,98.5,99.9
5076,06,2,phenylbutazone,Human,Female,24 hr,16,É M,Low,96.8,100.4
5076,07,1,phenylbutazone,Human,Female,2 hr,80,É M,Middle,96.5,99.6
5076,07,2,phenylbutazone,Human,Female,2 hr,80,É M,Middle,104.2,100.9
5076,08,1,phenylbutazone,Human,Female,8 hr,80,É M,Middle,98.2,100.3
5076,08,2,phenylbutazone,Human,Female,8 hr,80,É M,Middle,101.1,100.1
5076,09,1,phenylbutazone,Human,Female,24 hr,80,É M,Middle,98.5,100.3
5076,09,2,phenylbutazone,Human,Female,24 hr,80,É M,Middle,106.5,100.3
5076,10,1,phenylbutazone,Human,Female,2 hr,400,É M,High,106.8,101.2
5076,10,2,phenylbutazone,Human,Female,2 hr,400,É M,High,106.0,100.4
5076,11,1,phenylbutazone,Human,Female,8 hr,400,É M,High,98.3,100.7
5076,11,2,phenylbutazone,Human,Female,8 hr,400,É M,High,99.6,100.4
5076,12,1,phenylbutazone,Human,Female,24 hr,400,É M,High,94.6,101.0
5076,12,2,phenylbutazone,Human,Female,24 hr,400,É M,High,98.4,100.9
5077,01,1,omeprazole,Human,Female,2 hr,0,É M,Control,95.2,100.0
5077,01,2,omeprazole,Human,Female,2 hr,0,É M,Control,104.8,100.0
5077,02,1,omeprazole,Human,Female,8 hr,0,É M,Control,99.9,99.8
5077,02,2,omeprazole,Human,Female,8 hr,0,É M,Control,100.1,100.2
5077,03,1,omeprazole,Human,Female,24 hr,0,É M,Control,98.8,100.2
5077,03,2,omeprazole,Human,Female,24 hr,0,É M,Control,101.2,99.8
5077,04,1,omeprazole,Human,Female,2 hr,24,É M,Low,99.0,99.8
5077,04,2,omeprazole,Human,Female,2 hr,24,É M,Low,99.7,100.0
5077,05,1,omeprazole,Human,Female,8 hr,24,É M,Low,98.6,100.0
5077,05,2,omeprazole,Human,Female,8 hr,24,É M,Low,101.7,100.2
5077,06,1,omeprazole,Human,Female,24 hr,24,É M,Low,100.5,100.5
5077,06,2,omeprazole,Human,Female,24 hr,24,É M,Low,99.8,100.5
5077,07,1,omeprazole,Human,Female,2 hr,120,É M,Middle,101.8,100.0
5077,07,2,omeprazole,Human,Female,2 hr,120,É M,Middle,100.3,99.8
5077,08,1,omeprazole,Human,Female,8 hr,120,É M,Middle,95.6,100.0
5077,08,2,omeprazole,Human,Female,8 hr,120,É M,Middle,106.1,100.0
5077,09,1,omeprazole,Human,Female,24 hr,120,É M,Middle,96.9,101.3
5077,09,2,omeprazole,Human,Female,24 hr,120,É M,Middle,104.3,100.6
5077,10,1,omeprazole,Human,Female,2 hr,600,É M,High,96.9,100.5
5077,10,2,omeprazole,Human,Female,2 hr,600,É M,High,102.5,100.2
5077,11,1,omeprazole,Human,Female,8 hr,600,É M,High,95.3,100.3
5077,11,2,omeprazole,Human,Female,8 hr,600,É M,High,101.6,100.7
5077,12,1,omeprazole,Human,Female,24 hr,600,É M,High,96.4,103.3
5077,12,2,omeprazole,Human,Female,24 hr,600,É M,High,102.7,103.6
5078,01,1,ethionine,Human,Female,2 hr,0,É M,Control,101.1,99.4
5078,01,2,ethionine,Human,Female,2 hr,0,É M,Control,98.9,100.6
5078,02,1,ethionine,Human,Female,8 hr,0,É M,Control,97.4,99.8
5078,02,2,ethionine,Human,Female,8 hr,0,É M,Control,102.6,100.2
5078,03,1,ethionine,Human,Female,24 hr,0,É M,Control,97.4,100.0
5078,03,2,ethionine,Human,Female,24 hr,0,É M,Control,102.6,100.0
5078,04,1,ethionine,Human,Female,2 hr,400,É M,Low,103.7,100.2
5078,04,2,ethionine,Human,Female,2 hr,400,É M,Low,106.9,99.8
5078,05,1,ethionine,Human,Female,8 hr,400,É M,Low,101.5,100.0
5078,05,2,ethionine,Human,Female,8 hr,400,É M,Low,98.9,100.2
5078,06,1,ethionine,Human,Female,24 hr,400,É M,Low,100.5,99.8
5078,06,2,ethionine,Human,Female,24 hr,400,É M,Low,100.6,99.8
5078,07,1,ethionine,Human,Female,2 hr,2000,É M,Middle,101.3,100.6
5078,07,2,ethionine,Human,Female,2 hr,2000,É M,Middle,105.1,100.2
5078,08,1,ethionine,Human,Female,8 hr,2000,É M,Middle,95.5,100.0
5078,08,2,ethionine,Human,Female,8 hr,2000,É M,Middle,97.0,100.2
5078,09,1,ethionine,Human,Female,24 hr,2000,É M,Middle,91.7,100.6
5078,09,2,ethionine,Human,Female,24 hr,2000,É M,Middle,95.6,100.5
5078,10,1,ethionine,Human,Female,2 hr,10000,É M,High,99.5,100.2
5078,10,2,ethionine,Human,Female,2 hr,10000,É M,High,104.8,100.9
5078,11,1,ethionine,Human,Female,8 hr,10000,É M,High,97.4,100.2
5078,11,2,ethionine,Human,Female,8 hr,10000,É M,High,98.1,100.2
5078,12,1,ethionine,Human,Female,24 hr,10000,É M,High,92.2,100.2
5078,12,2,ethionine,Human,Female,24 hr,10000,É M,High,95.4,100.3
5079,01,1,aspirin,Human,Female,2 hr,0,É M,Control,97.7,99.9
5079,01,2,aspirin,Human,Female,2 hr,0,É M,Control,102.3,100.1
5079,02,1,aspirin,Human,Female,8 hr,0,É M,Control,99.5,99.8
5079,02,2,aspirin,Human,Female,8 hr,0,É M,Control,100.5,100.2
5079,03,1,aspirin,Human,Female,24 hr,0,É M,Control,99.5,99.8
5079,03,2,aspirin,Human,Female,24 hr,0,É M,Control,100.5,100.2
5079,04,1,aspirin,Human,Female,2 hr,120,É M,Low,94.5,100.1
5079,04,2,aspirin,Human,Female,2 hr,120,É M,Low,102.9,100.4
5079,05,1,aspirin,Human,Female,8 hr,120,É M,Low,99.6,100.0
5079,05,2,aspirin,Human,Female,8 hr,120,É M,Low,103.5,100.0
5079,06,1,aspirin,Human,Female,24 hr,120,É M,Low,99.5,100.4
5079,06,2,aspirin,Human,Female,24 hr,120,É M,Low,99.5,100.7
5079,07,1,aspirin,Human,Female,2 hr,600,É M,Middle,96.8,100.1
5079,07,2,aspirin,Human,Female,2 hr,600,É M,Middle,97.5,99.1
5079,08,1,aspirin,Human,Female,8 hr,600,É M,Middle,102.5,100.0
5079,08,2,aspirin,Human,Female,8 hr,600,É M,Middle,106.4,100.4
5079,09,1,aspirin,Human,Female,24 hr,600,É M,Middle,98.9,101.0
5079,09,2,aspirin,Human,Female,24 hr,600,É M,Middle,102.0,100.5
5079,10,1,aspirin,Human,Female,2 hr,3000,É M,High,96.9,99.4
5079,10,2,aspirin,Human,Female,2 hr,3000,É M,High,100.1,100.1
5079,11,1,aspirin,Human,Female,8 hr,3000,É M,High,99.7,99.8
5079,11,2,aspirin,Human,Female,8 hr,3000,É M,High,106.2,99.8
5079,12,1,aspirin,Human,Female,24 hr,3000,É M,High,102.0,100.2
5079,12,2,aspirin,Human,Female,24 hr,3000,É M,High,104.3,100.8
5080,01,1,indomethacin,Human,Female,2 hr,0,É M,Control,98.5,99.9
5080,01,2,indomethacin,Human,Female,2 hr,0,É M,Control,101.5,100.1
5080,02,1,indomethacin,Human,Female,8 hr,0,É M,Control,97.3,100.0
5080,02,2,indomethacin,Human,Female,8 hr,0,É M,Control,102.7,100.0
5080,03,1,indomethacin,Human,Female,24 hr,0,É M,Control,103.4,100.1
5080,03,2,indomethacin,Human,Female,24 hr,0,É M,Control,96.6,99.9
5080,04,1,indomethacin,Human,Female,2 hr,8,É M,Low,92.5,100.3
5080,04,2,indomethacin,Human,Female,2 hr,8,É M,Low,95.6,99.9
5080,05,1,indomethacin,Human,Female,8 hr,8,É M,Low,97.3,100.2
5080,05,2,indomethacin,Human,Female,8 hr,8,É M,Low,99.5,100.0
5080,06,1,indomethacin,Human,Female,24 hr,8,É M,Low,95.6,100.1
5080,06,2,indomethacin,Human,Female,24 hr,8,É M,Low,102.6,100.3
5080,07,1,indomethacin,Human,Female,2 hr,40,É M,Middle,98.4,100.5
5080,07,2,indomethacin,Human,Female,2 hr,40,É M,Middle,97.5,99.5
5080,08,1,indomethacin,Human,Female,8 hr,40,É M,Middle,102.0,99.8
5080,08,2,indomethacin,Human,Female,8 hr,40,É M,Middle,99.7,100.0
5080,09,1,indomethacin,Human,Female,24 hr,40,É M,Middle,98.2,99.6
5080,09,2,indomethacin,Human,Female,24 hr,40,É M,Middle,98.2,101.0
5080,10,1,indomethacin,Human,Female,2 hr,200,É M,High,88.7,100.1
5080,10,2,indomethacin,Human,Female,2 hr,200,É M,High,96.8,100.3
5080,11,1,indomethacin,Human,Female,8 hr,200,É M,High,95.0,100.0
5080,11,2,indomethacin,Human,Female,8 hr,200,É M,High,100.2,99.8
5080,12,1,indomethacin,Human,Female,24 hr,200,É M,High,97.2,100.1
5080,12,2,indomethacin,Human,Female,24 hr,200,É M,High,98.7,100.7
5081,01,1,chlorpromazine,Human,Female,2 hr,0,É M,Control,97.7,99.7
5081,01,2,chlorpromazine,Human,Female,2 hr,0,É M,Control,102.3,100.3
5081,02,1,chlorpromazine,Human,Female,8 hr,0,É M,Control,96.1,99.9
5081,02,2,chlorpromazine,Human,Female,8 hr,0,É M,Control,103.9,100.1
5081,03,1,chlorpromazine,Human,Female,24 hr,0,É M,Control,100.4,99.7
5081,03,2,chlorpromazine,Human,Female,24 hr,0,É M,Control,99.6,100.3
5081,04,1,chlorpromazine,Human,Female,2 hr,1,É M,Low,99.4,100.6
5081,04,2,chlorpromazine,Human,Female,2 hr,1,É M,Low,95.2,101.0
5081,05,1,chlorpromazine,Human,Female,8 hr,1,É M,Low,97.2,100.3
5081,05,2,chlorpromazine,Human,Female,8 hr,1,É M,Low,98.5,99.9
5081,06,1,chlorpromazine,Human,Female,24 hr,1,É M,Low,99.5,100.3
5081,06,2,chlorpromazine,Human,Female,24 hr,1,É M,Low,101.2,100.3
5081,07,1,chlorpromazine,Human,Female,2 hr,4,É M,Middle,104.6,100.3
5081,07,2,chlorpromazine,Human,Female,2 hr,4,É M,Middle,98.8,100.1
5081,08,1,chlorpromazine,Human,Female,8 hr,4,É M,Middle,94.4,100.1
5081,08,2,chlorpromazine,Human,Female,8 hr,4,É M,Middle,100.4,99.9
5081,09,1,chlorpromazine,Human,Female,24 hr,4,É M,Middle,94.5,100.6
5081,09,2,chlorpromazine,Human,Female,24 hr,4,É M,Middle,101.7,100.1
5081,10,1,chlorpromazine,Human,Female,2 hr,20,É M,High,97.3,99.4
5081,10,2,chlorpromazine,Human,Female,2 hr,20,É M,High,106.4,100.1
5081,11,1,chlorpromazine,Human,Female,8 hr,20,É M,High,101.3,99.9
5081,11,2,chlorpromazine,Human,Female,8 hr,20,É M,High,101.8,99.7
5081,12,1,chlorpromazine,Human,Female,24 hr,20,É M,High,95.5,99.5
5081,12,2,chlorpromazine,Human,Female,24 hr,20,É M,High,95.9,99.2
5082,01,1,thioacetamide,Human,Female,2 hr,0,É M,Control,98.8,99.6
5082,01,2,thioacetamide,Human,Female,2 hr,0,É M,Control,101.2,100.4
5082,02,1,thioacetamide,Human,Female,8 hr,0,É M,Control,100.2,100.1
5082,02,2,thioacetamide,Human,Female,8 hr,0,É M,Control,99.8,99.9
5082,03,1,thioacetamide,Human,Female,24 hr,0,É M,Control,100.4,99.9
5082,03,2,thioacetamide,Human,Female,24 hr,0,É M,Control,99.6,100.1
5082,04,1,thioacetamide,Human,Female,2 hr,400,É M,Low,96.9,100.0
5082,04,2,thioacetamide,Human,Female,2 hr,400,É M,Low,102.8,100.2
5082,05,1,thioacetamide,Human,Female,8 hr,400,É M,Low,96.3,100.5
5082,05,2,thioacetamide,Human,Female,8 hr,400,É M,Low,101.9,100.3
5082,06,1,thioacetamide,Human,Female,24 hr,400,É M,Low,98.2,101.0
5082,06,2,thioacetamide,Human,Female,24 hr,400,É M,Low,100.6,100.5
5082,07,1,thioacetamide,Human,Female,2 hr,2000,É M,Middle,100.3,100.4
5082,07,2,thioacetamide,Human,Female,2 hr,2000,É M,Middle,98.6,100.2
5082,08,1,thioacetamide,Human,Female,8 hr,2000,É M,Middle,97.4,100.1
5082,08,2,thioacetamide,Human,Female,8 hr,2000,É M,Middle,97.7,100.5
5082,09,1,thioacetamide,Human,Female,24 hr,2000,É M,Middle,96.6,101.0
5082,09,2,thioacetamide,Human,Female,24 hr,2000,É M,Middle,105.6,100.3
5082,10,1,thioacetamide,Human,Female,2 hr,10000,É M,High,94.9,99.1
5082,10,2,thioacetamide,Human,Female,2 hr,10000,É M,High,97.2,100.4
5082,11,1,thioacetamide,Human,Female,8 hr,10000,É M,High,93.0,99.9
5082,11,2,thioacetamide,Human,Female,8 hr,10000,É M,High,98.4,100.5
5082,12,1,thioacetamide,Human,Female,24 hr,10000,É M,High,99.1,101.6
5082,12,2,thioacetamide,Human,Female,24 hr,10000,É M,High,99.7,101.8
5083,01,1,carbamazepine,Human,Female,2 hr,0,É M,Control,96.0,100.3
5083,01,2,carbamazepine,Human,Female,2 hr,0,É M,Control,104.0,99.7
5083,02,1,carbamazepine,Human,Female,8 hr,0,É M,Control,98.9,99.8
5083,02,2,carbamazepine,Human,Female,8 hr,0,É M,Control,101.1,100.2
5083,03,1,carbamazepine,Human,Female,24 hr,0,É M,Control,97.6,99.8
5083,03,2,carbamazepine,Human,Female,24 hr,0,É M,Control,102.4,100.2
5083,04,1,carbamazepine,Human,Female,2 hr,12,É M,Low,100.0,99.9
5083,04,2,carbamazepine,Human,Female,2 hr,12,É M,Low,99.7,100.3
5083,05,1,carbamazepine,Human,Female,8 hr,12,É M,Low,96.6,99.4
5083,05,2,carbamazepine,Human,Female,8 hr,12,É M,Low,100.4,99.6
5083,06,1,carbamazepine,Human,Female,24 hr,12,É M,Low,102.3,100.0
5083,06,2,carbamazepine,Human,Female,24 hr,12,É M,Low,101.1,100.5
5083,07,1,carbamazepine,Human,Female,2 hr,60,É M,Middle,99.9,100.3
5083,07,2,carbamazepine,Human,Female,2 hr,60,É M,Middle,99.1,100.3
5083,08,1,carbamazepine,Human,Female,8 hr,60,É M,Middle,102.5,100.4
5083,08,2,carbamazepine,Human,Female,8 hr,60,É M,Middle,101.8,100.0
5083,09,1,carbamazepine,Human,Female,24 hr,60,É M,Middle,99.7,100.7
5083,09,2,carbamazepine,Human,Female,24 hr,60,É M,Middle,101.9,100.5
5083,10,1,carbamazepine,Human,Female,2 hr,300,É M,High,98.6,99.9
5083,10,2,carbamazepine,Human,Female,2 hr,300,É M,High,101.7,100.5
5083,11,1,carbamazepine,Human,Female,8 hr,300,É M,High,100.3,100.0
5083,11,2,carbamazepine,Human,Female,8 hr,300,É M,High,96.1,100.4
5083,12,1,carbamazepine,Human,Female,24 hr,300,É M,High,97.5,101.3
5083,12,2,carbamazepine,Human,Female,24 hr,300,É M,High,99.2,100.9
5084,01,1,diclofenac,Human,Female,2 hr,0,É M,Control,99.7,99.7
5084,01,2,diclofenac,Human,Female,2 hr,0,É M,Control,100.3,100.3
5084,02,1,diclofenac,Human,Female,8 hr,0,É M,Control,97.8,99.9
5084,02,2,diclofenac,Human,Female,8 hr,0,É M,Control,102.2,100.1
5084,03,1,diclofenac,Human,Female,24 hr,0,É M,Control,98.0,100.2
5084,03,2,diclofenac,Human,Female,24 hr,0,É M,Control,102.0,99.8
5084,04,1,diclofenac,Human,Female,2 hr,16,É M,Low,95.9,100.1
5084,04,2,diclofenac,Human,Female,2 hr,16,É M,Low,103.3,100.5
5084,05,1,diclofenac,Human,Female,8 hr,16,É M,Low,94.3,100.6
5084,05,2,diclofenac,Human,Female,8 hr,16,É M,Low,97.6,100.8
5084,06,1,diclofenac,Human,Female,24 hr,16,É M,Low,102.1,100.4
5084,06,2,diclofenac,Human,Female,24 hr,16,É M,Low,100.8,100.4
5084,07,1,diclofenac,Human,Female,2 hr,80,É M,Middle,92.0,100.3
5084,07,2,diclofenac,Human,Female,2 hr,80,É M,Middle,97.5,100.3
5084,08,1,diclofenac,Human,Female,8 hr,80,É M,Middle,94.8,100.8
5084,08,2,diclofenac,Human,Female,8 hr,80,É M,Middle,97.7,100.3
5084,09,1,diclofenac,Human,Female,24 hr,80,É M,Middle,100.7,100.9
5084,09,2,diclofenac,Human,Female,24 hr,80,É M,Middle,99.9,100.6
5084,10,1,diclofenac,Human,Female,2 hr,400,É M,High,99.1,100.3
5084,10,2,diclofenac,Human,Female,2 hr,400,É M,High,100.8,100.7
5084,11,1,diclofenac,Human,Female,8 hr,400,É M,High,92.7,101.2
5084,11,2,diclofenac,Human,Female,8 hr,400,É M,High,100.1,101.0
5084,12,1,diclofenac,Human,Female,24 hr,400,É M,High,94.8,102.2
5084,12,2,diclofenac,Human,Female,24 hr,400,É M,High,96.7,101.7
5085,01,1,nitrofurantoin,Human,Female,2 hr,0,É M,Control,98.6,100.5
5085,01,2,nitrofurantoin,Human,Female,2 hr,0,É M,Control,101.4,99.5
5085,02,1,nitrofurantoin,Human,Female,8 hr,0,É M,Control,99.0,99.8
5085,02,2,nitrofurantoin,Human,Female,8 hr,0,É M,Control,101.0,100.2
5085,03,1,nitrofurantoin,Human,Female,24 hr,0,É M,Control,97.9,100.1
5085,03,2,nitrofurantoin,Human,Female,24 hr,0,É M,Control,102.1,99.9
5085,04,1,nitrofurantoin,Human,Female,2 hr,5,É M,Low,92.2,99.5
5085,04,2,nitrofurantoin,Human,Female,2 hr,5,É M,Low,96.6,99.5
5085,05,1,nitrofurantoin,Human,Female,8 hr,5,É M,Low,93.8,100.2
5085,05,2,nitrofurantoin,Human,Female,8 hr,5,É M,Low,99.3,100.0
5085,06,1,nitrofurantoin,Human,Female,24 hr,5,É M,Low,93.1,99.9
5085,06,2,nitrofurantoin,Human,Female,24 hr,5,É M,Low,93.9,100.8
5085,07,1,nitrofurantoin,Human,Female,2 hr,25,É M,Middle,92.3,100.0
5085,07,2,nitrofurantoin,Human,Female,2 hr,25,É M,Middle,95.5,99.5
5085,08,1,nitrofurantoin,Human,Female,8 hr,25,É M,Middle,95.2,100.7
5085,08,2,nitrofurantoin,Human,Female,8 hr,25,É M,Middle,99.3,100.5
5085,09,1,nitrofurantoin,Human,Female,24 hr,25,É M,Middle,91.2,101.4
5085,09,2,nitrofurantoin,Human,Female,24 hr,25,É M,Middle,92.9,101.4
5085,10,1,nitrofurantoin,Human,Female,2 hr,125,É M,High,92.3,100.0
5085,10,2,nitrofurantoin,Human,Female,2 hr,125,É M,High,94.3,101.0
5085,11,1,nitrofurantoin,Human,Female,8 hr,125,É M,High,94.4,100.5
5085,11,2,nitrofurantoin,Human,Female,8 hr,125,É M,High,95.6,100.0
5085,12,1,nitrofurantoin,Human,Female,24 hr,125,É M,High,88.1,101.0
5085,12,2,nitrofurantoin,Human,Female,24 hr,125,É M,High,95.9,100.1
5086,01,1,benzbromarone,Human,Female,2 hr,0,É M,Control,97.9,99.8
5086,01,2,benzbromarone,Human,Female,2 hr,0,É M,Control,102.1,100.2
5086,02,1,benzbromarone,Human,Female,8 hr,0,É M,Control,97.6,100.2
5086,02,2,benzbromarone,Human,Female,8 hr,0,É M,Control,102.4,99.8
5086,03,1,benzbromarone,Human,Female,24 hr,0,É M,Control,96.8,100.1
5086,03,2,benzbromarone,Human,Female,24 hr,0,É M,Control,103.2,99.9
5086,04,1,benzbromarone,Human,Female,2 hr,4,É M,Low,97.6,99.5
5086,04,2,benzbromarone,Human,Female,2 hr,4,É M,Low,99.1,99.8
5086,05,1,benzbromarone,Human,Female,8 hr,4,É M,Low,102.4,99.8
5086,05,2,benzbromarone,Human,Female,8 hr,4,É M,Low,104.6,99.8
5086,06,1,benzbromarone,Human,Female,24 hr,4,É M,Low,98.0,101.0
5086,06,2,benzbromarone,Human,Female,24 hr,4,É M,Low,103.9,100.4
5086,07,1,benzbromarone,Human,Female,2 hr,20,É M,Middle,91.9,99.3
5086,07,2,benzbromarone,Human,Female,2 hr,20,É M,Middle,96.5,100.2
5086,08,1,benzbromarone,Human,Female,8 hr,20,É M,Middle,96.5,100.0
5086,08,2,benzbromarone,Human,Female,8 hr,20,É M,Middle,102.9,100.7
5086,09,1,benzbromarone,Human,Female,24 hr,20,É M,Middle,97.1,101.2
5086,09,2,benzbromarone,Human,Female,24 hr,20,É M,Middle,99.6,100.8
5086,10,1,benzbromarone,Human,Female,2 hr,100,É M,High,91.3,99.8
5086,10,2,benzbromarone,Human,Female,2 hr,100,É M,High,95.6,100.0
5086,11,1,benzbromarone,Human,Female,8 hr,100,É M,High,97.5,100.0
5086,11,2,benzbromarone,Human,Female,8 hr,100,É M,High,98.5,100.0
5086,12,1,benzbromarone,Human,Female,24 hr,100,É M,High,86.2,96.2
5086,12,2,benzbromarone,Human,Female,24 hr,100,É M,High,90.1,95.3
5087,01,1,hexachlorobenzene,Human,Female,2 hr,0,É M,Control,100.1,99.6
5087,01,2,hexachlorobenzene,Human,Female,2 hr,0,É M,Control,99.9,100.4
5087,02,1,hexachlorobenzene,Human,Female,8 hr,0,É M,Control,98.1,99.8
5087,02,2,hexachlorobenzene,Human,Female,8 hr,0,É M,Control,101.9,100.2
5087,03,1,hexachlorobenzene,Human,Female,24 hr,0,É M,Control,95.4,100.5
5087,03,2,hexachlorobenzene,Human,Female,24 hr,0,É M,Control,104.6,99.5
5087,04,1,hexachlorobenzene,Human,Female,2 hr,1,É M,Low,95.6,99.9
5087,04,2,hexachlorobenzene,Human,Female,2 hr,1,É M,Low,99.4,100.4
5087,05,1,hexachlorobenzene,Human,Female,8 hr,1,É M,Low,98.4,100.0
5087,05,2,hexachlorobenzene,Human,Female,8 hr,1,É M,Low,97.8,100.5
5087,06,1,hexachlorobenzene,Human,Female,24 hr,1,É M,Low,103.2,99.3
5087,06,2,hexachlorobenzene,Human,Female,24 hr,1,É M,Low,96.2,100.4
5087,07,1,hexachlorobenzene,Human,Female,2 hr,6,É M,Middle,94.7,99.6
5087,07,2,hexachlorobenzene,Human,Female,2 hr,6,É M,Middle,94.7,99.6
5087,08,1,hexachlorobenzene,Human,Female,8 hr,6,É M,Middle,93.9,100.7
5087,08,2,hexachlorobenzene,Human,Female,8 hr,6,É M,Middle,93.7,100.5
5087,09,1,hexachlorobenzene,Human,Female,24 hr,6,É M,Middle,100.8,100.2
5087,09,2,hexachlorobenzene,Human,Female,24 hr,6,É M,Middle,97.5,100.0
5087,10,1,hexachlorobenzene,Human,Female,2 hr,30,É M,High,96.9,99.6
5087,10,2,hexachlorobenzene,Human,Female,2 hr,30,É M,High,101.1,99.6
5087,11,1,hexachlorobenzene,Human,Female,8 hr,30,É M,High,98.7,100.0
5087,11,2,hexachlorobenzene,Human,Female,8 hr,30,É M,High,90.3,100.7
5087,12,1,hexachlorobenzene,Human,Female,24 hr,30,É M,High,101.0,99.6
5087,12,2,hexachlorobenzene,Human,Female,24 hr,30,É M,High,102.5,99.8
5088,01,1,diazepam,Human,Female,2 hr,0,É M,Control,98.2,100.0
5088,01,2,diazepam,Human,Female,2 hr,0,É M,Control,101.8,100.0
5088,02,1,diazepam,Human,Female,8 hr,0,É M,Control,98.0,99.3
5088,02,2,diazepam,Human,Female,8 hr,0,É M,Control,102.0,100.7
5088,03,1,diazepam,Human,Female,24 hr,0,É M,Control,98.5,99.5
5088,03,2,diazepam,Human,Female,24 hr,0,É M,Control,101.5,100.5
5088,04,1,diazepam,Human,Female,2 hr,10,É M,Low,96.8,99.8
5088,04,2,diazepam,Human,Female,2 hr,10,É M,Low,107.8,99.6
5088,05,1,diazepam,Human,Female,8 hr,10,É M,Low,93.2,100.1
5088,05,2,diazepam,Human,Female,8 hr,10,É M,Low,98.8,100.5
5088,06,1,diazepam,Human,Female,24 hr,10,É M,Low,94.3,100.9
5088,06,2,diazepam,Human,Female,24 hr,10,É M,Low,100.7,101.1
5088,07,1,diazepam,Human,Female,2 hr,50,É M,Middle,100.5,99.0
5088,07,2,diazepam,Human,Female,2 hr,50,É M,Middle,105.3,99.8
5088,08,1,diazepam,Human,Female,8 hr,50,É M,Middle,90.4,100.3
5088,08,2,diazepam,Human,Female,8 hr,50,É M,Middle,93.5,100.9
5088,09,1,diazepam,Human,Female,24 hr,50,É M,Middle,91.8,100.7
5088,09,2,diazepam,Human,Female,24 hr,50,É M,Middle,96.5,100.7
5088,10,1,diazepam,Human,Female,2 hr,250,É M,High,99.6,98.5
5088,10,2,diazepam,Human,Female,2 hr,250,É M,High,104.9,99.0
5088,11,1,diazepam,Human,Female,8 hr,250,É M,High,86.8,100.3
5088,11,2,diazepam,Human,Female,8 hr,250,É M,High,90.9,100.1
5088,12,1,diazepam,Human,Female,24 hr,250,É M,High,91.2,100.9
5088,12,2,diazepam,Human,Female,24 hr,250,É M,High,99.8,99.8
5089,01,1,cyclophosphamide,Human,Female,2 hr,0,É M,Control,100.9,99.8
5089,01,2,cyclophosphamide,Human,Female,2 hr,0,É M,Control,99.1,100.2
5089,02,1,cyclophosphamide,Human,Female,8 hr,0,É M,Control,98.0,99.8
5089,02,2,cyclophosphamide,Human,Female,8 hr,0,É M,Control,102.0,100.2
5089,03,1,cyclophosphamide,Human,Female,24 hr,0,É M,Control,98.8,100.2
5089,03,2,cyclophosphamide,Human,Female,24 hr,0,É M,Control,101.2,99.8
5089,04,1,cyclophosphamide,Human,Female,2 hr,80,É M,Low,101.6,99.3
5089,04,2,cyclophosphamide,Human,Female,2 hr,80,É M,Low,99.5,100.2
5089,05,1,cyclophosphamide,Human,Female,8 hr,80,É M,Low,99.5,99.8
5089,05,2,cyclophosphamide,Human,Female,8 hr,80,É M,Low,100.0,100.2
5089,06,1,cyclophosphamide,Human,Female,24 hr,80,É M,Low,104.2,99.6
5089,06,2,cyclophosphamide,Human,Female,24 hr,80,É M,Low,102.4,100.0
5089,07,1,cyclophosphamide,Human,Female,2 hr,400,É M,Middle,92.0,98.9
5089,07,2,cyclophosphamide,Human,Female,2 hr,400,É M,Middle,99.1,100.0
5089,08,1,cyclophosphamide,Human,Female,8 hr,400,É M,Middle,94.6,100.2
5089,08,2,cyclophosphamide,Human,Female,8 hr,400,É M,Middle,101.7,99.6
5089,09,1,cyclophosphamide,Human,Female,24 hr,400,É M,Middle,104.5,100.7
5089,09,2,cyclophosphamide,Human,Female,24 hr,400,É M,Middle,107.6,100.2
5089,10,1,cyclophosphamide,Human,Female,2 hr,2000,É M,High,92.2,99.8
5089,10,2,cyclophosphamide,Human,Female,2 hr,2000,É M,High,105.9,100.0
5089,11,1,cyclophosphamide,Human,Female,8 hr,2000,É M,High,91.0,100.4
5089,11,2,cyclophosphamide,Human,Female,8 hr,2000,É M,High,103.9,100.4
5089,12,1,cyclophosphamide,Human,Female,24 hr,2000,É M,High,101.8,101.8
5089,12,2,cyclophosphamide,Human,Female,24 hr,2000,É M,High,105.5,101.6
5090,01,1,methapyrilene,Human,Female,2 hr,0,É M,Control,100.5,99.5
5090,01,2,methapyrilene,Human,Female,2 hr,0,É M,Control,99.5,100.5
5090,02,1,methapyrilene,Human,Female,8 hr,0,É M,Control,96.9,100.5
5090,02,2,methapyrilene,Human,Female,8 hr,0,É M,Control,103.1,99.5
5090,03,1,methapyrilene,Human,Female,24 hr,0,É M,Control,97.6,100.5
5090,03,2,methapyrilene,Human,Female,24 hr,0,É M,Control,102.4,99.5
5090,04,1,methapyrilene,Human,Female,2 hr,24,É M,Low,100.3,98.9
5090,04,2,methapyrilene,Human,Female,2 hr,24,É M,Low,102.8,99.7
5090,05,1,methapyrilene,Human,Female,8 hr,24,É M,Low,99.2,100.2
5090,05,2,methapyrilene,Human,Female,8 hr,24,É M,Low,97.2,100.7
5090,06,1,methapyrilene,Human,Female,24 hr,24,É M,Low,96.8,100.1
5090,06,2,methapyrilene,Human,Female,24 hr,24,É M,Low,100.9,99.3
5090,07,1,methapyrilene,Human,Female,2 hr,120,É M,Middle,98.2,100.8
5090,07,2,methapyrilene,Human,Female,2 hr,120,É M,Middle,99.7,100.5
5090,08,1,methapyrilene,Human,Female,8 hr,120,É M,Middle,93.0,100.5
5090,08,2,methapyrilene,Human,Female,8 hr,120,É M,Middle,94.4,101.9
5090,09,1,methapyrilene,Human,Female,24 hr,120,É M,Middle,93.8,101.1
5090,09,2,methapyrilene,Human,Female,24 hr,120,É M,Middle,100.7,100.7
5090,10,1,methapyrilene,Human,Female,2 hr,600,É M,High,96.8,100.5
5090,10,2,methapyrilene,Human,Female,2 hr,600,É M,High,98.9,101.4
5090,11,1,methapyrilene,Human,Female,8 hr,600,É M,High,96.6,101.2
5090,11,2,methapyrilene,Human,Female,8 hr,600,É M,High,92.5,101.9
5090,12,1,methapyrilene,Human,Female,24 hr,600,É M,High,86.9,102.5
5090,12,2,methapyrilene,Human,Female,24 hr,600,É M,High,92.2,101.7
5091,01,1,phenytoin,Human,Female,2 hr,0,É M,Control,98.8,99.5
5091,01,2,phenytoin,Human,Female,2 hr,0,É M,Control,101.2,100.5
5091,02,1,phenytoin,Human,Female,8 hr,0,É M,Control,97.4,99.7
5091,02,2,phenytoin,Human,Female,8 hr,0,É M,Control,102.6,100.3
5091,03,1,phenytoin,Human,Female,24 hr,0,É M,Control,97.6,100.0
5091,03,2,phenytoin,Human,Female,24 hr,0,É M,Control,102.4,100.0
5091,04,1,phenytoin,Human,Female,2 hr,2,É M,Low,100.5,100.8
5091,04,2,phenytoin,Human,Female,2 hr,2,É M,Low,104.5,99.8
5091,05,1,phenytoin,Human,Female,8 hr,2,É M,Low,97.4,99.7
5091,05,2,phenytoin,Human,Female,8 hr,2,É M,Low,101.0,101.1
5091,06,1,phenytoin,Human,Female,24 hr,2,É M,Low,107.8,98.7
5091,06,2,phenytoin,Human,Female,24 hr,2,É M,Low,114.6,99.1
5091,07,1,phenytoin,Human,Female,2 hr,12,É M,Middle,96.3,98.6
5091,07,2,phenytoin,Human,Female,2 hr,12,É M,Middle,95.6,100.8
5091,08,1,phenytoin,Human,Female,8 hr,12,É M,Middle,98.7,99.4
5091,08,2,phenytoin,Human,Female,8 hr,12,É M,Middle,102.6,99.7
5091,09,1,phenytoin,Human,Female,24 hr,12,É M,Middle,103.5,99.3
5091,09,2,phenytoin,Human,Female,24 hr,12,É M,Middle,108.8,98.7
5091,10,1,phenytoin,Human,Female,2 hr,60,É M,High,94.6,97.9
5091,10,2,phenytoin,Human,Female,2 hr,60,É M,High,106.8,100.2
5091,11,1,phenytoin,Human,Female,8 hr,60,É M,High,90.0,100.8
5091,11,2,phenytoin,Human,Female,8 hr,60,É M,High,100.6,99.7
5091,12,1,phenytoin,Human,Female,24 hr,60,É M,High,102.2,100.0
5091,12,2,phenytoin,Human,Female,24 hr,60,É M,High,103.7,100.2
5092,01,1,coumarin,Human,Female,2 hr,0,É M,Control,99.7,99.5
5092,01,2,coumarin,Human,Female,2 hr,0,É M,Control,100.3,100.5
5092,02,1,coumarin,Human,Female,8 hr,0,É M,Control,99.3,99.5
5092,02,2,coumarin,Human,Female,8 hr,0,É M,Control,100.7,100.5
5092,03,1,coumarin,Human,Female,24 hr,0,É M,Control,98.2,100.3
5092,03,2,coumarin,Human,Female,24 hr,0,É M,Control,101.8,99.7
5092,04,1,coumarin,Human,Female,2 hr,12,É M,Low,87.9,99.8
5092,04,2,coumarin,Human,Female,2 hr,12,É M,Low,91.3,99.8
5092,05,1,coumarin,Human,Female,8 hr,12,É M,Low,98.1,100.3
5092,05,2,coumarin,Human,Female,8 hr,12,É M,Low,101.1,101.1
5092,06,1,coumarin,Human,Female,24 hr,12,É M,Low,94.0,101.0
5092,06,2,coumarin,Human,Female,24 hr,12,É M,Low,104.7,100.3
5092,07,1,coumarin,Human,Female,2 hr,60,É M,Middle,88.1,98.9
5092,07,2,coumarin,Human,Female,2 hr,60,É M,Middle,89.3,100.8
5092,08,1,coumarin,Human,Female,8 hr,60,É M,Middle,100.8,100.8
5092,08,2,coumarin,Human,Female,8 hr,60,É M,Middle,112.5,101.1
5092,09,1,coumarin,Human,Female,24 hr,60,É M,Middle,107.7,100.5
5092,09,2,coumarin,Human,Female,24 hr,60,É M,Middle,101.4,101.3
5092,10,1,coumarin,Human,Female,2 hr,300,É M,High,91.6,98.9
5092,10,2,coumarin,Human,Female,2 hr,300,É M,High,101.8,99.8
5092,11,1,coumarin,Human,Female,8 hr,300,É M,High,111.4,101.6
5092,11,2,coumarin,Human,Female,8 hr,300,É M,High,101.9,99.5
5092,12,1,coumarin,Human,Female,24 hr,300,É M,High,101.8,102.0
5092,12,2,coumarin,Human,Female,24 hr,300,É M,High,101.7,102.0
5093,01,1,allopurinol,Human,Female,2 hr,0,É M,Control,99.8,99.4
5093,01,2,allopurinol,Human,Female,2 hr,0,É M,Control,100.2,100.6
5093,02,1,allopurinol,Human,Female,8 hr,0,É M,Control,99.0,99.4
5093,02,2,allopurinol,Human,Female,8 hr,0,É M,Control,101.0,100.6
5093,03,1,allopurinol,Human,Female,24 hr,0,É M,Control,97.7,99.8
5093,03,2,allopurinol,Human,Female,24 hr,0,É M,Control,102.3,100.2
5093,04,1,allopurinol,Human,Female,2 hr,6,É M,Low,97.0,100.3
5093,04,2,allopurinol,Human,Female,2 hr,6,É M,Low,102.0,100.6
5093,05,1,allopurinol,Human,Female,8 hr,6,É M,Low,95.5,99.4
5093,05,2,allopurinol,Human,Female,8 hr,6,É M,Low,102.0,100.6
5093,06,1,allopurinol,Human,Female,24 hr,6,É M,Low,102.0,100.7
5093,06,2,allopurinol,Human,Female,24 hr,6,É M,Low,109.9,99.5
5093,07,1,allopurinol,Human,Female,2 hr,28,É M,Middle,102.2,98.9
5093,07,2,allopurinol,Human,Female,2 hr,28,É M,Middle,100.1,100.6
5093,08,1,allopurinol,Human,Female,8 hr,28,É M,Middle,98.0,99.4
5093,08,2,allopurinol,Human,Female,8 hr,28,É M,Middle,101.1,100.6
5093,09,1,allopurinol,Human,Female,24 hr,28,É M,Middle,102.4,100.0
5093,09,2,allopurinol,Human,Female,24 hr,28,É M,Middle,103.1,100.7
5093,10,1,allopurinol,Human,Female,2 hr,140,É M,High,92.2,100.6
5093,10,2,allopurinol,Human,Female,2 hr,140,É M,High,98.0,99.7
5093,11,1,allopurinol,Human,Female,8 hr,140,É M,High,100.1,99.4
5093,11,2,allopurinol,Human,Female,8 hr,140,É M,High,98.9,100.3
5093,12,1,allopurinol,Human,Female,24 hr,140,É M,High,97.7,99.5
5093,12,2,allopurinol,Human,Female,24 hr,140,É M,High,106.3,99.8
5094,01,1,propylthiouracil,Human,Female,2 hr,0,É M,Control,96.3,99.4
5094,01,2,propylthiouracil,Human,Female,2 hr,0,É M,Control,103.7,100.6
5094,02,1,propylthiouracil,Human,Female,8 hr,0,É M,Control,98.4,99.9
5094,02,2,propylthiouracil,Human,Female,8 hr,0,É M,Control,101.6,100.1
5094,03,1,propylthiouracil,Human,Female,24 hr,0,É M,Control,99.4,100.0
5094,03,2,propylthiouracil,Human,Female,24 hr,0,É M,Control,100.6,100.0
5094,04,1,propylthiouracil,Human,Female,2 hr,160,É M,Low,94.6,100.0
5094,04,2,propylthiouracil,Human,Female,2 hr,160,É M,Low,98.3,99.7
5094,05,1,propylthiouracil,Human,Female,8 hr,160,É M,Low,94.7,100.1
5094,05,2,propylthiouracil,Human,Female,8 hr,160,É M,Low,96.7,100.4
5094,06,1,propylthiouracil,Human,Female,24 hr,160,É M,Low,96.7,100.5
5094,06,2,propylthiouracil,Human,Female,24 hr,160,É M,Low,105.8,100.2
5094,07,1,propylthiouracil,Human,Female,2 hr,800,É M,Middle,96.5,99.7
5094,07,2,propylthiouracil,Human,Female,2 hr,800,É M,Middle,102.5,99.7
5094,08,1,propylthiouracil,Human,Female,8 hr,800,É M,Middle,98.5,99.6
5094,08,2,propylthiouracil,Human,Female,8 hr,800,É M,Middle,95.9,100.9
5094,09,1,propylthiouracil,Human,Female,24 hr,800,É M,Middle,93.8,101.5
5094,09,2,propylthiouracil,Human,Female,24 hr,800,É M,Middle,99.7,101.2
5094,10,1,propylthiouracil,Human,Female,2 hr,4000,É M,High,91.7,99.1
5094,10,2,propylthiouracil,Human,Female,2 hr,4000,É M,High,97.7,99.7
5094,11,1,propylthiouracil,Human,Female,8 hr,4000,É M,High,89.1,100.4
5094,11,2,propylthiouracil,Human,Female,8 hr,4000,É M,High,96.2,101.7
5094,12,1,propylthiouracil,Human,Female,24 hr,4000,É M,High,99.0,102.9
5094,12,2,propylthiouracil,Human,Female,24 hr,4000,É M,High,96.2,102.2
5095,01,1,WY-14643,Human,Female,2 hr,0,É M,Control,99.4,99.0
5095,01,2,WY-14643,Human,Female,2 hr,0,É M,Control,100.6,101.0
5095,02,1,WY-14643,Human,Female,8 hr,0,É M,Control,98.6,100.4
5095,02,2,WY-14643,Human,Female,8 hr,0,É M,Control,101.4,99.6
5095,03,1,WY-14643,Human,Female,24 hr,0,É M,Control,97.3,100.0
5095,03,2,WY-14643,Human,Female,24 hr,0,É M,Control,102.7,100.0
5095,04,1,WY-14643,Human,Female,2 hr,6,É M,Low,92.8,99.5
5095,04,2,WY-14643,Human,Female,2 hr,6,É M,Low,96.9,100.5
5095,05,1,WY-14643,Human,Female,8 hr,6,É M,Low,99.5,98.2
5095,05,2,WY-14643,Human,Female,8 hr,6,É M,Low,101.5,99.6
5095,06,1,WY-14643,Human,Female,24 hr,6,É M,Low,94.0,101.1
5095,06,2,WY-14643,Human,Female,24 hr,6,É M,Low,98.7,100.4
5095,07,1,WY-14643,Human,Female,2 hr,30,É M,Middle,98.2,100.0
5095,07,2,WY-14643,Human,Female,2 hr,30,É M,Middle,100.2,99.5
5095,08,1,WY-14643,Human,Female,8 hr,30,É M,Middle,97.6,99.3
5095,08,2,WY-14643,Human,Female,8 hr,30,É M,Middle,98.7,100.0
5095,09,1,WY-14643,Human,Female,24 hr,30,É M,Middle,97.4,100.6
5095,09,2,WY-14643,Human,Female,24 hr,30,É M,Middle,99.7,100.6
5095,10,1,WY-14643,Human,Female,2 hr,150,É M,High,93.4,100.0
5095,10,2,WY-14643,Human,Female,2 hr,150,É M,High,103.7,100.5
5095,11,1,WY-14643,Human,Female,8 hr,150,É M,High,96.3,99.6
5095,11,2,WY-14643,Human,Female,8 hr,150,É M,High,95.6,100.4
5095,12,1,WY-14643,Human,Female,24 hr,150,É M,High,92.8,100.4
5095,12,2,WY-14643,Human,Female,24 hr,150,É M,High,102.8,100.6
5096,01,1,gemfibrozil,Human,Female,2 hr,0,É M,Control,101.1,100.6
5096,01,2,gemfibrozil,Human,Female,2 hr,0,É M,Control,98.9,99.4
5096,02,1,gemfibrozil,Human,Female,8 hr,0,É M,Control,100.2,99.8
5096,02,2,gemfibrozil,Human,Female,8 hr,0,É M,Control,99.8,100.2
5096,03,1,gemfibrozil,Human,Female,24 hr,0,É M,Control,101.8,100.1
5096,03,2,gemfibrozil,Human,Female,24 hr,0,É M,Control,98.2,99.9
5096,04,1,gemfibrozil,Human,Female,2 hr,4,É M,Low,95.3,100.6
5096,04,2,gemfibrozil,Human,Female,2 hr,4,É M,Low,102.7,100.2
5096,05,1,gemfibrozil,Human,Female,8 hr,4,É M,Low,96.0,100.5
5096,05,2,gemfibrozil,Human,Female,8 hr,4,É M,Low,100.3,100.8
5096,06,1,gemfibrozil,Human,Female,24 hr,4,É M,Low,99.5,100.5
5096,06,2,gemfibrozil,Human,Female,24 hr,4,É M,Low,104.8,99.5
5096,07,1,gemfibrozil,Human,Female,2 hr,20,É M,Middle,93.9,100.2
5096,07,2,gemfibrozil,Human,Female,2 hr,20,É M,Middle,97.2,100.6
5096,08,1,gemfibrozil,Human,Female,8 hr,20,É M,Middle,96.0,100.2
5096,08,2,gemfibrozil,Human,Female,8 hr,20,É M,Middle,98.0,101.1
5096,09,1,gemfibrozil,Human,Female,24 hr,20,É M,Middle,98.3,100.3
5096,09,2,gemfibrozil,Human,Female,24 hr,20,É M,Middle,98.6,100.7
5096,10,1,gemfibrozil,Human,Female,2 hr,100,É M,High,97.4,99.8
5096,10,2,gemfibrozil,Human,Female,2 hr,100,É M,High,101.8,100.2
5096,11,1,gemfibrozil,Human,Female,8 hr,100,É M,High,94.9,100.8
5096,11,2,gemfibrozil,Human,Female,8 hr,100,É M,High,100.1,100.5
5096,12,1,gemfibrozil,Human,Female,24 hr,100,É M,High,96.7,99.9
5096,12,2,gemfibrozil,Human,Female,24 hr,100,É M,High,99.8,100.5
5097,01,1,bromobenzene,Human,Female,2 hr,0,É M,Control,98.8,100.0
5097,01,2,bromobenzene,Human,Female,2 hr,0,É M,Control,101.2,100.0
5097,02,1,bromobenzene,Human,Female,8 hr,0,É M,Control,100.0,99.9
5097,02,2,bromobenzene,Human,Female,8 hr,0,É M,Control,100.0,100.1
5097,03,1,bromobenzene,Human,Female,24 hr,0,É M,Control,95.3,99.8
5097,03,2,bromobenzene,Human,Female,24 hr,0,É M,Control,104.7,100.2
5097,04,1,bromobenzene,Human,Female,2 hr,8,É M,Low,94.6,99.7
5097,04,2,bromobenzene,Human,Female,2 hr,8,É M,Low,99.3,100.3
5097,05,1,bromobenzene,Human,Female,8 hr,8,É M,Low,95.5,100.1
5097,05,2,bromobenzene,Human,Female,8 hr,8,É M,Low,98.1,100.4
5097,06,1,bromobenzene,Human,Female,24 hr,8,É M,Low,96.9,100.7
5097,06,2,bromobenzene,Human,Female,24 hr,8,É M,Low,98.4,100.7
5097,07,1,bromobenzene,Human,Female,2 hr,40,É M,Middle,93.8,99.7
5097,07,2,bromobenzene,Human,Female,2 hr,40,É M,Middle,96.1,99.7
5097,08,1,bromobenzene,Human,Female,8 hr,40,É M,Middle,94.9,100.4
5097,08,2,bromobenzene,Human,Female,8 hr,40,É M,Middle,95.9,100.5
5097,09,1,bromobenzene,Human,Female,24 hr,40,É M,Middle,94.8,100.5
5097,09,2,bromobenzene,Human,Female,24 hr,40,É M,Middle,101.0,101.1
5097,10,1,bromobenzene,Human,Female,2 hr,200,É M,High,99.0,100.0
5097,10,2,bromobenzene,Human,Female,2 hr,200,É M,High,95.2,100.3
5097,11,1,bromobenzene,Human,Female,8 hr,200,É M,High,91.2,100.2
5097,11,2,bromobenzene,Human,Female,8 hr,200,É M,High,98.8,100.7
5097,12,1,bromobenzene,Human,Female,24 hr,200,É M,High,95.5,100.7
5097,12,2,bromobenzene,Human,Female,24 hr,200,É M,High,99.6,100.7
5098,01,1,amiodarone,Human,Female,2 hr,0,É M,Control,100.8,99.9
5098,01,2,amiodarone,Human,Female,2 hr,0,É M,Control,99.2,100.1
5098,02,1,amiodarone,Human,Female,8 hr,0,É M,Control,97.0,100.2
5098,02,2,amiodarone,Human,Female,8 hr,0,É M,Control,103.0,99.8
5098,03,1,amiodarone,Human,Female,24 hr,0,É M,Control,96.8,100.1
5098,03,2,amiodarone,Human,Female,24 hr,0,É M,Control,103.2,99.9
5098,04,1,amiodarone,Human,Female,2 hr,0,É M,Low,101.8,99.9
5098,04,2,amiodarone,Human,Female,2 hr,0,É M,Low,105.0,100.4
5098,05,1,amiodarone,Human,Female,8 hr,0,É M,Low,102.3,100.5
5098,05,2,amiodarone,Human,Female,8 hr,0,É M,Low,105.3,100.5
5098,06,1,amiodarone,Human,Female,24 hr,0,É M,Low,97.6,100.8
5098,06,2,amiodarone,Human,Female,24 hr,0,É M,Low,101.6,99.7
5098,07,1,amiodarone,Human,Female,2 hr,1,É M,Middle,103.6,100.4
5098,07,2,amiodarone,Human,Female,2 hr,1,É M,Middle,108.8,100.4
5098,08,1,amiodarone,Human,Female,8 hr,1,É M,Middle,97.4,100.5
5098,08,2,amiodarone,Human,Female,8 hr,1,É M,Middle,100.1,100.5
5098,09,1,amiodarone,Human,Female,24 hr,1,É M,Middle,96.6,101.0
5098,09,2,amiodarone,Human,Female,24 hr,1,É M,Middle,100.4,100.1
5098,10,1,amiodarone,Human,Female,2 hr,7,É M,High,101.0,99.9
5098,10,2,amiodarone,Human,Female,2 hr,7,É M,High,103.8,100.4
5098,11,1,amiodarone,Human,Female,8 hr,7,É M,High,95.7,100.2
5098,11,2,amiodarone,Human,Female,8 hr,7,É M,High,96.7,101.0
5098,12,1,amiodarone,Human,Female,24 hr,7,É M,High,94.3,100.6
5098,12,2,amiodarone,Human,Female,24 hr,7,É M,High,100.1,100.1
5099,01,1,sulfasalazine,Human,Female,2 hr,0,É M,Control,101.7,99.5
5099,01,2,sulfasalazine,Human,Female,2 hr,0,É M,Control,98.3,100.5
5099,02,1,sulfasalazine,Human,Female,8 hr,0,É M,Control,97.5,100.0
5099,02,2,sulfasalazine,Human,Female,8 hr,0,É M,Control,102.5,100.0
5099,03,1,sulfasalazine,Human,Female,24 hr,0,É M,Control,97.0,100.2
5099,03,2,sulfasalazine,Human,Female,24 hr,0,É M,Control,103.0,99.8
5099,04,1,sulfasalazine,Human,Female,2 hr,6,É M,Low,99.5,99.8
5099,04,2,sulfasalazine,Human,Female,2 hr,6,É M,Low,100.8,100.8
5099,05,1,sulfasalazine,Human,Female,8 hr,6,É M,Low,98.6,100.2
5099,05,2,sulfasalazine,Human,Female,8 hr,6,É M,Low,100.6,100.2
5099,06,1,sulfasalazine,Human,Female,24 hr,6,É M,Low,102.1,100.2
5099,06,2,sulfasalazine,Human,Female,24 hr,6,É M,Low,102.5,100.8
5099,07,1,sulfasalazine,Human,Female,2 hr,30,É M,Middle,94.6,99.8
5099,07,2,sulfasalazine,Human,Female,2 hr,30,É M,Middle,103.2,100.5
5099,08,1,sulfasalazine,Human,Female,8 hr,30,É M,Middle,94.6,100.5
5099,08,2,sulfasalazine,Human,Female,8 hr,30,É M,Middle,102.8,100.5
5099,09,1,sulfasalazine,Human,Female,24 hr,30,É M,Middle,94.9,100.4
5099,09,2,sulfasalazine,Human,Female,24 hr,30,É M,Middle,102.6,100.4
5099,10,1,sulfasalazine,Human,Female,2 hr,150,É M,High,91.5,100.5
5099,10,2,sulfasalazine,Human,Female,2 hr,150,É M,High,95.6,100.2
5099,11,1,sulfasalazine,Human,Female,8 hr,150,É M,High,94.4,99.5
5099,11,2,sulfasalazine,Human,Female,8 hr,150,É M,High,93.6,100.2
5099,12,1,sulfasalazine,Human,Female,24 hr,150,É M,High,94.0,100.0
5099,12,2,sulfasalazine,Human,Female,24 hr,150,É M,High,94.3,100.4
5100,01,1,cimetidine,Human,Female,2 hr,0,É M,Control,100.1,99.4
5100,01,2,cimetidine,Human,Female,2 hr,0,É M,Control,99.9,100.6
5100,02,1,cimetidine,Human,Female,8 hr,0,É M,Control,98.2,100.3
5100,02,2,cimetidine,Human,Female,8 hr,0,É M,Control,101.8,99.7
5100,03,1,cimetidine,Human,Female,24 hr,0,É M,Control,97.1,100.1
5100,03,2,cimetidine,Human,Female,24 hr,0,É M,Control,102.9,99.9
5100,04,1,cimetidine,Human,Female,2 hr,12,É M,Low,96.8,100.3
5100,04,2,cimetidine,Human,Female,2 hr,12,É M,Low,102.0,100.6
5100,05,1,cimetidine,Human,Female,8 hr,12,É M,Low,97.9,99.7
5100,05,2,cimetidine,Human,Female,8 hr,12,É M,Low,101.0,99.2
5100,06,1,cimetidine,Human,Female,24 hr,12,É M,Low,97.6,101.2
5100,06,2,cimetidine,Human,Female,24 hr,12,É M,Low,101.2,101.0
5100,07,1,cimetidine,Human,Female,2 hr,60,É M,Middle,100.9,99.7
5100,07,2,cimetidine,Human,Female,2 hr,60,É M,Middle,104.8,100.3
5100,08,1,cimetidine,Human,Female,8 hr,60,É M,Middle,97.4,98.9
5100,08,2,cimetidine,Human,Female,8 hr,60,É M,Middle,99.3,99.5
5100,09,1,cimetidine,Human,Female,24 hr,60,É M,Middle,100.8,100.8
5100,09,2,cimetidine,Human,Female,24 hr,60,É M,Middle,105.9,101.2
5100,10,1,cimetidine,Human,Female,2 hr,300,É M,High,97.9,100.3
5100,10,2,cimetidine,Human,Female,2 hr,300,É M,High,106.2,100.3
5100,11,1,cimetidine,Human,Female,8 hr,300,É M,High,95.9,99.2
5100,11,2,cimetidine,Human,Female,8 hr,300,É M,High,98.0,100.5
5100,12,1,cimetidine,Human,Female,24 hr,300,É M,High,100.8,101.6
5100,12,2,cimetidine,Human,Female,24 hr,300,É M,High,110.7,100.5
5101,01,1,haloperidol,Human,Female,2 hr,0,É M,Control,97.7,99.1
5101,01,2,haloperidol,Human,Female,2 hr,0,É M,Control,102.3,100.9
5101,02,1,haloperidol,Human,Female,8 hr,0,É M,Control,100.6,99.5
5101,02,2,haloperidol,Human,Female,8 hr,0,É M,Control,99.4,100.5
5101,03,1,haloperidol,Human,Female,24 hr,0,É M,Control,98.7,99.6
5101,03,2,haloperidol,Human,Female,24 hr,0,É M,Control,101.3,100.4
5101,04,1,haloperidol,Human,Female,2 hr,1,É M,Low,97.9,100.0
5101,04,2,haloperidol,Human,Female,2 hr,1,É M,Low,100.2,100.4
5101,05,1,haloperidol,Human,Female,8 hr,1,É M,Low,98.3,100.2
5101,05,2,haloperidol,Human,Female,8 hr,1,É M,Low,98.8,101.6
5101,06,1,haloperidol,Human,Female,24 hr,1,É M,Low,94.3,100.8
5101,06,2,haloperidol,Human,Female,24 hr,1,É M,Low,102.7,101.1
5101,07,1,haloperidol,Human,Female,2 hr,4,É M,Middle,97.4,99.6
5101,07,2,haloperidol,Human,Female,2 hr,4,É M,Middle,95.2,99.1
5101,08,1,haloperidol,Human,Female,8 hr,4,É M,Middle,101.3,100.9
5101,08,2,haloperidol,Human,Female,8 hr,4,É M,Middle,97.0,101.2
5101,09,1,haloperidol,Human,Female,24 hr,4,É M,Middle,90.2,102.2
5101,09,2,haloperidol,Human,Female,24 hr,4,É M,Middle,98.4,102.0
5101,10,1,haloperidol,Human,Female,2 hr,20,É M,High,92.2,99.6
5101,10,2,haloperidol,Human,Female,2 hr,20,É M,High,97.6,100.0
5101,11,1,haloperidol,Human,Female,8 hr,20,É M,High,94.6,100.5
5101,11,2,haloperidol,Human,Female,8 hr,20,É M,High,95.5,101.2
5101,12,1,haloperidol,Human,Female,24 hr,20,É M,High,96.8,101.3
5101,12,2,haloperidol,Human,Female,24 hr,20,É M,High,99.1,100.8
5102,01,1,fluphenazine,Human,Female,2 hr,0,É M,Control,94.4,99.4
5102,01,2,fluphenazine,Human,Female,2 hr,0,É M,Control,105.6,100.6
5102,02,1,fluphenazine,Human,Female,8 hr,0,É M,Control,96.8,99.7
5102,02,2,fluphenazine,Human,Female,8 hr,0,É M,Control,103.2,100.3
5102,03,1,fluphenazine,Human,Female,24 hr,0,É M,Control,98.7,100.3
5102,03,2,fluphenazine,Human,Female,24 hr,0,É M,Control,101.3,99.7
5102,04,1,fluphenazine,Human,Female,2 hr,1,É M,Low,95.8,100.6
5102,04,2,fluphenazine,Human,Female,2 hr,1,É M,Low,98.5,101.5
5102,05,1,fluphenazine,Human,Female,8 hr,1,É M,Low,97.5,100.6
5102,05,2,fluphenazine,Human,Female,8 hr,1,É M,Low,101.2,100.6
5102,06,1,fluphenazine,Human,Female,24 hr,1,É M,Low,101.7,99.4
5102,06,2,fluphenazine,Human,Female,24 hr,1,É M,Low,91.7,99.7
5102,07,1,fluphenazine,Human,Female,2 hr,4,É M,Middle,97.1,100.2
5102,07,2,fluphenazine,Human,Female,2 hr,4,É M,Middle,95.1,101.9
5102,08,1,fluphenazine,Human,Female,8 hr,4,É M,Middle,99.6,100.0
5102,08,2,fluphenazine,Human,Female,8 hr,4,É M,Middle,106.8,101.1
5102,09,1,fluphenazine,Human,Female,24 hr,4,É M,Middle,98.3,99.2
5102,09,2,fluphenazine,Human,Female,24 hr,4,É M,Middle,95.4,99.9
5102,10,1,fluphenazine,Human,Female,2 hr,20,É M,High,88.7,101.5
5102,10,2,fluphenazine,Human,Female,2 hr,20,É M,High,100.0,100.2
5102,11,1,fluphenazine,Human,Female,8 hr,20,É M,High,100.3,100.3
5102,11,2,fluphenazine,Human,Female,8 hr,20,É M,High,105.6,100.3
5102,12,1,fluphenazine,Human,Female,24 hr,20,É M,High,86.8,100.3
5102,12,2,fluphenazine,Human,Female,24 hr,20,É M,High,95.4,99.7
5103,01,1,thioridazine,Human,Female,2 hr,0,É M,Control,96.2,99.8
5103,01,2,thioridazine,Human,Female,2 hr,0,É M,Control,103.8,100.2
5103,02,1,thioridazine,Human,Female,8 hr,0,É M,Control,95.6,99.7
5103,02,2,thioridazine,Human,Female,8 hr,0,É M,Control,104.4,100.3
5103,03,1,thioridazine,Human,Female,24 hr,0,É M,Control,97.9,99.5
5103,03,2,thioridazine,Human,Female,24 hr,0,É M,Control,102.1,100.5
5103,04,1,thioridazine,Human,Female,2 hr,1,É M,Low,97.3,99.8
5103,04,2,thioridazine,Human,Female,2 hr,1,É M,Low,100.9,100.6
5103,05,1,thioridazine,Human,Female,8 hr,1,É M,Low,94.0,99.7
5103,05,2,thioridazine,Human,Female,8 hr,1,É M,Low,95.8,101.1
5103,06,1,thioridazine,Human,Female,24 hr,1,É M,Low,101.5,100.5
5103,06,2,thioridazine,Human,Female,24 hr,1,É M,Low,100.7,101.4
5103,07,1,thioridazine,Human,Female,2 hr,3,É M,Middle,96.3,100.2
5103,07,2,thioridazine,Human,Female,2 hr,3,É M,Middle,102.9,100.6
5103,08,1,thioridazine,Human,Female,8 hr,3,É M,Middle,96.0,100.0
5103,08,2,thioridazine,Human,Female,8 hr,3,É M,Middle,101.3,100.3
5103,09,1,thioridazine,Human,Female,24 hr,3,É M,Middle,94.5,101.4
5103,09,2,thioridazine,Human,Female,24 hr,3,É M,Middle,101.5,101.2
5103,10,1,thioridazine,Human,Female,2 hr,15,É M,High,98.0,98.2
5103,10,2,thioridazine,Human,Female,2 hr,15,É M,High,94.3,100.2
5103,11,1,thioridazine,Human,Female,8 hr,15,É M,High,86.3,100.3
5103,11,2,thioridazine,Human,Female,8 hr,15,É M,High,90.9,100.8
5103,12,1,thioridazine,Human,Female,24 hr,15,É M,High,93.0,98.8
5103,12,2,thioridazine,Human,Female,24 hr,15,É M,High,99.4,99.5
5104,01,1,adapin,Human,Female,2 hr,0,É M,Control,99.0,99.4
5104,01,2,adapin,Human,Female,2 hr,0,É M,Control,101.0,100.6
5104,02,1,adapin,Human,Female,8 hr,0,É M,Control,99.7,99.9
5104,02,2,adapin,Human,Female,8 hr,0,É M,Control,100.3,100.1
5104,03,1,adapin,Human,Female,24 hr,0,É M,Control,99.0,99.9
5104,03,2,adapin,Human,Female,24 hr,0,É M,Control,101.0,100.1
5104,04,1,adapin,Human,Female,2 hr,3,É M,Low,103.3,99.7
5104,04,2,adapin,Human,Female,2 hr,3,É M,Low,109.3,100.0
5104,05,1,adapin,Human,Female,8 hr,3,É M,Low,96.5,100.6
5104,05,2,adapin,Human,Female,8 hr,3,É M,Low,96.3,100.6
5104,06,1,adapin,Human,Female,24 hr,3,É M,Low,98.9,100.9
5104,06,2,adapin,Human,Female,24 hr,3,É M,Low,103.3,100.7
5104,07,1,adapin,Human,Female,2 hr,15,É M,Middle,99.5,99.7
5104,07,2,adapin,Human,Female,2 hr,15,É M,Middle,101.7,99.7
5104,08,1,adapin,Human,Female,8 hr,15,É M,Middle,98.6,99.6
5104,08,2,adapin,Human,Female,8 hr,15,É M,Middle,100.7,100.1
5104,09,1,adapin,Human,Female,24 hr,15,É M,Middle,100.0,100.5
5104,09,2,adapin,Human,Female,24 hr,15,É M,Middle,106.5,99.9
5104,10,1,adapin,Human,Female,2 hr,75,É M,High,100.4,99.1
5104,10,2,adapin,Human,Female,2 hr,75,É M,High,106.0,98.5
5104,11,1,adapin,Human,Female,8 hr,75,É M,High,98.3,98.7
5104,11,2,adapin,Human,Female,8 hr,75,É M,High,101.3,98.9
5104,12,1,adapin,Human,Female,24 hr,75,É M,High,99.9,98.4
5104,12,2,adapin,Human,Female,24 hr,75,É M,High,97.3,98.4
5105,01,1,labetalol,Human,Female,2 hr,0,É M,Control,97.7,100.3
5105,01,2,labetalol,Human,Female,2 hr,0,É M,Control,102.3,99.7
5105,02,1,labetalol,Human,Female,8 hr,0,É M,Control,100.6,100.8
5105,02,2,labetalol,Human,Female,8 hr,0,É M,Control,99.4,99.2
5105,03,1,labetalol,Human,Female,24 hr,0,É M,Control,98.7,99.8
5105,03,2,labetalol,Human,Female,24 hr,0,É M,Control,101.3,100.2
5105,04,1,labetalol,Human,Female,2 hr,6,É M,Low,97.9,99.7
5105,04,2,labetalol,Human,Female,2 hr,6,É M,Low,100.2,98.6
5105,05,1,labetalol,Human,Female,8 hr,6,É M,Low,98.3,100.8
5105,05,2,labetalol,Human,Female,8 hr,6,É M,Low,98.8,100.5
5105,06,1,labetalol,Human,Female,24 hr,6,É M,Low,94.3,100.4
5105,06,2,labetalol,Human,Female,24 hr,6,É M,Low,102.7,99.8
5105,07,1,labetalol,Human,Female,2 hr,28,É M,Middle,97.4,99.7
5105,07,2,labetalol,Human,Female,2 hr,28,É M,Middle,95.2,99.7
5105,08,1,labetalol,Human,Female,8 hr,28,É M,Middle,101.3,99.2
5105,08,2,labetalol,Human,Female,8 hr,28,É M,Middle,97.0,100.3
5105,09,1,labetalol,Human,Female,24 hr,28,É M,Middle,90.2,100.4
5105,09,2,labetalol,Human,Female,24 hr,28,É M,Middle,98.4,100.4
5105,10,1,labetalol,Human,Female,2 hr,140,É M,High,92.2,100.3
5105,10,2,labetalol,Human,Female,2 hr,140,É M,High,97.6,98.6
5105,11,1,labetalol,Human,Female,8 hr,140,É M,High,94.6,100.8
5105,11,2,labetalol,Human,Female,8 hr,140,É M,High,95.5,101.8
5105,12,1,labetalol,Human,Female,24 hr,140,É M,High,96.8,100.6
5105,12,2,labetalol,Human,Female,24 hr,140,É M,High,99.1,100.2
5106,01,1,methyltestosterone,Human,Female,2 hr,0,É M,Control,99.7,99.7
5106,01,2,methyltestosterone,Human,Female,2 hr,0,É M,Control,100.3,100.3
5106,02,1,methyltestosterone,Human,Female,8 hr,0,É M,Control,95.5,100.0
5106,02,2,methyltestosterone,Human,Female,8 hr,0,É M,Control,104.5,100.0
5106,03,1,methyltestosterone,Human,Female,24 hr,0,É M,Control,101.9,99.7
5106,03,2,methyltestosterone,Human,Female,24 hr,0,É M,Control,98.1,100.3
5106,04,1,methyltestosterone,Human,Female,2 hr,1,É M,Low,94.5,99.3
5106,04,2,methyltestosterone,Human,Female,2 hr,1,É M,Low,96.7,99.7
5106,05,1,methyltestosterone,Human,Female,8 hr,1,É M,Low,106.6,100.5
5106,05,2,methyltestosterone,Human,Female,8 hr,1,É M,Low,107.0,100.5
5106,06,1,methyltestosterone,Human,Female,24 hr,1,É M,Low,101.1,100.5
5106,06,2,methyltestosterone,Human,Female,24 hr,1,É M,Low,102.7,100.3
5106,07,1,methyltestosterone,Human,Female,2 hr,4,É M,Middle,89.2,99.0
5106,07,2,methyltestosterone,Human,Female,2 hr,4,É M,Middle,100.0,99.7
5106,08,1,methyltestosterone,Human,Female,8 hr,4,É M,Middle,101.7,100.0
5106,08,2,methyltestosterone,Human,Female,8 hr,4,É M,Middle,103.3,100.5
5106,09,1,methyltestosterone,Human,Female,24 hr,4,É M,Middle,97.7,100.9
5106,09,2,methyltestosterone,Human,Female,24 hr,4,É M,Middle,103.8,100.7
5106,10,1,methyltestosterone,Human,Female,2 hr,20,É M,High,94.3,100.3
5106,10,2,methyltestosterone,Human,Female,2 hr,20,É M,High,101.8,100.3
5106,11,1,methyltestosterone,Human,Female,8 hr,20,É M,High,97.6,101.0
5106,11,2,methyltestosterone,Human,Female,8 hr,20,É M,High,107.3,100.8
5106,12,1,methyltestosterone,Human,Female,24 hr,20,É M,High,99.2,101.0
5106,12,2,methyltestosterone,Human,Female,24 hr,20,É M,High,100.6,100.1
5107,01,1,glibenclamide,Human,Female,2 hr,0,É M,Control,101.3,100.2
5107,01,2,glibenclamide,Human,Female,2 hr,0,É M,Control,98.7,99.8
5107,02,1,glibenclamide,Human,Female,8 hr,0,É M,Control,100.3,100.5
5107,02,2,glibenclamide,Human,Female,8 hr,0,É M,Control,99.7,99.5
5107,03,1,glibenclamide,Human,Female,24 hr,0,É M,Control,100.2,100.2
5107,03,2,glibenclamide,Human,Female,24 hr,0,É M,Control,99.8,99.8
5107,04,1,glibenclamide,Human,Female,2 hr,1,É M,Low,96.9,101.1
5107,04,2,glibenclamide,Human,Female,2 hr,1,É M,Low,99.8,100.5
5107,05,1,glibenclamide,Human,Female,8 hr,1,É M,Low,96.8,100.7
5107,05,2,glibenclamide,Human,Female,8 hr,1,É M,Low,98.9,101.2
5107,06,1,glibenclamide,Human,Female,24 hr,1,É M,Low,102.7,100.2
5107,06,2,glibenclamide,Human,Female,24 hr,1,É M,Low,98.7,100.5
5107,07,1,glibenclamide,Human,Female,2 hr,4,É M,Middle,94.6,99.5
5107,07,2,glibenclamide,Human,Female,2 hr,4,É M,Middle,97.4,100.2
5107,08,1,glibenclamide,Human,Female,8 hr,4,É M,Middle,96.5,100.7
5107,08,2,glibenclamide,Human,Female,8 hr,4,É M,Middle,96.0,100.7
5107,09,1,glibenclamide,Human,Female,24 hr,4,É M,Middle,93.6,101.8
5107,09,2,glibenclamide,Human,Female,24 hr,4,É M,Middle,96.3,100.9
5107,10,1,glibenclamide,Human,Female,2 hr,20,É M,High,95.0,100.2
5107,10,2,glibenclamide,Human,Female,2 hr,20,É M,High,92.4,100.2
5107,11,1,glibenclamide,Human,Female,8 hr,20,É M,High,95.9,100.9
5107,11,2,glibenclamide,Human,Female,8 hr,20,É M,High,95.6,100.9
5107,12,1,glibenclamide,Human,Female,24 hr,20,É M,High,100.9,100.5
5107,12,2,glibenclamide,Human,Female,24 hr,20,É M,High,103.0,100.2
5108,01,1,griseofulvin,Human,Female,2 hr,0,É M,Control,98.5,100.0
5108,01,2,griseofulvin,Human,Female,2 hr,0,É M,Control,101.5,100.0
5108,02,1,griseofulvin,Human,Female,8 hr,0,É M,Control,100.9,99.5
5108,02,2,griseofulvin,Human,Female,8 hr,0,É M,Control,99.1,100.5
5108,03,1,griseofulvin,Human,Female,24 hr,0,É M,Control,99.0,99.9
5108,03,2,griseofulvin,Human,Female,24 hr,0,É M,Control,101.0,100.1
5108,04,1,griseofulvin,Human,Female,2 hr,1,É M,Low,95.8,100.0
5108,04,2,griseofulvin,Human,Female,2 hr,1,É M,Low,87.1,100.3
5108,05,1,griseofulvin,Human,Female,8 hr,1,É M,Low,93.1,99.2
5108,05,2,griseofulvin,Human,Female,8 hr,1,É M,Low,104.4,100.0
5108,06,1,griseofulvin,Human,Female,24 hr,1,É M,Low,95.3,100.8
5108,06,2,griseofulvin,Human,Female,24 hr,1,É M,Low,100.0,100.3
5108,07,1,griseofulvin,Human,Female,2 hr,4,É M,Middle,94.7,100.0
5108,07,2,griseofulvin,Human,Female,2 hr,4,É M,Middle,95.3,100.6
5108,08,1,griseofulvin,Human,Female,8 hr,4,É M,Middle,94.0,99.2
5108,08,2,griseofulvin,Human,Female,8 hr,4,É M,Middle,104.0,98.4
5108,09,1,griseofulvin,Human,Female,24 hr,4,É M,Middle,99.2,100.5
5108,09,2,griseofulvin,Human,Female,24 hr,4,É M,Middle,93.5,101.6
5108,10,1,griseofulvin,Human,Female,2 hr,20,É M,High,91.8,99.4
5108,10,2,griseofulvin,Human,Female,2 hr,20,É M,High,94.7,100.8
5108,11,1,griseofulvin,Human,Female,8 hr,20,É M,High,88.2,100.5
5108,11,2,griseofulvin,Human,Female,8 hr,20,É M,High,96.2,100.3
5108,12,1,griseofulvin,Human,Female,24 hr,20,É M,High,97.6,99.9
5108,12,2,griseofulvin,Human,Female,24 hr,20,É M,High,99.5,100.8
5109,01,1,flutamide,Human,Female,2 hr,0,É M,Control,101.5,100.2
5109,01,2,flutamide,Human,Female,2 hr,0,É M,Control,98.5,99.8
5109,02,1,flutamide,Human,Female,8 hr,0,É M,Control,96.9,100.1
5109,02,2,flutamide,Human,Female,8 hr,0,É M,Control,103.1,99.9
5109,03,1,flutamide,Human,Female,24 hr,0,É M,Control,100.2,100.0
5109,03,2,flutamide,Human,Female,24 hr,0,É M,Control,99.8,100.0
5109,04,1,flutamide,Human,Female,2 hr,2,É M,Low,99.4,100.2
5109,04,2,flutamide,Human,Female,2 hr,2,É M,Low,106.5,99.8
5109,05,1,flutamide,Human,Female,8 hr,2,É M,Low,106.2,99.4
5109,05,2,flutamide,Human,Female,8 hr,2,É M,Low,104.3,100.6
5109,06,1,flutamide,Human,Female,24 hr,2,É M,Low,98.6,101.4
5109,06,2,flutamide,Human,Female,24 hr,2,É M,Low,102.2,100.8
5109,07,1,flutamide,Human,Female,2 hr,10,É M,Middle,99.8,99.8
5109,07,2,flutamide,Human,Female,2 hr,10,É M,Middle,101.1,100.2
5109,08,1,flutamide,Human,Female,8 hr,10,É M,Middle,101.0,100.4
5109,08,2,flutamide,Human,Female,8 hr,10,É M,Middle,103.3,100.1
5109,09,1,flutamide,Human,Female,24 hr,10,É M,Middle,96.6,101.0
5109,09,2,flutamide,Human,Female,24 hr,10,É M,Middle,96.8,102.1
5109,10,1,flutamide,Human,Female,2 hr,50,É M,High,99.9,98.0
5109,10,2,flutamide,Human,Female,2 hr,50,É M,High,100.7,99.8
5109,11,1,flutamide,Human,Female,8 hr,50,É M,High,94.6,100.6
5109,11,2,flutamide,Human,Female,8 hr,50,É M,High,100.9,101.2
5109,12,1,flutamide,Human,Female,24 hr,50,É M,High,89.7,102.3
5109,12,2,flutamide,Human,Female,24 hr,50,É M,High,96.8,102.1
5110,01,1,perhexiline,Human,Female,2 hr,0,É M,Control,98.5,100.3
5110,01,2,perhexiline,Human,Female,2 hr,0,É M,Control,101.5,99.7
5110,02,1,perhexiline,Human,Female,8 hr,0,É M,Control,101.5,99.6
5110,02,2,perhexiline,Human,Female,8 hr,0,É M,Control,98.5,100.4
5110,03,1,perhexiline,Human,Female,24 hr,0,É M,Control,100.0,99.7
5110,03,2,perhexiline,Human,Female,24 hr,0,É M,Control,100.0,100.3
5110,04,1,perhexiline,Human,Female,2 hr,1,É M,Low,96.7,100.0
5110,04,2,perhexiline,Human,Female,2 hr,1,É M,Low,95.1,100.0
5110,05,1,perhexiline,Human,Female,8 hr,1,É M,Low,102.3,100.1
5110,05,2,perhexiline,Human,Female,8 hr,1,É M,Low,99.8,100.7
5110,06,1,perhexiline,Human,Female,24 hr,1,É M,Low,105.7,100.6
5110,06,2,perhexiline,Human,Female,24 hr,1,É M,Low,100.1,100.3
5110,07,1,perhexiline,Human,Female,2 hr,3,É M,Middle,96.7,100.7
5110,07,2,perhexiline,Human,Female,2 hr,3,É M,Middle,94.7,100.7
5110,08,1,perhexiline,Human,Female,8 hr,3,É M,Middle,95.1,99.6
5110,08,2,perhexiline,Human,Female,8 hr,3,É M,Middle,100.1,100.7
5110,09,1,perhexiline,Human,Female,24 hr,3,É M,Middle,101.2,100.9
5110,09,2,perhexiline,Human,Female,24 hr,3,É M,Middle,105.7,100.6
5110,10,1,perhexiline,Human,Female,2 hr,15,É M,High,99.3,99.7
5110,10,2,perhexiline,Human,Female,2 hr,15,É M,High,96.6,100.0
5110,11,1,perhexiline,Human,Female,8 hr,15,É M,High,91.8,99.6
5110,11,2,perhexiline,Human,Female,8 hr,15,É M,High,98.5,99.0
5110,12,1,perhexiline,Human,Female,24 hr,15,É M,High,94.4,97.1
5110,12,2,perhexiline,Human,Female,24 hr,15,É M,High,98.9,96.8
5111,01,1,azathioprine,Human,Female,2 hr,0,É M,Control,100.7,100.2
5111,01,2,azathioprine,Human,Female,2 hr,0,É M,Control,99.3,99.8
5111,02,1,azathioprine,Human,Female,8 hr,0,É M,Control,97.4,99.8
5111,02,2,azathioprine,Human,Female,8 hr,0,É M,Control,102.6,100.2
5111,03,1,azathioprine,Human,Female,24 hr,0,É M,Control,97.1,100.5
5111,03,2,azathioprine,Human,Female,24 hr,0,É M,Control,102.9,99.5
5111,04,1,azathioprine,Human,Female,2 hr,3,É M,Low,93.1,99.4
5111,04,2,azathioprine,Human,Female,2 hr,3,É M,Low,97.1,99.8
5111,05,1,azathioprine,Human,Female,8 hr,3,É M,Low,100.6,99.4
5111,05,2,azathioprine,Human,Female,8 hr,3,É M,Low,106.5,99.8
5111,06,1,azathioprine,Human,Female,24 hr,3,É M,Low,94.0,100.2
5111,06,2,azathioprine,Human,Female,24 hr,3,É M,Low,92.3,100.5
5111,07,1,azathioprine,Human,Female,2 hr,15,É M,Middle,93.3,100.2
5111,07,2,azathioprine,Human,Female,2 hr,15,É M,Middle,92.7,100.2
5111,08,1,azathioprine,Human,Female,8 hr,15,É M,Middle,96.5,99.4
5111,08,2,azathioprine,Human,Female,8 hr,15,É M,Middle,100.6,99.8
5111,09,1,azathioprine,Human,Female,24 hr,15,É M,Middle,87.1,99.5
5111,09,2,azathioprine,Human,Female,24 hr,15,É M,Middle,93.0,99.5
5111,10,1,azathioprine,Human,Female,2 hr,73,É M,High,93.8,99.8
5111,10,2,azathioprine,Human,Female,2 hr,73,É M,High,97.7,99.8
5111,11,1,azathioprine,Human,Female,8 hr,73,É M,High,98.2,100.6
5111,11,2,azathioprine,Human,Female,8 hr,73,É M,High,104.3,100.6
5111,12,1,azathioprine,Human,Female,24 hr,73,É M,High,90.8,100.2
5111,12,2,azathioprine,Human,Female,24 hr,73,É M,High,92.5,99.8
5112,01,1,ketoconazole,Human,Female,2 hr,0,É M,Control,98.5,100.2
5112,01,2,ketoconazole,Human,Female,2 hr,0,É M,Control,101.5,99.8
5112,02,1,ketoconazole,Human,Female,8 hr,0,É M,Control,100.4,99.6
5112,02,2,ketoconazole,Human,Female,8 hr,0,É M,Control,99.6,100.4
5112,03,1,ketoconazole,Human,Female,24 hr,0,É M,Control,100.3,99.7
5112,03,2,ketoconazole,Human,Female,24 hr,0,É M,Control,99.7,100.3
5112,04,1,ketoconazole,Human,Female,2 hr,1,É M,Low,99.1,100.9
5112,04,2,ketoconazole,Human,Female,2 hr,1,É M,Low,96.3,100.9
5112,05,1,ketoconazole,Human,Female,8 hr,1,É M,Low,99.4,99.6
5112,05,2,ketoconazole,Human,Female,8 hr,1,É M,Low,101.6,99.4
5112,06,1,ketoconazole,Human,Female,24 hr,1,É M,Low,96.3,100.0
5112,06,2,ketoconazole,Human,Female,24 hr,1,É M,Low,101.0,100.3
5112,07,1,ketoconazole,Human,Female,2 hr,3,É M,Middle,98.9,100.2
5112,07,2,ketoconazole,Human,Female,2 hr,3,É M,Middle,97.8,101.3
5112,08,1,ketoconazole,Human,Female,8 hr,3,É M,Middle,101.0,100.4
5112,08,2,ketoconazole,Human,Female,8 hr,3,É M,Middle,97.2,100.6
5112,09,1,ketoconazole,Human,Female,24 hr,3,É M,Middle,95.6,101.4
5112,09,2,ketoconazole,Human,Female,24 hr,3,É M,Middle,95.2,100.9
5112,10,1,ketoconazole,Human,Female,2 hr,15,É M,High,97.6,100.9
5112,10,2,ketoconazole,Human,Female,2 hr,15,É M,High,102.2,100.6
5112,11,1,ketoconazole,Human,Female,8 hr,15,É M,High,93.2,100.9
5112,11,2,ketoconazole,Human,Female,8 hr,15,É M,High,96.1,100.9
5112,12,1,ketoconazole,Human,Female,24 hr,15,É M,High,92.1,102.3
5112,12,2,ketoconazole,Human,Female,24 hr,15,É M,High,98.2,102.3
5113,01,1,tetracycline,Human,Female,2 hr,0,É M,Control,99.7,99.9
5113,01,2,tetracycline,Human,Female,2 hr,0,É M,Control,100.3,100.1
5113,02,1,tetracycline,Human,Female,8 hr,0,É M,Control,98.3,99.8
5113,02,2,tetracycline,Human,Female,8 hr,0,É M,Control,101.7,100.2
5113,03,1,tetracycline,Human,Female,24 hr,0,É M,Control,98.4,100.0
5113,03,2,tetracycline,Human,Female,24 hr,0,É M,Control,101.6,100.0
5113,04,1,tetracycline,Human,Female,2 hr,1,É M,Low,96.4,99.9
5113,04,2,tetracycline,Human,Female,2 hr,1,É M,Low,100.3,100.4
5113,05,1,tetracycline,Human,Female,8 hr,1,É M,Low,101.9,98.8
5113,05,2,tetracycline,Human,Female,8 hr,1,É M,Low,100.5,100.2
5113,06,1,tetracycline,Human,Female,24 hr,1,É M,Low,99.4,100.2
5113,06,2,tetracycline,Human,Female,24 hr,1,É M,Low,96.9,100.7
5113,07,1,tetracycline,Human,Female,2 hr,5,É M,Middle,95.7,100.1
5113,07,2,tetracycline,Human,Female,2 hr,5,É M,Middle,97.1,100.9
5113,08,1,tetracycline,Human,Female,8 hr,5,É M,Middle,95.0,99.8
5113,08,2,tetracycline,Human,Female,8 hr,5,É M,Middle,98.5,99.1
5113,09,1,tetracycline,Human,Female,24 hr,5,É M,Middle,91.0,100.7
5113,09,2,tetracycline,Human,Female,24 hr,5,É M,Middle,95.0,100.7
5113,10,1,tetracycline,Human,Female,2 hr,25,É M,High,87.5,100.1
5113,10,2,tetracycline,Human,Female,2 hr,25,É M,High,90.6,100.4
5113,11,1,tetracycline,Human,Female,8 hr,25,É M,High,101.2,99.5
5113,11,2,tetracycline,Human,Female,8 hr,25,É M,High,98.4,100.5
5113,12,1,tetracycline,Human,Female,24 hr,25,É M,High,95.6,101.2
5113,12,2,tetracycline,Human,Female,24 hr,25,É M,High,97.0,101.0
5114,01,1,lomustine,Human,Female,2 hr,0,É M,Control,98.8,99.6
5114,01,2,lomustine,Human,Female,2 hr,0,É M,Control,101.2,100.4
5114,02,1,lomustine,Human,Female,8 hr,0,É M,Control,97.9,100.5
5114,02,2,lomustine,Human,Female,8 hr,0,É M,Control,102.1,99.5
5114,03,1,lomustine,Human,Female,24 hr,0,É M,Control,96.2,100.2
5114,03,2,lomustine,Human,Female,24 hr,0,É M,Control,103.8,99.8
5114,04,1,lomustine,Human,Female,2 hr,5,É M,Low,106.6,100.1
5114,04,2,lomustine,Human,Female,2 hr,5,É M,Low,98.3,100.1
5114,05,1,lomustine,Human,Female,8 hr,5,É M,Low,106.6,100.5
5114,05,2,lomustine,Human,Female,8 hr,5,É M,Low,105.7,100.2
5114,06,1,lomustine,Human,Female,24 hr,5,É M,Low,99.5,100.4
5114,06,2,lomustine,Human,Female,24 hr,5,É M,Low,103.0,100.4
5114,07,1,lomustine,Human,Female,2 hr,24,É M,Middle,101.1,99.9
5114,07,2,lomustine,Human,Female,2 hr,24,É M,Middle,102.8,100.1
5114,08,1,lomustine,Human,Female,8 hr,24,É M,Middle,103.4,99.2
5114,08,2,lomustine,Human,Female,8 hr,24,É M,Middle,108.0,100.5
5114,09,1,lomustine,Human,Female,24 hr,24,É M,Middle,98.7,100.8
5114,09,2,lomustine,Human,Female,24 hr,24,É M,Middle,103.2,100.8
5114,10,1,lomustine,Human,Female,2 hr,120,É M,High,89.3,99.9
5114,10,2,lomustine,Human,Female,2 hr,120,É M,High,100.9,100.1
5114,11,1,lomustine,Human,Female,8 hr,120,É M,High,102.1,100.5
5114,11,2,lomustine,Human,Female,8 hr,120,É M,High,99.7,101.1
5114,12,1,lomustine,Human,Female,24 hr,120,É M,High,97.8,101.1
5114,12,2,lomustine,Human,Female,24 hr,120,É M,High,104.4,101.3
5115,01,1,tacrine,Rat,Male,2 hr,0,É M,Control,99.7,100.3
5115,01,2,tacrine,Rat,Male,2 hr,0,É M,Control,100.3,99.7
5115,02,1,tacrine,Rat,Male,8 hr,0,É M,Control,98.3,100.3
5115,02,2,tacrine,Rat,Male,8 hr,0,É M,Control,101.7,99.7
5115,03,1,tacrine,Rat,Male,24 hr,0,É M,Control,97.6,100.3
5115,03,2,tacrine,Rat,Male,24 hr,0,É M,Control,102.4,99.7
5115,04,1,tacrine,Rat,Male,2 hr,8,É M,Low,100.5,100.3
5115,04,2,tacrine,Rat,Male,2 hr,8,É M,Low,103.8,100.3
5115,05,1,tacrine,Rat,Male,8 hr,8,É M,Low,99.0,101.0
5115,05,2,tacrine,Rat,Male,8 hr,8,É M,Low,102.1,100.8
5115,06,1,tacrine,Rat,Male,24 hr,8,É M,Low,98.0,99.8
5115,06,2,tacrine,Rat,Male,24 hr,8,É M,Low,102.8,100.1
5115,07,1,tacrine,Rat,Male,2 hr,40,É M,Middle,97.5,100.1
5115,07,2,tacrine,Rat,Male,2 hr,40,É M,Middle,103.8,100.0
5115,08,1,tacrine,Rat,Male,8 hr,40,É M,Middle,98.1,100.9
5115,08,2,tacrine,Rat,Male,8 hr,40,É M,Middle,101.4,101.6
5115,09,1,tacrine,Rat,Male,24 hr,40,É M,Middle,96.7,100.2
5115,09,2,tacrine,Rat,Male,24 hr,40,É M,Middle,99.8,101.1
5115,10,1,tacrine,Rat,Male,2 hr,200,É M,High,101.1,100.0
5115,10,2,tacrine,Rat,Male,2 hr,200,É M,High,105.7,100.1
5115,11,1,tacrine,Rat,Male,8 hr,200,É M,High,95.7,100.2
5115,11,2,tacrine,Rat,Male,8 hr,200,É M,High,104.9,100.2
5115,12,1,tacrine,Rat,Male,24 hr,200,É M,High,93.4,97.7
5115,12,2,tacrine,Rat,Male,24 hr,200,É M,High,94.3,97.8
5116,01,1,moxisylyte,Rat,Male,2 hr,0,É M,Control,97.7,99.7
5116,01,2,moxisylyte,Rat,Male,2 hr,0,É M,Control,102.3,100.3
5116,02,1,moxisylyte,Rat,Male,8 hr,0,É M,Control,97.8,100.0
5116,02,2,moxisylyte,Rat,Male,8 hr,0,É M,Control,102.2,100.0
5116,03,1,moxisylyte,Rat,Male,24 hr,0,É M,Control,99.8,99.2
5116,03,2,moxisylyte,Rat,Male,24 hr,0,É M,Control,100.2,100.8
5116,04,1,moxisylyte,Rat,Male,2 hr,24,É M,Low,103.7,100.5
5116,04,2,moxisylyte,Rat,Male,2 hr,24,É M,Low,100.4,100.5
5116,05,1,moxisylyte,Rat,Male,8 hr,24,É M,Low,97.1,100.8
5116,05,2,moxisylyte,Rat,Male,8 hr,24,É M,Low,95.6,102.1
5116,06,1,moxisylyte,Rat,Male,24 hr,24,É M,Low,105.5,100.1
5116,06,2,moxisylyte,Rat,Male,24 hr,24,É M,Low,105.1,100.5
5116,07,1,moxisylyte,Rat,Male,2 hr,120,É M,Middle,102.1,100.8
5116,07,2,moxisylyte,Rat,Male,2 hr,120,É M,Middle,99.8,100.9
5116,08,1,moxisylyte,Rat,Male,8 hr,120,É M,Middle,97.0,101.0
5116,08,2,moxisylyte,Rat,Male,8 hr,120,É M,Middle,101.3,101.1
5116,09,1,moxisylyte,Rat,Male,24 hr,120,É M,Middle,102.6,100.8
5116,09,2,moxisylyte,Rat,Male,24 hr,120,É M,Middle,103.0,101.0
5116,10,1,moxisylyte,Rat,Male,2 hr,600,É M,High,101.1,100.3
5116,10,2,moxisylyte,Rat,Male,2 hr,600,É M,High,99.9,100.1
5116,11,1,moxisylyte,Rat,Male,8 hr,600,É M,High,92.0,101.1
5116,11,2,moxisylyte,Rat,Male,8 hr,600,É M,High,92.3,101.2
5116,12,1,moxisylyte,Rat,Male,24 hr,600,É M,High,89.7,93.9
5116,12,2,moxisylyte,Rat,Male,24 hr,600,É M,High,92.1,94.9
5117,01,1,iproniazid,Rat,Male,2 hr,0,É M,Control,97.1,100.0
5117,01,2,iproniazid,Rat,Male,2 hr,0,É M,Control,102.9,100.0
5117,02,1,iproniazid,Rat,Male,8 hr,0,É M,Control,97.3,99.9
5117,02,2,iproniazid,Rat,Male,8 hr,0,É M,Control,102.7,100.1
5117,03,1,iproniazid,Rat,Male,24 hr,0,É M,Control,98.3,99.7
5117,03,2,iproniazid,Rat,Male,24 hr,0,É M,Control,101.7,100.3
5117,04,1,iproniazid,Rat,Male,2 hr,80,É M,Low,94.8,100.2
5117,04,2,iproniazid,Rat,Male,2 hr,80,É M,Low,103.6,101.1
5117,05,1,iproniazid,Rat,Male,8 hr,80,É M,Low,100.5,101.1
5117,05,2,iproniazid,Rat,Male,8 hr,80,É M,Low,103.2,101.7
5117,06,1,iproniazid,Rat,Male,24 hr,80,É M,Low,99.2,101.8
5117,06,2,iproniazid,Rat,Male,24 hr,80,É M,Low,106.5,102.1
5117,07,1,iproniazid,Rat,Male,2 hr,400,É M,Middle,97.5,100.8
5117,07,2,iproniazid,Rat,Male,2 hr,400,É M,Middle,101.8,101.1
5117,08,1,iproniazid,Rat,Male,8 hr,400,É M,Middle,97.7,102.3
5117,08,2,iproniazid,Rat,Male,8 hr,400,É M,Middle,106.7,102.1
5117,09,1,iproniazid,Rat,Male,24 hr,400,É M,Middle,101.7,101.8
5117,09,2,iproniazid,Rat,Male,24 hr,400,É M,Middle,95.7,102.0
5117,10,1,iproniazid,Rat,Male,2 hr,2000,É M,High,98.2,100.9
5117,10,2,iproniazid,Rat,Male,2 hr,2000,É M,High,102.9,101.3
5117,11,1,iproniazid,Rat,Male,8 hr,2000,É M,High,98.5,102.4
5117,11,2,iproniazid,Rat,Male,8 hr,2000,É M,High,102.9,102.9
5117,12,1,iproniazid,Rat,Male,24 hr,2000,É M,High,100.7,100.8
5117,12,2,iproniazid,Rat,Male,24 hr,2000,É M,High,112.7,100.7
5118,01,1,chloramphenicol,Rat,Male,2 hr,0,É M,Control,98.9,99.6
5118,01,2,chloramphenicol,Rat,Male,2 hr,0,É M,Control,101.1,100.4
5118,02,1,chloramphenicol,Rat,Male,8 hr,0,É M,Control,99.7,99.5
5118,02,2,chloramphenicol,Rat,Male,8 hr,0,É M,Control,100.3,100.5
5118,03,1,chloramphenicol,Rat,Male,24 hr,0,É M,Control,99.3,99.6
5118,03,2,chloramphenicol,Rat,Male,24 hr,0,É M,Control,100.7,100.4
5118,04,1,chloramphenicol,Rat,Male,2 hr,18,É M,Low,96.2,100.7
5118,04,2,chloramphenicol,Rat,Male,2 hr,18,É M,Low,99.9,101.2
5118,05,1,chloramphenicol,Rat,Male,8 hr,18,É M,Low,98.6,101.7
5118,05,2,chloramphenicol,Rat,Male,8 hr,18,É M,Low,104.7,102.2
5118,06,1,chloramphenicol,Rat,Male,24 hr,18,É M,Low,98.4,101.7
5118,06,2,chloramphenicol,Rat,Male,24 hr,18,É M,Low,100.5,102.5
5118,07,1,chloramphenicol,Rat,Male,2 hr,90,É M,Middle,101.0,100.5
5118,07,2,chloramphenicol,Rat,Male,2 hr,90,É M,Middle,102.2,100.6
5118,08,1,chloramphenicol,Rat,Male,8 hr,90,É M,Middle,99.5,102.2
5118,08,2,chloramphenicol,Rat,Male,8 hr,90,É M,Middle,97.8,102.9
5118,09,1,chloramphenicol,Rat,Male,24 hr,90,É M,Middle,98.4,101.6
5118,09,2,chloramphenicol,Rat,Male,24 hr,90,É M,Middle,104.5,101.3
5118,10,1,chloramphenicol,Rat,Male,2 hr,450,É M,High,97.7,100.5
5118,10,2,chloramphenicol,Rat,Male,2 hr,450,É M,High,100.8,101.3
5118,11,1,chloramphenicol,Rat,Male,8 hr,450,É M,High,91.5,103.6
5118,11,2,chloramphenicol,Rat,Male,8 hr,450,É M,High,101.4,103.2
5118,12,1,chloramphenicol,Rat,Male,24 hr,450,É M,High,97.0,101.9
5118,12,2,chloramphenicol,Rat,Male,24 hr,450,É M,High,101.9,102.4
5119,01,1,nitrofurazone,Rat,Male,2 hr,0,É M,Control,99.2,99.9
5119,01,2,nitrofurazone,Rat,Male,2 hr,0,É M,Control,100.8,100.1
5119,02,1,nitrofurazone,Rat,Male,8 hr,0,É M,Control,100.8,99.6
5119,02,2,nitrofurazone,Rat,Male,8 hr,0,É M,Control,99.2,100.4
5119,03,1,nitrofurazone,Rat,Male,24 hr,0,É M,Control,98.6,100.0
5119,03,2,nitrofurazone,Rat,Male,24 hr,0,É M,Control,101.4,100.0
5119,04,1,nitrofurazone,Rat,Male,2 hr,12,É M,Low,97.0,100.3
5119,04,2,nitrofurazone,Rat,Male,2 hr,12,É M,Low,102.5,101.1
5119,05,1,nitrofurazone,Rat,Male,8 hr,12,É M,Low,94.0,102.2
5119,05,2,nitrofurazone,Rat,Male,8 hr,12,É M,Low,100.7,101.8
5119,06,1,nitrofurazone,Rat,Male,24 hr,12,É M,Low,99.0,101.8
5119,06,2,nitrofurazone,Rat,Male,24 hr,12,É M,Low,103.0,101.3
5119,07,1,nitrofurazone,Rat,Male,2 hr,60,É M,Middle,97.4,101.0
5119,07,2,nitrofurazone,Rat,Male,2 hr,60,É M,Middle,99.4,101.1
5119,08,1,nitrofurazone,Rat,Male,8 hr,60,É M,Middle,95.4,100.6
5119,08,2,nitrofurazone,Rat,Male,8 hr,60,É M,Middle,102.9,101.1
5119,09,1,nitrofurazone,Rat,Male,24 hr,60,É M,Middle,103.8,99.6
5119,09,2,nitrofurazone,Rat,Male,24 hr,60,É M,Middle,98.6,100.0
5119,10,1,nitrofurazone,Rat,Male,2 hr,300,É M,High,94.7,100.9
5119,10,2,nitrofurazone,Rat,Male,2 hr,300,É M,High,98.5,100.8
5119,11,1,nitrofurazone,Rat,Male,8 hr,300,É M,High,95.8,100.9
5119,11,2,nitrofurazone,Rat,Male,8 hr,300,É M,High,101.0,101.3
5119,12,1,nitrofurazone,Rat,Male,24 hr,300,É M,High,102.7,95.9
5119,12,2,nitrofurazone,Rat,Male,24 hr,300,É M,High,104.9,96.9
5120,01,1,imipramine,Rat,Male,2 hr,0,É M,Control,98.3,100.0
5120,01,2,imipramine,Rat,Male,2 hr,0,É M,Control,101.7,100.0
5120,02,1,imipramine,Rat,Male,8 hr,0,É M,Control,97.1,100.2
5120,02,2,imipramine,Rat,Male,8 hr,0,É M,Control,102.9,99.8
5120,03,1,imipramine,Rat,Male,24 hr,0,É M,Control,98.5,100.4
5120,03,2,imipramine,Rat,Male,24 hr,0,É M,Control,101.5,99.6
5120,04,1,imipramine,Rat,Male,2 hr,4,É M,Low,100.6,100.6
5120,04,2,imipramine,Rat,Male,2 hr,4,É M,Low,101.0,100.2
5120,05,1,imipramine,Rat,Male,8 hr,4,É M,Low,103.0,100.7
5120,05,2,imipramine,Rat,Male,8 hr,4,É M,Low,102.9,100.7
5120,06,1,imipramine,Rat,Male,24 hr,4,É M,Low,100.2,100.4
5120,06,2,imipramine,Rat,Male,24 hr,4,É M,Low,104.2,100.2
5120,07,1,imipramine,Rat,Male,2 hr,20,É M,Middle,98.9,100.4
5120,07,2,imipramine,Rat,Male,2 hr,20,É M,Middle,106.2,100.6
5120,08,1,imipramine,Rat,Male,8 hr,20,É M,Middle,100.3,100.7
5120,08,2,imipramine,Rat,Male,8 hr,20,É M,Middle,107.5,101.0
5120,09,1,imipramine,Rat,Male,24 hr,20,É M,Middle,100.9,99.9
5120,09,2,imipramine,Rat,Male,24 hr,20,É M,Middle,103.5,99.6
5120,10,1,imipramine,Rat,Male,2 hr,100,É M,High,99.3,99.4
5120,10,2,imipramine,Rat,Male,2 hr,100,É M,High,105.1,99.2
5120,11,1,imipramine,Rat,Male,8 hr,100,É M,High,98.3,97.2
5120,11,2,imipramine,Rat,Male,8 hr,100,É M,High,101.0,97.7
5120,12,1,imipramine,Rat,Male,24 hr,100,É M,High,84.6,93.8
5120,12,2,imipramine,Rat,Male,24 hr,100,É M,High,87.4,92.9
5121,01,1,amitriptyline,Rat,Male,2 hr,0,É M,Control,100.2,99.5
5121,01,2,amitriptyline,Rat,Male,2 hr,0,É M,Control,99.8,100.5
5121,02,1,amitriptyline,Rat,Male,8 hr,0,É M,Control,99.7,100.1
5121,02,2,amitriptyline,Rat,Male,8 hr,0,É M,Control,100.3,99.9
5121,03,1,amitriptyline,Rat,Male,24 hr,0,É M,Control,99.4,99.4
5121,03,2,amitriptyline,Rat,Male,24 hr,0,É M,Control,100.6,100.6
5121,04,1,amitriptyline,Rat,Male,2 hr,2,É M,Low,97.4,100.4
5121,04,2,amitriptyline,Rat,Male,2 hr,2,É M,Low,105.9,101.2
5121,05,1,amitriptyline,Rat,Male,8 hr,2,É M,Low,105.1,99.9
5121,05,2,amitriptyline,Rat,Male,8 hr,2,É M,Low,106.3,100.2
5121,06,1,amitriptyline,Rat,Male,24 hr,2,É M,Low,97.1,101.3
5121,06,2,amitriptyline,Rat,Male,24 hr,2,É M,Low,99.6,101.9
5121,07,1,amitriptyline,Rat,Male,2 hr,12,É M,Middle,98.2,101.0
5121,07,2,amitriptyline,Rat,Male,2 hr,12,É M,Middle,97.8,101.1
5121,08,1,amitriptyline,Rat,Male,8 hr,12,É M,Middle,102.2,101.0
5121,08,2,amitriptyline,Rat,Male,8 hr,12,É M,Middle,101.1,101.4
5121,09,1,amitriptyline,Rat,Male,24 hr,12,É M,Middle,100.7,101.2
5121,09,2,amitriptyline,Rat,Male,24 hr,12,É M,Middle,104.5,101.6
5121,10,1,amitriptyline,Rat,Male,2 hr,60,É M,High,98.2,100.4
5121,10,2,amitriptyline,Rat,Male,2 hr,60,É M,High,102.7,100.9
5121,11,1,amitriptyline,Rat,Male,8 hr,60,É M,High,98.4,99.4
5121,11,2,amitriptyline,Rat,Male,8 hr,60,É M,High,103.3,99.5
5121,12,1,amitriptyline,Rat,Male,24 hr,60,É M,High,92.9,97.9
5121,12,2,amitriptyline,Rat,Male,24 hr,60,É M,High,96.6,98.6
5122,01,1,hydroxyzine,Rat,Male,2 hr,0,É M,Control,97.8,100.0
5122,01,2,hydroxyzine,Rat,Male,2 hr,0,É M,Control,102.2,100.0
5122,02,1,hydroxyzine,Rat,Male,8 hr,0,É M,Control,99.7,100.5
5122,02,2,hydroxyzine,Rat,Male,8 hr,0,É M,Control,100.3,99.5
5122,03,1,hydroxyzine,Rat,Male,24 hr,0,É M,Control,96.8,100.8
5122,03,2,hydroxyzine,Rat,Male,24 hr,0,É M,Control,103.2,99.2
5122,04,1,hydroxyzine,Rat,Male,2 hr,6,É M,Low,95.6,100.3
5122,04,2,hydroxyzine,Rat,Male,2 hr,6,É M,Low,98.4,100.3
5122,05,1,hydroxyzine,Rat,Male,8 hr,6,É M,Low,102.1,100.2
5122,05,2,hydroxyzine,Rat,Male,8 hr,6,É M,Low,105.6,100.0
5122,06,1,hydroxyzine,Rat,Male,24 hr,6,É M,Low,101.4,100.5
5122,06,2,hydroxyzine,Rat,Male,24 hr,6,É M,Low,108.2,99.4
5122,07,1,hydroxyzine,Rat,Male,2 hr,30,É M,Middle,94.8,99.8
5122,07,2,hydroxyzine,Rat,Male,2 hr,30,É M,Middle,91.7,99.6
5122,08,1,hydroxyzine,Rat,Male,8 hr,30,É M,Middle,97.1,101.0
5122,08,2,hydroxyzine,Rat,Male,8 hr,30,É M,Middle,102.6,100.8
5122,09,1,hydroxyzine,Rat,Male,24 hr,30,É M,Middle,96.0,100.8
5122,09,2,hydroxyzine,Rat,Male,24 hr,30,É M,Middle,100.1,99.7
5122,10,1,hydroxyzine,Rat,Male,2 hr,150,É M,High,94.3,99.3
5122,10,2,hydroxyzine,Rat,Male,2 hr,150,É M,High,98.2,98.9
5122,11,1,hydroxyzine,Rat,Male,8 hr,150,É M,High,95.1,96.0
5122,11,2,hydroxyzine,Rat,Male,8 hr,150,É M,High,102.9,94.7
5122,12,1,hydroxyzine,Rat,Male,24 hr,150,É M,High,83.8,83.8
5122,12,2,hydroxyzine,Rat,Male,24 hr,150,É M,High,89.8,84.7
5123,01,1,ibuprofen,Rat,Male,2 hr,0,É M,Control,99.3,99.7
5123,01,2,ibuprofen,Rat,Male,2 hr,0,É M,Control,100.7,100.3
5123,02,1,ibuprofen,Rat,Male,8 hr,0,É M,Control,95.3,100.1
5123,02,2,ibuprofen,Rat,Male,8 hr,0,É M,Control,104.7,99.9
5123,03,1,ibuprofen,Rat,Male,24 hr,0,É M,Control,101.1,99.9
5123,03,2,ibuprofen,Rat,Male,24 hr,0,É M,Control,98.9,100.1
5123,04,1,ibuprofen,Rat,Male,2 hr,40,É M,Low,97.0,100.1
5123,04,2,ibuprofen,Rat,Male,2 hr,40,É M,Low,93.4,100.1
5123,05,1,ibuprofen,Rat,Male,8 hr,40,É M,Low,108.1,100.5
5123,05,2,ibuprofen,Rat,Male,8 hr,40,É M,Low,111.2,100.3
5123,06,1,ibuprofen,Rat,Male,24 hr,40,É M,Low,100.7,100.5
5123,06,2,ibuprofen,Rat,Male,24 hr,40,É M,Low,102.6,101.4
5123,07,1,ibuprofen,Rat,Male,2 hr,200,É M,Middle,96.2,100.7
5123,07,2,ibuprofen,Rat,Male,2 hr,200,É M,Middle,97.3,100.1
5123,08,1,ibuprofen,Rat,Male,8 hr,200,É M,Middle,103.8,100.8
5123,08,2,ibuprofen,Rat,Male,8 hr,200,É M,Middle,110.1,101.1
5123,09,1,ibuprofen,Rat,Male,24 hr,200,É M,Middle,97.4,100.7
5123,09,2,ibuprofen,Rat,Male,24 hr,200,É M,Middle,102.1,101.7
5123,10,1,ibuprofen,Rat,Male,2 hr,1000,É M,High,95.8,101.2
5123,10,2,ibuprofen,Rat,Male,2 hr,1000,É M,High,98.9,101.0
5123,11,1,ibuprofen,Rat,Male,8 hr,1000,É M,High,108.8,102.6
5123,11,2,ibuprofen,Rat,Male,8 hr,1000,É M,High,112.8,103.0
5123,12,1,ibuprofen,Rat,Male,24 hr,1000,É M,High,95.0,105.3
5123,12,2,ibuprofen,Rat,Male,24 hr,1000,É M,High,97.9,106.3
5124,01,1,naproxen,Rat,Male,2 hr,0,É M,Control,100.3,99.9
5124,01,2,naproxen,Rat,Male,2 hr,0,É M,Control,99.7,100.1
5124,02,1,naproxen,Rat,Male,8 hr,0,É M,Control,97.5,100.1
5124,02,2,naproxen,Rat,Male,8 hr,0,É M,Control,102.5,99.9
5124,03,1,naproxen,Rat,Male,24 hr,0,É M,Control,98.3,100.2
5124,03,2,naproxen,Rat,Male,24 hr,0,É M,Control,101.7,99.8
5124,04,1,naproxen,Rat,Male,2 hr,80,É M,Low,97.1,101.6
5124,04,2,naproxen,Rat,Male,2 hr,80,É M,Low,100.6,101.1
5124,05,1,naproxen,Rat,Male,8 hr,80,É M,Low,99.1,101.9
5124,05,2,naproxen,Rat,Male,8 hr,80,É M,Low,101.8,101.5
5124,06,1,naproxen,Rat,Male,24 hr,80,É M,Low,100.4,100.6
5124,06,2,naproxen,Rat,Male,24 hr,80,É M,Low,98.9,99.9
5124,07,1,naproxen,Rat,Male,2 hr,400,É M,Middle,95.6,102.2
5124,07,2,naproxen,Rat,Male,2 hr,400,É M,Middle,98.3,101.6
5124,08,1,naproxen,Rat,Male,8 hr,400,É M,Middle,97.0,101.9
5124,08,2,naproxen,Rat,Male,8 hr,400,É M,Middle,99.1,103.4
5124,09,1,naproxen,Rat,Male,24 hr,400,É M,Middle,99.0,101.4
5124,09,2,naproxen,Rat,Male,24 hr,400,É M,Middle,103.4,101.2
5124,10,1,naproxen,Rat,Male,2 hr,2000,É M,High,85.5,102.2
5124,10,2,naproxen,Rat,Male,2 hr,2000,É M,High,95.6,102.2
5124,11,1,naproxen,Rat,Male,8 hr,2000,É M,High,89.1,104.6
5124,11,2,naproxen,Rat,Male,8 hr,2000,É M,High,94.8,104.6
5124,12,1,naproxen,Rat,Male,24 hr,2000,É M,High,97.1,102.6
5124,12,2,naproxen,Rat,Male,24 hr,2000,É M,High,98.4,102.8
5125,01,1,quinidine,Rat,Male,2 hr,0,É M,Control,99.0,100.2
5125,01,2,quinidine,Rat,Male,2 hr,0,É M,Control,101.0,99.8
5125,02,1,quinidine,Rat,Male,8 hr,0,É M,Control,96.2,100.1
5125,02,2,quinidine,Rat,Male,8 hr,0,É M,Control,103.8,99.9
5125,03,1,quinidine,Rat,Male,24 hr,0,É M,Control,100.1,101.6
5125,03,2,quinidine,Rat,Male,24 hr,0,É M,Control,99.9,98.4
5125,04,1,quinidine,Rat,Male,2 hr,8,É M,Low,104.3,100.2
5125,04,2,quinidine,Rat,Male,2 hr,8,É M,Low,109.8,99.6
5125,05,1,quinidine,Rat,Male,8 hr,8,É M,Low,103.8,99.8
5125,05,2,quinidine,Rat,Male,8 hr,8,É M,Low,107.6,99.0
5125,06,1,quinidine,Rat,Male,24 hr,8,É M,Low,102.4,99.8
5125,06,2,quinidine,Rat,Male,24 hr,8,É M,Low,105.3,97.4
5125,07,1,quinidine,Rat,Male,2 hr,40,É M,Middle,108.8,99.4
5125,07,2,quinidine,Rat,Male,2 hr,40,É M,Middle,109.4,100.1
5125,08,1,quinidine,Rat,Male,8 hr,40,É M,Middle,99.3,100.3
5125,08,2,quinidine,Rat,Male,8 hr,40,É M,Middle,103.7,99.1
5125,09,1,quinidine,Rat,Male,24 hr,40,É M,Middle,102.9,98.1
5125,09,2,quinidine,Rat,Male,24 hr,40,É M,Middle,104.5,97.7
5125,10,1,quinidine,Rat,Male,2 hr,200,É M,High,108.4,98.3
5125,10,2,quinidine,Rat,Male,2 hr,200,É M,High,109.8,98.3
5125,11,1,quinidine,Rat,Male,8 hr,200,É M,High,104.0,94.1
5125,11,2,quinidine,Rat,Male,8 hr,200,É M,High,109.7,92.4
5125,12,1,quinidine,Rat,Male,24 hr,200,É M,High,90.6,76.8
5125,12,2,quinidine,Rat,Male,24 hr,200,É M,High,94.0,77.2
5126,01,1,furosemide,Rat,Male,2 hr,0,É M,Control,98.0,100.0
5126,01,2,furosemide,Rat,Male,2 hr,0,É M,Control,102.0,100.0
5126,02,1,furosemide,Rat,Male,8 hr,0,É M,Control,93.6,99.4
5126,02,2,furosemide,Rat,Male,8 hr,0,É M,Control,106.4,100.6
5126,03,1,furosemide,Rat,Male,24 hr,0,É M,Control,99.8,99.9
5126,03,2,furosemide,Rat,Male,24 hr,0,É M,Control,100.2,100.1
5126,04,1,furosemide,Rat,Male,2 hr,100,É M,Low,96.4,100.5
5126,04,2,furosemide,Rat,Male,2 hr,100,É M,Low,101.8,100.2
5126,05,1,furosemide,Rat,Male,8 hr,100,É M,Low,99.6,103.1
5126,05,2,furosemide,Rat,Male,8 hr,100,É M,Low,99.3,103.8
5126,06,1,furosemide,Rat,Male,24 hr,100,É M,Low,100.6,102.6
5126,06,2,furosemide,Rat,Male,24 hr,100,É M,Low,106.4,102.9
5126,07,1,furosemide,Rat,Male,2 hr,500,É M,Middle,97.0,101.0
5126,07,2,furosemide,Rat,Male,2 hr,500,É M,Middle,96.5,101.0
5126,08,1,furosemide,Rat,Male,8 hr,500,É M,Middle,89.1,103.5
5126,08,2,furosemide,Rat,Male,8 hr,500,É M,Middle,93.1,104.4
5126,09,1,furosemide,Rat,Male,24 hr,500,É M,Middle,101.3,102.0
5126,09,2,furosemide,Rat,Male,24 hr,500,É M,Middle,100.8,101.7
5126,10,1,furosemide,Rat,Male,2 hr,2500,É M,High,97.7,101.6
5126,10,2,furosemide,Rat,Male,2 hr,2500,É M,High,89.7,100.7
5126,11,1,furosemide,Rat,Male,8 hr,2500,É M,High,85.1,109.5
5126,11,2,furosemide,Rat,Male,8 hr,2500,É M,High,92.2,110.2
5126,12,1,furosemide,Rat,Male,24 hr,2500,É M,High,91.7,98.7
5126,12,2,furosemide,Rat,Male,24 hr,2500,É M,High,91.7,96.4
5127,01,1,fenofibrate,Rat,Male,2 hr,0,É M,Control,99.1,100.0
5127,01,2,fenofibrate,Rat,Male,2 hr,0,É M,Control,100.9,100.0
5127,02,1,fenofibrate,Rat,Male,8 hr,0,É M,Control,94.6,99.7
5127,02,2,fenofibrate,Rat,Male,8 hr,0,É M,Control,105.4,100.3
5127,03,1,fenofibrate,Rat,Male,24 hr,0,É M,Control,96.6,100.2
5127,03,2,fenofibrate,Rat,Male,24 hr,0,É M,Control,103.4,99.8
5127,04,1,fenofibrate,Rat,Male,2 hr,1,É M,Low,100.8,100.1
5127,04,2,fenofibrate,Rat,Male,2 hr,1,É M,Low,103.5,100.6
5127,05,1,fenofibrate,Rat,Male,8 hr,1,É M,Low,97.7,101.7
5127,05,2,fenofibrate,Rat,Male,8 hr,1,É M,Low,109.5,99.5
5127,06,1,fenofibrate,Rat,Male,24 hr,1,É M,Low,95.2,101.1
5127,06,2,fenofibrate,Rat,Male,24 hr,1,É M,Low,98.3,100.3
5127,07,1,fenofibrate,Rat,Male,2 hr,6,É M,Middle,98.3,100.2
5127,07,2,fenofibrate,Rat,Male,2 hr,6,É M,Middle,99.2,100.7
5127,08,1,fenofibrate,Rat,Male,8 hr,6,É M,Middle,97.0,99.8
5127,08,2,fenofibrate,Rat,Male,8 hr,6,É M,Middle,100.7,101.0
5127,09,1,fenofibrate,Rat,Male,24 hr,6,É M,Middle,96.0,101.1
5127,09,2,fenofibrate,Rat,Male,24 hr,6,É M,Middle,98.7,100.3
5127,10,1,fenofibrate,Rat,Male,2 hr,30,É M,High,90.3,100.5
5127,10,2,fenofibrate,Rat,Male,2 hr,30,É M,High,101.4,100.9
5127,11,1,fenofibrate,Rat,Male,8 hr,30,É M,High,94.4,101.3
5127,11,2,fenofibrate,Rat,Male,8 hr,30,É M,High,98.5,100.4
5127,12,1,fenofibrate,Rat,Male,24 hr,30,É M,High,100.5,98.7
5127,12,2,fenofibrate,Rat,Male,24 hr,30,É M,High,99.8,98.1
5128,01,1,chlorpropamide,Rat,Male,2 hr,0,É M,Control,98.3,99.9
5128,01,2,chlorpropamide,Rat,Male,2 hr,0,É M,Control,101.7,100.1
5128,02,1,chlorpropamide,Rat,Male,8 hr,0,É M,Control,95.4,100.1
5128,02,2,chlorpropamide,Rat,Male,8 hr,0,É M,Control,104.6,99.9
5128,03,1,chlorpropamide,Rat,Male,24 hr,0,É M,Control,100.1,99.2
5128,03,2,chlorpropamide,Rat,Male,24 hr,0,É M,Control,99.9,100.8
5128,04,1,chlorpropamide,Rat,Male,2 hr,30,É M,Low,98.7,100.8
5128,04,2,chlorpropamide,Rat,Male,2 hr,30,É M,Low,100.7,100.5
5128,05,1,chlorpropamide,Rat,Male,8 hr,30,É M,Low,105.3,101.0
5128,05,2,chlorpropamide,Rat,Male,8 hr,30,É M,Low,101.2,101.3
5128,06,1,chlorpropamide,Rat,Male,24 hr,30,É M,Low,96.2,99.9
5128,06,2,chlorpropamide,Rat,Male,24 hr,30,É M,Low,100.7,100.4
5128,07,1,chlorpropamide,Rat,Male,2 hr,150,É M,Middle,92.3,101.0
5128,07,2,chlorpropamide,Rat,Male,2 hr,150,É M,Middle,104.9,101.1
5128,08,1,chlorpropamide,Rat,Male,8 hr,150,É M,Middle,104.8,101.6
5128,08,2,chlorpropamide,Rat,Male,8 hr,150,É M,Middle,106.9,101.3
5128,09,1,chlorpropamide,Rat,Male,24 hr,150,É M,Middle,98.2,101.0
5128,09,2,chlorpropamide,Rat,Male,24 hr,150,É M,Middle,108.2,101.4
5128,10,1,chlorpropamide,Rat,Male,2 hr,750,É M,High,97.4,101.0
5128,10,2,chlorpropamide,Rat,Male,2 hr,750,É M,High,100.6,100.6
5128,11,1,chlorpropamide,Rat,Male,8 hr,750,É M,High,93.7,101.6
5128,11,2,chlorpropamide,Rat,Male,8 hr,750,É M,High,100.9,100.7
5128,12,1,chlorpropamide,Rat,Male,24 hr,750,É M,High,94.8,101.7
5128,12,2,chlorpropamide,Rat,Male,24 hr,750,É M,High,97.2,101.5
5129,01,1,nicotinic acid,Rat,Male,2 hr,0,É M,Control,101.5,100.0
5129,01,2,nicotinic acid,Rat,Male,2 hr,0,É M,Control,98.5,100.0
5129,02,1,nicotinic acid,Rat,Male,8 hr,0,É M,Control,102.0,100.1
5129,02,2,nicotinic acid,Rat,Male,8 hr,0,É M,Control,98.0,99.9
5129,03,1,nicotinic acid,Rat,Male,24 hr,0,É M,Control,99.9,100.1
5129,03,2,nicotinic acid,Rat,Male,24 hr,0,É M,Control,100.1,99.9
5129,04,1,nicotinic acid,Rat,Male,2 hr,400,É M,Low,106.8,100.4
5129,04,2,nicotinic acid,Rat,Male,2 hr,400,É M,Low,103.6,100.5
5129,05,1,nicotinic acid,Rat,Male,8 hr,400,É M,Low,100.9,100.2
5129,05,2,nicotinic acid,Rat,Male,8 hr,400,É M,Low,100.1,100.8
5129,06,1,nicotinic acid,Rat,Male,24 hr,400,É M,Low,102.3,99.3
5129,06,2,nicotinic acid,Rat,Male,24 hr,400,É M,Low,98.8,99.0
5129,07,1,nicotinic acid,Rat,Male,2 hr,2000,É M,Middle,102.0,100.4
5129,07,2,nicotinic acid,Rat,Male,2 hr,2000,É M,Middle,111.1,101.0
5129,08,1,nicotinic acid,Rat,Male,8 hr,2000,É M,Middle,104.9,100.9
5129,08,2,nicotinic acid,Rat,Male,8 hr,2000,É M,Middle,102.7,101.0
5129,09,1,nicotinic acid,Rat,Male,24 hr,2000,É M,Middle,102.1,100.2
5129,09,2,nicotinic acid,Rat,Male,24 hr,2000,É M,Middle,101.5,101.4
5129,10,1,nicotinic acid,Rat,Male,2 hr,10000,É M,High,103.2,101.0
5129,10,2,nicotinic acid,Rat,Male,2 hr,10000,É M,High,106.5,100.8
5129,11,1,nicotinic acid,Rat,Male,8 hr,10000,É M,High,98.1,102.9
5129,11,2,nicotinic acid,Rat,Male,8 hr,10000,É M,High,99.7,102.7
5129,12,1,nicotinic acid,Rat,Male,24 hr,10000,É M,High,97.9,101.1
5129,12,2,nicotinic acid,Rat,Male,24 hr,10000,É M,High,102.5,101.7
5130,01,1,erythromycin ethylsuccinate,Rat,Male,2 hr,0,É M,Control,98.9,99.8
5130,01,2,erythromycin ethylsuccinate,Rat,Male,2 hr,0,É M,Control,101.1,100.2
5130,02,1,erythromycin ethylsuccinate,Rat,Male,8 hr,0,É M,Control,98.9,99.7
5130,02,2,erythromycin ethylsuccinate,Rat,Male,8 hr,0,É M,Control,101.1,100.3
5130,03,1,erythromycin ethylsuccinate,Rat,Male,24 hr,0,É M,Control,98.9,100.9
5130,03,2,erythromycin ethylsuccinate,Rat,Male,24 hr,0,É M,Control,101.1,99.1
5130,04,1,erythromycin ethylsuccinate,Rat,Male,2 hr,3,É M,Low,99.2,99.9
5130,04,2,erythromycin ethylsuccinate,Rat,Male,2 hr,3,É M,Low,104.7,100.2
5130,05,1,erythromycin ethylsuccinate,Rat,Male,8 hr,3,É M,Low,95.0,101.6
5130,05,2,erythromycin ethylsuccinate,Rat,Male,8 hr,3,É M,Low,99.8,100.6
5130,06,1,erythromycin ethylsuccinate,Rat,Male,24 hr,3,É M,Low,95.9,99.9
5130,06,2,erythromycin ethylsuccinate,Rat,Male,24 hr,3,É M,Low,101.6,98.6
5130,07,1,erythromycin ethylsuccinate,Rat,Male,2 hr,15,É M,Middle,95.7,100.2
5130,07,2,erythromycin ethylsuccinate,Rat,Male,2 hr,15,É M,Middle,101.4,100.1
5130,08,1,erythromycin ethylsuccinate,Rat,Male,8 hr,15,É M,Middle,92.8,101.2
5130,08,2,erythromycin ethylsuccinate,Rat,Male,8 hr,15,É M,Middle,97.0,101.7
5130,09,1,erythromycin ethylsuccinate,Rat,Male,24 hr,15,É M,Middle,95.9,99.2
5130,09,2,erythromycin ethylsuccinate,Rat,Male,24 hr,15,É M,Middle,100.1,98.6
5130,10,1,erythromycin ethylsuccinate,Rat,Male,2 hr,75,É M,High,95.0,100.6
5130,10,2,erythromycin ethylsuccinate,Rat,Male,2 hr,75,É M,High,95.1,100.6
5130,11,1,erythromycin ethylsuccinate,Rat,Male,8 hr,75,É M,High,93.0,101.8
5130,11,2,erythromycin ethylsuccinate,Rat,Male,8 hr,75,É M,High,93.3,100.8
5130,12,1,erythromycin ethylsuccinate,Rat,Male,24 hr,75,É M,High,94.4,100.2
5130,12,2,erythromycin ethylsuccinate,Rat,Male,24 hr,75,É M,High,95.9,100.7
5131,01,1,ethambutol,Rat,Male,2 hr,0,É M,Control,103.0,99.8
5131,01,2,ethambutol,Rat,Male,2 hr,0,É M,Control,97.0,100.2
5131,02,1,ethambutol,Rat,Male,8 hr,0,É M,Control,95.4,100.5
5131,02,2,ethambutol,Rat,Male,8 hr,0,É M,Control,104.6,99.5
5131,03,1,ethambutol,Rat,Male,24 hr,0,É M,Control,99.8,100.4
5131,03,2,ethambutol,Rat,Male,24 hr,0,É M,Control,100.2,99.6
5131,04,1,ethambutol,Rat,Male,2 hr,160,É M,Low,99.9,100.7
5131,04,2,ethambutol,Rat,Male,2 hr,160,É M,Low,100.8,100.9
5131,05,1,ethambutol,Rat,Male,8 hr,160,É M,Low,100.6,102.1
5131,05,2,ethambutol,Rat,Male,8 hr,160,É M,Low,103.7,102.5
5131,06,1,ethambutol,Rat,Male,24 hr,160,É M,Low,100.7,101.8
5131,06,2,ethambutol,Rat,Male,24 hr,160,É M,Low,101.7,99.6
5131,07,1,ethambutol,Rat,Male,2 hr,800,É M,Middle,100.4,102.1
5131,07,2,ethambutol,Rat,Male,2 hr,800,É M,Middle,101.1,102.1
5131,08,1,ethambutol,Rat,Male,8 hr,800,É M,Middle,98.7,102.4
5131,08,2,ethambutol,Rat,Male,8 hr,800,É M,Middle,97.2,102.4
5131,09,1,ethambutol,Rat,Male,24 hr,800,É M,Middle,103.5,100.3
5131,09,2,ethambutol,Rat,Male,24 hr,800,É M,Middle,103.8,99.9
5131,10,1,ethambutol,Rat,Male,2 hr,4000,É M,High,95.7,102.5
5131,10,2,ethambutol,Rat,Male,2 hr,4000,É M,High,96.4,102.4
5131,11,1,ethambutol,Rat,Male,8 hr,4000,É M,High,98.1,101.1
5131,11,2,ethambutol,Rat,Male,8 hr,4000,É M,High,104.7,101.1
5131,12,1,ethambutol,Rat,Male,24 hr,4000,É M,High,97.6,94.8
5131,12,2,ethambutol,Rat,Male,24 hr,4000,É M,High,98.7,93.1
5132,01,1,mefenamic acid,Rat,Male,2 hr,0,É M,Control,99.4,100.2
5132,01,2,mefenamic acid,Rat,Male,2 hr,0,É M,Control,100.6,99.8
5132,02,1,mefenamic acid,Rat,Male,8 hr,0,É M,Control,99.4,100.2
5132,02,2,mefenamic acid,Rat,Male,8 hr,0,É M,Control,100.6,99.8
5132,03,1,mefenamic acid,Rat,Male,24 hr,0,É M,Control,98.1,99.9
5132,03,2,mefenamic acid,Rat,Male,24 hr,0,É M,Control,101.9,100.1
5132,04,1,mefenamic acid,Rat,Male,2 hr,6,É M,Low,91.3,101.7
5132,04,2,mefenamic acid,Rat,Male,2 hr,6,É M,Low,96.2,101.4
5132,05,1,mefenamic acid,Rat,Male,8 hr,6,É M,Low,102.9,100.6
5132,05,2,mefenamic acid,Rat,Male,8 hr,6,É M,Low,100.6,100.1
5132,06,1,mefenamic acid,Rat,Male,24 hr,6,É M,Low,102.8,101.9
5132,06,2,mefenamic acid,Rat,Male,24 hr,6,É M,Low,102.7,102.7
5132,07,1,mefenamic acid,Rat,Male,2 hr,30,É M,Middle,84.2,102.1
5132,07,2,mefenamic acid,Rat,Male,2 hr,30,É M,Middle,90.9,102.4
5132,08,1,mefenamic acid,Rat,Male,8 hr,30,É M,Middle,101.0,102.1
5132,08,2,mefenamic acid,Rat,Male,8 hr,30,É M,Middle,102.7,102.1
5132,09,1,mefenamic acid,Rat,Male,24 hr,30,É M,Middle,95.7,104.1
5132,09,2,mefenamic acid,Rat,Male,24 hr,30,É M,Middle,98.2,105.2
5132,10,1,mefenamic acid,Rat,Male,2 hr,150,É M,High,82.5,103.1
5132,10,2,mefenamic acid,Rat,Male,2 hr,150,É M,High,60.3,102.6
5132,11,1,mefenamic acid,Rat,Male,8 hr,150,É M,High,92.3,102.7
5132,11,2,mefenamic acid,Rat,Male,8 hr,150,É M,High,95.8,102.8
5132,12,1,mefenamic acid,Rat,Male,24 hr,150,É M,High,90.6,103.1
5132,12,2,mefenamic acid,Rat,Male,24 hr,150,É M,High,92.7,102.9
5133,01,1,famotidine,Rat,Male,2 hr,0,É M,Control,100.7,99.6
5133,01,2,famotidine,Rat,Male,2 hr,0,É M,Control,99.3,100.4
5133,02,1,famotidine,Rat,Male,8 hr,0,É M,Control,97.8,99.7
5133,02,2,famotidine,Rat,Male,8 hr,0,É M,Control,102.2,100.3
5133,03,1,famotidine,Rat,Male,24 hr,0,É M,Control,100.0,100.2
5133,03,2,famotidine,Rat,Male,24 hr,0,É M,Control,100.0,99.8
5133,04,1,famotidine,Rat,Male,2 hr,28,É M,Low,101.1,100.0
5133,04,2,famotidine,Rat,Male,2 hr,28,É M,Low,99.7,99.8
5133,05,1,famotidine,Rat,Male,8 hr,28,É M,Low,96.3,100.1
5133,05,2,famotidine,Rat,Male,8 hr,28,É M,Low,99.1,100.4
5133,06,1,famotidine,Rat,Male,24 hr,28,É M,Low,101.6,100.5
5133,06,2,famotidine,Rat,Male,24 hr,28,É M,Low,97.9,99.8
5133,07,1,famotidine,Rat,Male,2 hr,140,É M,Middle,99.1,100.3
5133,07,2,famotidine,Rat,Male,2 hr,140,É M,Middle,100.7,100.8
5133,08,1,famotidine,Rat,Male,8 hr,140,É M,Middle,94.9,100.1
5133,08,2,famotidine,Rat,Male,8 hr,140,É M,Middle,98.6,100.9
5133,09,1,famotidine,Rat,Male,24 hr,140,É M,Middle,96.5,101.3
5133,09,2,famotidine,Rat,Male,24 hr,140,É M,Middle,101.9,102.2
5133,10,1,famotidine,Rat,Male,2 hr,700,É M,High,97.3,101.1
5133,10,2,famotidine,Rat,Male,2 hr,700,É M,High,104.0,102.0
5133,11,1,famotidine,Rat,Male,8 hr,700,É M,High,95.2,101.0
5133,11,2,famotidine,Rat,Male,8 hr,700,É M,High,97.8,100.9
5133,12,1,famotidine,Rat,Male,24 hr,700,É M,High,100.0,102.9
5133,12,2,famotidine,Rat,Male,24 hr,700,É M,High,103.8,102.1
5134,01,1,ranitidine,Rat,Male,2 hr,0,É M,Control,103.3,99.9
5134,01,2,ranitidine,Rat,Male,2 hr,0,É M,Control,96.7,100.1
5134,02,1,ranitidine,Rat,Male,8 hr,0,É M,Control,98.9,99.5
5134,02,2,ranitidine,Rat,Male,8 hr,0,É M,Control,101.1,100.5
5134,03,1,ranitidine,Rat,Male,24 hr,0,É M,Control,99.6,100.0
5134,03,2,ranitidine,Rat,Male,24 hr,0,É M,Control,100.4,100.0
5134,04,1,ranitidine,Rat,Male,2 hr,160,É M,Low,90.0,100.6
5134,04,2,ranitidine,Rat,Male,2 hr,160,É M,Low,95.3,101.2
5134,05,1,ranitidine,Rat,Male,8 hr,160,É M,Low,94.7,101.1
5134,05,2,ranitidine,Rat,Male,8 hr,160,É M,Low,104.1,101.4
5134,06,1,ranitidine,Rat,Male,24 hr,160,É M,Low,100.0,101.3
5134,06,2,ranitidine,Rat,Male,24 hr,160,É M,Low,109.0,100.2
5134,07,1,ranitidine,Rat,Male,2 hr,800,É M,Middle,90.4,100.9
5134,07,2,ranitidine,Rat,Male,2 hr,800,É M,Middle,92.4,101.0
5134,08,1,ranitidine,Rat,Male,8 hr,800,É M,Middle,96.2,101.3
5134,08,2,ranitidine,Rat,Male,8 hr,800,É M,Middle,97.9,100.6
5134,09,1,ranitidine,Rat,Male,24 hr,800,É M,Middle,96.1,102.4
5134,09,2,ranitidine,Rat,Male,24 hr,800,É M,Middle,106.0,101.0
5134,10,1,ranitidine,Rat,Male,2 hr,4000,É M,High,85.9,100.1
5134,10,2,ranitidine,Rat,Male,2 hr,4000,É M,High,91.0,101.1
5134,11,1,ranitidine,Rat,Male,8 hr,4000,É M,High,95.5,99.4
5134,11,2,ranitidine,Rat,Male,8 hr,4000,É M,High,97.5,100.8
5134,12,1,ranitidine,Rat,Male,24 hr,4000,É M,High,92.7,97.2
5134,12,2,ranitidine,Rat,Male,24 hr,4000,É M,High,92.3,98.3
5135,01,1,chlorpheniramine,Rat,Male,2 hr,0,É M,Control,94.7,100.4
5135,01,2,chlorpheniramine,Rat,Male,2 hr,0,É M,Control,105.3,99.6
5135,02,1,chlorpheniramine,Rat,Male,8 hr,0,É M,Control,96.8,99.8
5135,02,2,chlorpheniramine,Rat,Male,8 hr,0,É M,Control,103.2,100.2
5135,03,1,chlorpheniramine,Rat,Male,24 hr,0,É M,Control,92.0,100.4
5135,03,2,chlorpheniramine,Rat,Male,24 hr,0,É M,Control,108.0,99.6
5135,04,1,chlorpheniramine,Rat,Male,2 hr,8,É M,Low,99.0,100.3
5135,04,2,chlorpheniramine,Rat,Male,2 hr,8,É M,Low,103.2,100.9
5135,05,1,chlorpheniramine,Rat,Male,8 hr,8,É M,Low,98.9,102.0
5135,05,2,chlorpheniramine,Rat,Male,8 hr,8,É M,Low,104.7,101.3
5135,06,1,chlorpheniramine,Rat,Male,24 hr,8,É M,Low,102.7,98.6
5135,06,2,chlorpheniramine,Rat,Male,24 hr,8,É M,Low,104.0,98.5
5135,07,1,chlorpheniramine,Rat,Male,2 hr,40,É M,Middle,111.4,100.8
5135,07,2,chlorpheniramine,Rat,Male,2 hr,40,É M,Middle,108.6,100.4
5135,08,1,chlorpheniramine,Rat,Male,8 hr,40,É M,Middle,102.4,101.5
5135,08,2,chlorpheniramine,Rat,Male,8 hr,40,É M,Middle,103.7,101.7
5135,09,1,chlorpheniramine,Rat,Male,24 hr,40,É M,Middle,103.7,99.2
5135,09,2,chlorpheniramine,Rat,Male,24 hr,40,É M,Middle,110.0,99.6
5135,10,1,chlorpheniramine,Rat,Male,2 hr,200,É M,High,94.6,101.1
5135,10,2,chlorpheniramine,Rat,Male,2 hr,200,É M,High,103.6,101.1
5135,11,1,chlorpheniramine,Rat,Male,8 hr,200,É M,High,94.3,100.9
5135,11,2,chlorpheniramine,Rat,Male,8 hr,200,É M,High,97.1,100.5
5135,12,1,chlorpheniramine,Rat,Male,24 hr,200,É M,High,100.6,95.9
5135,12,2,chlorpheniramine,Rat,Male,24 hr,200,É M,High,103.6,94.4
5136,01,1,nifedipine,Rat,Male,2 hr,0,É M,Control,98.8,99.8
5136,01,2,nifedipine,Rat,Male,2 hr,0,É M,Control,101.2,100.2
5136,02,1,nifedipine,Rat,Male,8 hr,0,É M,Control,94.0,100.1
5136,02,2,nifedipine,Rat,Male,8 hr,0,É M,Control,106.0,99.9
5136,03,1,nifedipine,Rat,Male,24 hr,0,É M,Control,96.0,99.9
5136,03,2,nifedipine,Rat,Male,24 hr,0,É M,Control,104.0,100.1
5136,04,1,nifedipine,Rat,Male,2 hr,10,É M,Low,99.9,100.0
5136,04,2,nifedipine,Rat,Male,2 hr,10,É M,Low,105.6,100.5
5136,05,1,nifedipine,Rat,Male,8 hr,10,É M,Low,102.8,101.1
5136,05,2,nifedipine,Rat,Male,8 hr,10,É M,Low,107.9,101.6
5136,06,1,nifedipine,Rat,Male,24 hr,10,É M,Low,96.6,99.8
5136,06,2,nifedipine,Rat,Male,24 hr,10,É M,Low,101.6,99.9
5136,07,1,nifedipine,Rat,Male,2 hr,50,É M,Middle,100.6,101.2
5136,07,2,nifedipine,Rat,Male,2 hr,50,É M,Middle,110.2,101.2
5136,08,1,nifedipine,Rat,Male,8 hr,50,É M,Middle,103.3,101.4
5136,08,2,nifedipine,Rat,Male,8 hr,50,É M,Middle,109.2,101.5
5136,09,1,nifedipine,Rat,Male,24 hr,50,É M,Middle,101.1,100.4
5136,09,2,nifedipine,Rat,Male,24 hr,50,É M,Middle,102.5,100.5
5136,10,1,nifedipine,Rat,Male,2 hr,250,É M,High,112.7,100.9
5136,10,2,nifedipine,Rat,Male,2 hr,250,É M,High,106.0,101.2
5136,11,1,nifedipine,Rat,Male,8 hr,250,É M,High,94.6,103.1
5136,11,2,nifedipine,Rat,Male,8 hr,250,É M,High,106.9,103.4
5136,12,1,nifedipine,Rat,Male,24 hr,250,É M,High,95.9,100.9
5136,12,2,nifedipine,Rat,Male,24 hr,250,É M,High,106.5,101.0
5137,01,1,diltiazem,Rat,Male,2 hr,0,É M,Control,97.5,100.3
5137,01,2,diltiazem,Rat,Male,2 hr,0,É M,Control,102.5,99.7
5137,02,1,diltiazem,Rat,Male,8 hr,0,É M,Control,98.0,100.0
5137,02,2,diltiazem,Rat,Male,8 hr,0,É M,Control,102.0,100.0
5137,03,1,diltiazem,Rat,Male,24 hr,0,É M,Control,100.4,99.5
5137,03,2,diltiazem,Rat,Male,24 hr,0,É M,Control,99.6,100.5
5137,04,1,diltiazem,Rat,Male,2 hr,10,É M,Low,96.9,100.6
5137,04,2,diltiazem,Rat,Male,2 hr,10,É M,Low,101.8,101.0
5137,05,1,diltiazem,Rat,Male,8 hr,10,É M,Low,99.1,100.9
5137,05,2,diltiazem,Rat,Male,8 hr,10,É M,Low,98.2,101.1
5137,06,1,diltiazem,Rat,Male,24 hr,10,É M,Low,97.6,101.2
5137,06,2,diltiazem,Rat,Male,24 hr,10,É M,Low,99.7,101.1
5137,07,1,diltiazem,Rat,Male,2 hr,50,É M,Middle,96.3,101.2
5137,07,2,diltiazem,Rat,Male,2 hr,50,É M,Middle,97.8,101.3
5137,08,1,diltiazem,Rat,Male,8 hr,50,É M,Middle,101.7,100.8
5137,08,2,diltiazem,Rat,Male,8 hr,50,É M,Middle,100.9,100.5
5137,09,1,diltiazem,Rat,Male,24 hr,50,É M,Middle,96.1,101.0
5137,09,2,diltiazem,Rat,Male,24 hr,50,É M,Middle,97.0,100.9
5137,10,1,diltiazem,Rat,Male,2 hr,250,É M,High,97.3,100.0
5137,10,2,diltiazem,Rat,Male,2 hr,250,É M,High,92.3,100.2
5137,11,1,diltiazem,Rat,Male,8 hr,250,É M,High,93.0,98.8
5137,11,2,diltiazem,Rat,Male,8 hr,250,É M,High,98.1,97.7
5137,12,1,diltiazem,Rat,Male,24 hr,250,É M,High,87.2,95.1
5137,12,2,diltiazem,Rat,Male,24 hr,250,É M,High,94.9,93.5
5138,01,1,tannic acid,Rat,Male,2 hr,0,É M,Control,98.7,100.0
5138,01,2,tannic acid,Rat,Male,2 hr,0,É M,Control,101.3,100.0
5138,02,1,tannic acid,Rat,Male,8 hr,0,É M,Control,97.0,100.2
5138,02,2,tannic acid,Rat,Male,8 hr,0,É M,Control,103.0,99.8
5138,03,1,tannic acid,Rat,Male,24 hr,0,É M,Control,98.4,100.1
5138,03,2,tannic acid,Rat,Male,24 hr,0,É M,Control,101.6,99.9
5138,04,1,tannic acid,Rat,Male,2 hr,0,É M,Low,109.7,100.6
5138,04,2,tannic acid,Rat,Male,2 hr,0,É M,Low,107.9,100.5
5138,05,1,tannic acid,Rat,Male,8 hr,0,É M,Low,92.9,101.1
5138,05,2,tannic acid,Rat,Male,8 hr,0,É M,Low,95.8,101.1
5138,06,1,tannic acid,Rat,Male,24 hr,0,É M,Low,99.5,99.2
5138,06,2,tannic acid,Rat,Male,24 hr,0,É M,Low,98.3,99.3
5138,07,1,tannic acid,Rat,Male,2 hr,2,É M,Middle,96.3,100.5
5138,07,2,tannic acid,Rat,Male,2 hr,2,É M,Middle,93.8,101.0
5138,08,1,tannic acid,Rat,Male,8 hr,2,É M,Middle,94.0,101.1
5138,08,2,tannic acid,Rat,Male,8 hr,2,É M,Middle,93.0,101.5
5138,09,1,tannic acid,Rat,Male,24 hr,2,É M,Middle,101.7,100.4
5138,09,2,tannic acid,Rat,Male,24 hr,2,É M,Middle,94.9,100.7
5138,10,1,tannic acid,Rat,Male,2 hr,10,É M,High,93.8,100.7
5138,10,2,tannic acid,Rat,Male,2 hr,10,É M,High,105.7,101.0
5138,11,1,tannic acid,Rat,Male,8 hr,10,É M,High,92.1,101.9
5138,11,2,tannic acid,Rat,Male,8 hr,10,É M,High,92.9,102.6
5138,12,1,tannic acid,Rat,Male,24 hr,10,É M,High,81.9,90.9
5138,12,2,tannic acid,Rat,Male,24 hr,10,É M,High,81.9,90.9
5139,01,1,captopril,Rat,Male,2 hr,0,É M,Control,96.4,100.1
5139,01,2,captopril,Rat,Male,2 hr,0,É M,Control,103.6,99.9
5139,02,1,captopril,Rat,Male,8 hr,0,É M,Control,97.8,99.8
5139,02,2,captopril,Rat,Male,8 hr,0,É M,Control,102.2,100.2
5139,03,1,captopril,Rat,Male,24 hr,0,É M,Control,100.0,100.2
5139,03,2,captopril,Rat,Male,24 hr,0,É M,Control,100.0,99.8
5139,04,1,captopril,Rat,Male,2 hr,400,É M,Low,99.1,100.3
5139,04,2,captopril,Rat,Male,2 hr,400,É M,Low,99.9,99.5
5139,05,1,captopril,Rat,Male,8 hr,400,É M,Low,96.7,100.5
5139,05,2,captopril,Rat,Male,8 hr,400,É M,Low,97.7,100.0
5139,06,1,captopril,Rat,Male,24 hr,400,É M,Low,99.4,100.3
5139,06,2,captopril,Rat,Male,24 hr,400,É M,Low,101.0,100.4
5139,07,1,captopril,Rat,Male,2 hr,2000,É M,Middle,97.7,100.1
5139,07,2,captopril,Rat,Male,2 hr,2000,É M,Middle,98.8,100.4
5139,08,1,captopril,Rat,Male,8 hr,2000,É M,Middle,99.8,100.6
5139,08,2,captopril,Rat,Male,8 hr,2000,É M,Middle,94.7,101.0
5139,09,1,captopril,Rat,Male,24 hr,2000,É M,Middle,98.2,100.5
5139,09,2,captopril,Rat,Male,24 hr,2000,É M,Middle,96.2,100.3
5139,10,1,captopril,Rat,Male,2 hr,10000,É M,High,96.2,100.3
5139,10,2,captopril,Rat,Male,2 hr,10000,É M,High,98.2,100.3
5139,11,1,captopril,Rat,Male,8 hr,10000,É M,High,98.5,100.7
5139,11,2,captopril,Rat,Male,8 hr,10000,É M,High,100.4,101.3
5139,12,1,captopril,Rat,Male,24 hr,10000,É M,High,91.5,99.7
5139,12,2,captopril,Rat,Male,24 hr,10000,É M,High,96.0,99.8
5140,01,1,enalapril,Rat,Male,2 hr,0,É M,Control,101.6,99.6
5140,01,2,enalapril,Rat,Male,2 hr,0,É M,Control,98.4,100.4
5140,02,1,enalapril,Rat,Male,8 hr,0,É M,Control,99.0,99.8
5140,02,2,enalapril,Rat,Male,8 hr,0,É M,Control,101.0,100.2
5140,03,1,enalapril,Rat,Male,24 hr,0,É M,Control,99.3,99.9
5140,03,2,enalapril,Rat,Male,24 hr,0,É M,Control,100.7,100.1
5140,04,1,enalapril,Rat,Male,2 hr,80,É M,Low,103.1,101.4
5140,04,2,enalapril,Rat,Male,2 hr,80,É M,Low,108.7,100.1
5140,05,1,enalapril,Rat,Male,8 hr,80,É M,Low,98.1,101.1
5140,05,2,enalapril,Rat,Male,8 hr,80,É M,Low,99.1,100.6
5140,06,1,enalapril,Rat,Male,24 hr,80,É M,Low,95.8,100.5
5140,06,2,enalapril,Rat,Male,24 hr,80,É M,Low,97.7,101.2
5140,07,1,enalapril,Rat,Male,2 hr,400,É M,Middle,100.7,101.1
5140,07,2,enalapril,Rat,Male,2 hr,400,É M,Middle,102.4,101.9
5140,08,1,enalapril,Rat,Male,8 hr,400,É M,Middle,95.5,101.0
5140,08,2,enalapril,Rat,Male,8 hr,400,É M,Middle,99.8,101.7
5140,09,1,enalapril,Rat,Male,24 hr,400,É M,Middle,95.2,100.1
5140,09,2,enalapril,Rat,Male,24 hr,400,É M,Middle,93.3,100.7
5140,10,1,enalapril,Rat,Male,2 hr,2000,É M,High,96.4,102.2
5140,10,2,enalapril,Rat,Male,2 hr,2000,É M,High,93.3,101.4
5140,11,1,enalapril,Rat,Male,8 hr,2000,É M,High,93.7,95.7
5140,11,2,enalapril,Rat,Male,8 hr,2000,É M,High,88.2,96.8
5140,12,1,enalapril,Rat,Male,24 hr,2000,É M,High,90.2,89.2
5140,12,2,enalapril,Rat,Male,24 hr,2000,É M,High,83.6,89.7
5141,01,1,theophylline,Rat,Male,2 hr,0,É M,Control,94.8,99.6
5141,01,2,theophylline,Rat,Male,2 hr,0,É M,Control,105.2,100.4
5141,02,1,theophylline,Rat,Male,8 hr,0,É M,Control,98.9,100.3
5141,02,2,theophylline,Rat,Male,8 hr,0,É M,Control,101.1,99.7
5141,03,1,theophylline,Rat,Male,24 hr,0,É M,Control,97.4,99.9
5141,03,2,theophylline,Rat,Male,24 hr,0,É M,Control,102.6,100.1
5141,04,1,theophylline,Rat,Male,2 hr,400,É M,Low,91.4,99.4
5141,04,2,theophylline,Rat,Male,2 hr,400,É M,Low,99.7,100.2
5141,05,1,theophylline,Rat,Male,8 hr,400,É M,Low,101.2,100.3
5141,05,2,theophylline,Rat,Male,8 hr,400,É M,Low,101.9,100.1
5141,06,1,theophylline,Rat,Male,24 hr,400,É M,Low,94.3,101.3
5141,06,2,theophylline,Rat,Male,24 hr,400,É M,Low,103.4,100.0
5141,07,1,theophylline,Rat,Male,2 hr,2000,É M,Middle,93.1,101.0
5141,07,2,theophylline,Rat,Male,2 hr,2000,É M,Middle,97.2,100.5
5141,08,1,theophylline,Rat,Male,8 hr,2000,É M,Middle,104.4,100.2
5141,08,2,theophylline,Rat,Male,8 hr,2000,É M,Middle,106.5,100.4
5141,09,1,theophylline,Rat,Male,24 hr,2000,É M,Middle,95.5,99.5
5141,09,2,theophylline,Rat,Male,24 hr,2000,É M,Middle,96.8,99.6
5141,10,1,theophylline,Rat,Male,2 hr,10000,É M,High,93.7,100.0
5141,10,2,theophylline,Rat,Male,2 hr,10000,É M,High,100.6,100.3
5141,11,1,theophylline,Rat,Male,8 hr,10000,É M,High,99.2,99.7
5141,11,2,theophylline,Rat,Male,8 hr,10000,É M,High,103.0,99.7
5141,12,1,theophylline,Rat,Male,24 hr,10000,É M,High,91.7,99.9
5141,12,2,theophylline,Rat,Male,24 hr,10000,É M,High,97.9,99.2
5142,01,1,caffeine,Rat,Male,2 hr,0,É M,Control,97.4,99.7
5142,01,2,caffeine,Rat,Male,2 hr,0,É M,Control,102.6,100.3
5142,02,1,caffeine,Rat,Male,8 hr,0,É M,Control,98.9,99.5
5142,02,2,caffeine,Rat,Male,8 hr,0,É M,Control,101.1,100.5
5142,03,1,caffeine,Rat,Male,24 hr,0,É M,Control,98.7,99.5
5142,03,2,caffeine,Rat,Male,24 hr,0,É M,Control,101.3,100.5
5142,04,1,caffeine,Rat,Male,2 hr,400,É M,Low,98.7,100.6
5142,04,2,caffeine,Rat,Male,2 hr,400,É M,Low,105.8,100.6
5142,05,1,caffeine,Rat,Male,8 hr,400,É M,Low,99.6,100.9
5142,05,2,caffeine,Rat,Male,8 hr,400,É M,Low,97.4,101.0
5142,06,1,caffeine,Rat,Male,24 hr,400,É M,Low,94.4,101.0
5142,06,2,caffeine,Rat,Male,24 hr,400,É M,Low,98.4,101.2
5142,07,1,caffeine,Rat,Male,2 hr,2000,É M,Middle,97.2,100.8
5142,07,2,caffeine,Rat,Male,2 hr,2000,É M,Middle,99.2,100.5
5142,08,1,caffeine,Rat,Male,8 hr,2000,É M,Middle,95.2,101.2
5142,08,2,caffeine,Rat,Male,8 hr,2000,É M,Middle,91.3,101.9
5142,09,1,caffeine,Rat,Male,24 hr,2000,É M,Middle,90.0,101.6
5142,09,2,caffeine,Rat,Male,24 hr,2000,É M,Middle,94.2,100.6
5142,10,1,caffeine,Rat,Male,2 hr,10000,É M,High,98.7,100.1
5142,10,2,caffeine,Rat,Male,2 hr,10000,É M,High,105.6,100.5
5142,11,1,caffeine,Rat,Male,8 hr,10000,É M,High,93.8,100.0
5142,11,2,caffeine,Rat,Male,8 hr,10000,É M,High,91.7,98.4
5142,12,1,caffeine,Rat,Male,24 hr,10000,É M,High,89.4,100.2
5142,12,2,caffeine,Rat,Male,24 hr,10000,É M,High,96.0,100.0
5143,01,1,papaverine,Rat,Male,2 hr,0,É M,Control,102.3,100.2
5143,01,2,papaverine,Rat,Male,2 hr,0,É M,Control,97.7,99.8
5143,02,1,papaverine,Rat,Male,8 hr,0,É M,Control,101.9,99.9
5143,02,2,papaverine,Rat,Male,8 hr,0,É M,Control,98.1,100.1
5143,03,1,papaverine,Rat,Male,24 hr,0,É M,Control,102.2,99.4
5143,03,2,papaverine,Rat,Male,24 hr,0,É M,Control,97.8,100.6
5143,04,1,papaverine,Rat,Male,2 hr,4,É M,Low,98.8,99.4
5143,04,2,papaverine,Rat,Male,2 hr,4,É M,Low,103.0,100.1
5143,05,1,papaverine,Rat,Male,8 hr,4,É M,Low,96.2,99.3
5143,05,2,papaverine,Rat,Male,8 hr,4,É M,Low,95.8,100.9
5143,06,1,papaverine,Rat,Male,24 hr,4,É M,Low,96.2,100.3
5143,06,2,papaverine,Rat,Male,24 hr,4,É M,Low,103.2,100.0
5143,07,1,papaverine,Rat,Male,2 hr,20,É M,Middle,99.9,100.5
5143,07,2,papaverine,Rat,Male,2 hr,20,É M,Middle,108.9,100.7
5143,08,1,papaverine,Rat,Male,8 hr,20,É M,Middle,95.1,99.7
5143,08,2,papaverine,Rat,Male,8 hr,20,É M,Middle,98.0,100.2
5143,09,1,papaverine,Rat,Male,24 hr,20,É M,Middle,99.4,99.4
5143,09,2,papaverine,Rat,Male,24 hr,20,É M,Middle,101.2,100.6
5143,10,1,papaverine,Rat,Male,2 hr,100,É M,High,102.0,99.9
5143,10,2,papaverine,Rat,Male,2 hr,100,É M,High,100.1,100.1
5143,11,1,papaverine,Rat,Male,8 hr,100,É M,High,92.9,98.4
5143,11,2,papaverine,Rat,Male,8 hr,100,É M,High,94.5,98.8
5143,12,1,papaverine,Rat,Male,24 hr,100,É M,High,85.9,23.1
5143,12,2,papaverine,Rat,Male,24 hr,100,É M,High,91.4,29.4
5144,01,1,penicillamine,Rat,Male,2 hr,0,É M,Control,98.6,100.1
5144,01,2,penicillamine,Rat,Male,2 hr,0,É M,Control,101.4,99.9
5144,02,1,penicillamine,Rat,Male,8 hr,0,É M,Control,102.1,100.2
5144,02,2,penicillamine,Rat,Male,8 hr,0,É M,Control,97.9,99.8
5144,03,1,penicillamine,Rat,Male,24 hr,0,É M,Control,98.2,100.3
5144,03,2,penicillamine,Rat,Male,24 hr,0,É M,Control,101.8,99.7
5144,04,1,penicillamine,Rat,Male,2 hr,400,É M,Low,90.0,100.2
5144,04,2,penicillamine,Rat,Male,2 hr,400,É M,Low,97.6,100.5
5144,05,1,penicillamine,Rat,Male,8 hr,400,É M,Low,96.8,102.8
5144,05,2,penicillamine,Rat,Male,8 hr,400,É M,Low,99.7,102.9
5144,06,1,penicillamine,Rat,Male,24 hr,400,É M,Low,97.6,102.1
5144,06,2,penicillamine,Rat,Male,24 hr,400,É M,Low,98.2,103.4
5144,07,1,penicillamine,Rat,Male,2 hr,2000,É M,Middle,90.0,100.2
5144,07,2,penicillamine,Rat,Male,2 hr,2000,É M,Middle,91.0,100.4
5144,08,1,penicillamine,Rat,Male,8 hr,2000,É M,Middle,92.2,104.8
5144,08,2,penicillamine,Rat,Male,8 hr,2000,É M,Middle,94.1,104.3
5144,09,1,penicillamine,Rat,Male,24 hr,2000,É M,Middle,89.7,106.4
5144,09,2,penicillamine,Rat,Male,24 hr,2000,É M,Middle,93.7,107.1
5144,10,1,penicillamine,Rat,Male,2 hr,10000,É M,High,96.6,98.8
5144,10,2,penicillamine,Rat,Male,2 hr,10000,É M,High,101.3,99.6
5144,11,1,penicillamine,Rat,Male,8 hr,10000,É M,High,86.0,102.2
5144,11,2,penicillamine,Rat,Male,8 hr,10000,É M,High,90.6,103.1
5144,12,1,penicillamine,Rat,Male,24 hr,10000,É M,High,83.1,102.1
5144,12,2,penicillamine,Rat,Male,24 hr,10000,É M,High,84.1,102.6
5145,01,1,sulindac,Rat,Male,2 hr,0,É M,Control,100.9,100.1
5145,01,2,sulindac,Rat,Male,2 hr,0,É M,Control,99.1,99.9
5145,02,1,sulindac,Rat,Male,8 hr,0,É M,Control,97.4,99.5
5145,02,2,sulindac,Rat,Male,8 hr,0,É M,Control,102.6,100.5
5145,03,1,sulindac,Rat,Male,24 hr,0,É M,Control,96.5,101.0
5145,03,2,sulindac,Rat,Male,24 hr,0,É M,Control,103.5,99.0
5145,04,1,sulindac,Rat,Male,2 hr,80,É M,Low,104.2,100.1
5145,04,2,sulindac,Rat,Male,2 hr,80,É M,Low,112.5,100.7
5145,05,1,sulindac,Rat,Male,8 hr,80,É M,Low,104.0,100.4
5145,05,2,sulindac,Rat,Male,8 hr,80,É M,Low,106.5,102.6
5145,06,1,sulindac,Rat,Male,24 hr,80,É M,Low,104.0,98.4
5145,06,2,sulindac,Rat,Male,24 hr,80,É M,Low,101.6,99.7
5145,07,1,sulindac,Rat,Male,2 hr,400,É M,Middle,93.7,100.2
5145,07,2,sulindac,Rat,Male,2 hr,400,É M,Middle,101.3,99.9
5145,08,1,sulindac,Rat,Male,8 hr,400,É M,Middle,107.7,101.3
5145,08,2,sulindac,Rat,Male,8 hr,400,É M,Middle,114.2,102.3
5145,09,1,sulindac,Rat,Male,24 hr,400,É M,Middle,103.3,98.5
5145,09,2,sulindac,Rat,Male,24 hr,400,É M,Middle,107.8,98.3
5145,10,1,sulindac,Rat,Male,2 hr,2000,É M,High,93.7,100.2
5145,10,2,sulindac,Rat,Male,2 hr,2000,É M,High,101.5,100.1
5145,11,1,sulindac,Rat,Male,8 hr,2000,É M,High,99.6,96.8
5145,11,2,sulindac,Rat,Male,8 hr,2000,É M,High,102.0,97.9
5145,12,1,sulindac,Rat,Male,24 hr,2000,É M,High,96.1,86.6
5145,12,2,sulindac,Rat,Male,24 hr,2000,É M,High,100.7,85.7
5146,01,1,triamterene,Rat,Male,2 hr,0,É M,Control,99.0,100.4
5146,01,2,triamterene,Rat,Male,2 hr,0,É M,Control,101.0,99.6
5146,02,1,triamterene,Rat,Male,8 hr,0,É M,Control,100.5,100.2
5146,02,2,triamterene,Rat,Male,8 hr,0,É M,Control,99.5,99.8
5146,03,1,triamterene,Rat,Male,24 hr,0,É M,Control,98.2,100.5
5146,03,2,triamterene,Rat,Male,24 hr,0,É M,Control,101.8,99.5
5146,04,1,triamterene,Rat,Male,2 hr,1,É M,Low,89.9,100.2
5146,04,2,triamterene,Rat,Male,2 hr,1,É M,Low,94.5,100.0
5146,05,1,triamterene,Rat,Male,8 hr,1,É M,Low,99.4,99.8
5146,05,2,triamterene,Rat,Male,8 hr,1,É M,Low,101.2,101.2
5146,06,1,triamterene,Rat,Male,24 hr,1,É M,Low,102.6,97.0
5146,06,2,triamterene,Rat,Male,24 hr,1,É M,Low,99.2,98.6
5146,07,1,triamterene,Rat,Male,2 hr,6,É M,Middle,96.0,100.8
5146,07,2,triamterene,Rat,Male,2 hr,6,É M,Middle,94.5,101.3
5146,08,1,triamterene,Rat,Male,8 hr,6,É M,Middle,96.8,100.6
5146,08,2,triamterene,Rat,Male,8 hr,6,É M,Middle,101.3,100.2
5146,09,1,triamterene,Rat,Male,24 hr,6,É M,Middle,98.2,99.3
5146,09,2,triamterene,Rat,Male,24 hr,6,É M,Middle,103.4,98.5
5146,10,1,triamterene,Rat,Male,2 hr,30,É M,High,92.8,99.1
5146,10,2,triamterene,Rat,Male,2 hr,30,É M,High,92.6,99.4
5146,11,1,triamterene,Rat,Male,8 hr,30,É M,High,96.0,100.8
5146,11,2,triamterene,Rat,Male,8 hr,30,É M,High,96.7,100.6
5146,12,1,triamterene,Rat,Male,24 hr,30,É M,High,100.0,100.0
5146,12,2,triamterene,Rat,Male,24 hr,30,É M,High,98.0,99.9
5147,01,1,disopyramide,Rat,Male,2 hr,0,É M,Control,97.4,99.9
5147,01,2,disopyramide,Rat,Male,2 hr,0,É M,Control,102.6,100.1
5147,02,1,disopyramide,Rat,Male,8 hr,0,É M,Control,96.8,99.9
5147,02,2,disopyramide,Rat,Male,8 hr,0,É M,Control,103.2,100.1
5147,03,1,disopyramide,Rat,Male,24 hr,0,É M,Control,97.3,100.4
5147,03,2,disopyramide,Rat,Male,24 hr,0,É M,Control,102.7,99.6
5147,04,1,disopyramide,Rat,Male,2 hr,100,É M,Low,94.9,99.2
5147,04,2,disopyramide,Rat,Male,2 hr,100,É M,Low,99.6,99.6
5147,05,1,disopyramide,Rat,Male,8 hr,100,É M,Low,93.6,101.2
5147,05,2,disopyramide,Rat,Male,8 hr,100,É M,Low,99.8,102.0
5147,06,1,disopyramide,Rat,Male,24 hr,100,É M,Low,98.3,102.3
5147,06,2,disopyramide,Rat,Male,24 hr,100,É M,Low,102.4,101.6
5147,07,1,disopyramide,Rat,Male,2 hr,500,É M,Middle,96.6,100.9
5147,07,2,disopyramide,Rat,Male,2 hr,500,É M,Middle,99.9,101.3
5147,08,1,disopyramide,Rat,Male,8 hr,500,É M,Middle,103.3,101.5
5147,08,2,disopyramide,Rat,Male,8 hr,500,É M,Middle,105.7,102.6
5147,09,1,disopyramide,Rat,Male,24 hr,500,É M,Middle,92.6,101.1
5147,09,2,disopyramide,Rat,Male,24 hr,500,É M,Middle,102.7,101.0
5147,10,1,disopyramide,Rat,Male,2 hr,2500,É M,High,92.6,99.2
5147,10,2,disopyramide,Rat,Male,2 hr,2500,É M,High,92.7,100.0
5147,11,1,disopyramide,Rat,Male,8 hr,2500,É M,High,97.9,98.6
5147,11,2,disopyramide,Rat,Male,8 hr,2500,É M,High,100.5,98.8
5147,12,1,disopyramide,Rat,Male,24 hr,2500,É M,High,86.5,91.2
5147,12,2,disopyramide,Rat,Male,24 hr,2500,É M,High,93.9,88.7
5148,01,1,mexiletine,Rat,Male,2 hr,0,É M,Control,97.4,99.9
5148,01,2,mexiletine,Rat,Male,2 hr,0,É M,Control,102.6,100.1
5148,02,1,mexiletine,Rat,Male,8 hr,0,É M,Control,100.0,99.9
5148,02,2,mexiletine,Rat,Male,8 hr,0,É M,Control,100.0,100.1
5148,03,1,mexiletine,Rat,Male,24 hr,0,É M,Control,96.1,99.6
5148,03,2,mexiletine,Rat,Male,24 hr,0,É M,Control,103.9,100.4
5148,04,1,mexiletine,Rat,Male,2 hr,1,É M,Low,98.2,100.2
5148,04,2,mexiletine,Rat,Male,2 hr,1,É M,Low,104.0,100.4
5148,05,1,mexiletine,Rat,Male,8 hr,1,É M,Low,100.8,100.2
5148,05,2,mexiletine,Rat,Male,8 hr,1,É M,Low,104.1,100.0
5148,06,1,mexiletine,Rat,Male,24 hr,1,É M,Low,103.9,99.1
5148,06,2,mexiletine,Rat,Male,24 hr,1,É M,Low,105.9,100.0
5148,07,1,mexiletine,Rat,Male,2 hr,3,É M,Middle,104.1,99.9
5148,07,2,mexiletine,Rat,Male,2 hr,3,É M,Middle,105.1,101.7
5148,08,1,mexiletine,Rat,Male,8 hr,3,É M,Middle,98.2,101.2
5148,08,2,mexiletine,Rat,Male,8 hr,3,É M,Middle,103.6,101.1
5148,09,1,mexiletine,Rat,Male,24 hr,3,É M,Middle,97.6,103.4
5148,09,2,mexiletine,Rat,Male,24 hr,3,É M,Middle,101.8,102.4
5148,10,1,mexiletine,Rat,Male,2 hr,15,É M,High,96.2,101.0
5148,10,2,mexiletine,Rat,Male,2 hr,15,É M,High,102.8,101.8
5148,11,1,mexiletine,Rat,Male,8 hr,15,É M,High,96.5,101.3
5148,11,2,mexiletine,Rat,Male,8 hr,15,É M,High,102.8,101.9
5148,12,1,mexiletine,Rat,Male,24 hr,15,É M,High,99.9,103.2
5148,12,2,mexiletine,Rat,Male,24 hr,15,É M,High,104.8,104.2
5149,01,1,tiopronin,Rat,Male,2 hr,0,É M,Control,96.1,99.8
5149,01,2,tiopronin,Rat,Male,2 hr,0,É M,Control,103.9,100.2
5149,02,1,tiopronin,Rat,Male,8 hr,0,É M,Control,102.4,99.8
5149,02,2,tiopronin,Rat,Male,8 hr,0,É M,Control,97.6,100.2
5149,03,1,tiopronin,Rat,Male,24 hr,0,É M,Control,98.0,99.1
5149,03,2,tiopronin,Rat,Male,24 hr,0,É M,Control,102.0,100.9
5149,04,1,tiopronin,Rat,Male,2 hr,1,É M,Low,91.7,100.4
5149,04,2,tiopronin,Rat,Male,2 hr,1,É M,Low,102.8,99.7
5149,05,1,tiopronin,Rat,Male,8 hr,1,É M,Low,99.8,101.4
5149,05,2,tiopronin,Rat,Male,8 hr,1,É M,Low,102.1,102.0
5149,06,1,tiopronin,Rat,Male,24 hr,1,É M,Low,94.9,99.9
5149,06,2,tiopronin,Rat,Male,24 hr,1,É M,Low,100.3,101.6
5149,07,1,tiopronin,Rat,Male,2 hr,5,É M,Middle,98.7,100.8
5149,07,2,tiopronin,Rat,Male,2 hr,5,É M,Middle,99.5,101.6
5149,08,1,tiopronin,Rat,Male,8 hr,5,É M,Middle,101.8,101.2
5149,08,2,tiopronin,Rat,Male,8 hr,5,É M,Middle,108.8,102.6
5149,09,1,tiopronin,Rat,Male,24 hr,5,É M,Middle,103.5,100.8
5149,09,2,tiopronin,Rat,Male,24 hr,5,É M,Middle,105.8,101.5
5149,10,1,tiopronin,Rat,Male,2 hr,25,É M,High,97.9,100.9
5149,10,2,tiopronin,Rat,Male,2 hr,25,É M,High,99.0,100.8
5149,11,1,tiopronin,Rat,Male,8 hr,25,É M,High,106.0,102.4
5149,11,2,tiopronin,Rat,Male,8 hr,25,É M,High,102.4,103.0
5149,12,1,tiopronin,Rat,Male,24 hr,25,É M,High,99.0,100.0
5149,12,2,tiopronin,Rat,Male,24 hr,25,É M,High,105.8,102.2
5165,01,1,acetazolamide,Rat,Male,2 hr,0,É M,Control,96.9,99.4
5165,01,2,acetazolamide,Rat,Male,2 hr,0,É M,Control,103.1,100.6
5165,02,1,acetazolamide,Rat,Male,8 hr,0,É M,Control,98.1,99.9
5165,02,2,acetazolamide,Rat,Male,8 hr,0,É M,Control,101.9,100.1
5165,03,1,acetazolamide,Rat,Male,24 hr,0,É M,Control,100.7,98.8
5165,03,2,acetazolamide,Rat,Male,24 hr,0,É M,Control,99.3,101.2
5165,04,1,acetazolamide,Rat,Male,2 hr,24,É M,Low,95.4,100.9
5165,04,2,acetazolamide,Rat,Male,2 hr,24,É M,Low,101.1,101.1
5165,05,1,acetazolamide,Rat,Male,8 hr,24,É M,Low,102.8,100.3
5165,05,2,acetazolamide,Rat,Male,8 hr,24,É M,Low,97.4,99.6
5165,06,1,acetazolamide,Rat,Male,24 hr,24,É M,Low,96.5,99.9
5165,06,2,acetazolamide,Rat,Male,24 hr,24,É M,Low,93.8,103.9
5165,07,1,acetazolamide,Rat,Male,2 hr,120,É M,Middle,81.5,101.5
5165,07,2,acetazolamide,Rat,Male,2 hr,120,É M,Middle,96.1,101.0
5165,08,1,acetazolamide,Rat,Male,8 hr,120,É M,Middle,99.7,100.4
5165,08,2,acetazolamide,Rat,Male,8 hr,120,É M,Middle,98.8,101.0
5165,09,1,acetazolamide,Rat,Male,24 hr,120,É M,Middle,104.5,100.8
5165,09,2,acetazolamide,Rat,Male,24 hr,120,É M,Middle,97.7,101.8
5165,10,1,acetazolamide,Rat,Male,2 hr,600,É M,High,96.7,100.1
5165,10,2,acetazolamide,Rat,Male,2 hr,600,É M,High,97.6,101.0
5165,11,1,acetazolamide,Rat,Male,8 hr,600,É M,High,100.6,100.6
5165,11,2,acetazolamide,Rat,Male,8 hr,600,É M,High,104.6,100.1
5165,12,1,acetazolamide,Rat,Male,24 hr,600,É M,High,97.9,99.9
5165,12,2,acetazolamide,Rat,Male,24 hr,600,É M,High,102.9,99.8
5166,01,1,disulfiram,Rat,Male,2 hr,0,É M,Control,101.0,99.6
5166,01,2,disulfiram,Rat,Male,2 hr,0,É M,Control,99.0,100.4
5166,02,1,disulfiram,Rat,Male,8 hr,0,É M,Control,99.7,100.2
5166,02,2,disulfiram,Rat,Male,8 hr,0,É M,Control,100.3,99.8
5166,03,1,disulfiram,Rat,Male,24 hr,0,É M,Control,99.5,100.4
5166,03,2,disulfiram,Rat,Male,24 hr,0,É M,Control,100.5,99.6
5166,04,1,disulfiram,Rat,Male,2 hr,2,É M,Low,96.0,99.5
5166,04,2,disulfiram,Rat,Male,2 hr,2,É M,Low,96.2,100.1
5166,05,1,disulfiram,Rat,Male,8 hr,2,É M,Low,97.0,99.8
5166,05,2,disulfiram,Rat,Male,8 hr,2,É M,Low,98.5,101.0
5166,06,1,disulfiram,Rat,Male,24 hr,2,É M,Low,99.2,99.1
5166,06,2,disulfiram,Rat,Male,24 hr,2,É M,Low,102.0,99.5
5166,07,1,disulfiram,Rat,Male,2 hr,12,É M,Middle,98.0,98.0
5166,07,2,disulfiram,Rat,Male,2 hr,12,É M,Middle,97.3,99.1
5166,08,1,disulfiram,Rat,Male,8 hr,12,É M,Middle,100.9,99.6
5166,08,2,disulfiram,Rat,Male,8 hr,12,É M,Middle,100.8,99.9
5166,09,1,disulfiram,Rat,Male,24 hr,12,É M,Middle,101.6,97.6
5166,09,2,disulfiram,Rat,Male,24 hr,12,É M,Middle,103.5,97.7
5166,10,1,disulfiram,Rat,Male,2 hr,60,É M,High,103.0,99.1
5166,10,2,disulfiram,Rat,Male,2 hr,60,É M,High,100.2,99.1
5166,11,1,disulfiram,Rat,Male,8 hr,60,É M,High,93.7,91.5
5166,11,2,disulfiram,Rat,Male,8 hr,60,É M,High,93.3,91.8
5166,12,1,disulfiram,Rat,Male,24 hr,60,É M,High,91.3,87.0
5166,12,2,disulfiram,Rat,Male,24 hr,60,É M,High,99.9,83.1
5167,01,1,promethazine,Rat,Male,2 hr,0,É M,Control,102.1,99.7
5167,01,2,promethazine,Rat,Male,2 hr,0,É M,Control,97.9,100.3
5167,02,1,promethazine,Rat,Male,8 hr,0,É M,Control,98.1,99.5
5167,02,2,promethazine,Rat,Male,8 hr,0,É M,Control,101.9,100.5
5167,03,1,promethazine,Rat,Male,24 hr,0,É M,Control,98.6,100.0
5167,03,2,promethazine,Rat,Male,24 hr,0,É M,Control,101.4,100.0
5167,04,1,promethazine,Rat,Male,2 hr,3,É M,Low,100.9,100.5
5167,04,2,promethazine,Rat,Male,2 hr,3,É M,Low,100.4,99.9
5167,05,1,promethazine,Rat,Male,8 hr,3,É M,Low,100.7,101.4
5167,05,2,promethazine,Rat,Male,8 hr,3,É M,Low,100.9,100.3
5167,06,1,promethazine,Rat,Male,24 hr,3,É M,Low,97.7,100.0
5167,06,2,promethazine,Rat,Male,24 hr,3,É M,Low,98.4,100.7
5167,07,1,promethazine,Rat,Male,2 hr,16,É M,Middle,98.8,100.4
5167,07,2,promethazine,Rat,Male,2 hr,16,É M,Middle,102.1,100.3
5167,08,1,promethazine,Rat,Male,8 hr,16,É M,Middle,102.5,100.9
5167,08,2,promethazine,Rat,Male,8 hr,16,É M,Middle,100.6,100.8
5167,09,1,promethazine,Rat,Male,24 hr,16,É M,Middle,99.5,99.7
5167,09,2,promethazine,Rat,Male,24 hr,16,É M,Middle,97.1,100.6
5167,10,1,promethazine,Rat,Male,2 hr,80,É M,High,100.6,97.9
5167,10,2,promethazine,Rat,Male,2 hr,80,É M,High,102.0,99.1
5167,11,1,promethazine,Rat,Male,8 hr,80,É M,High,99.1,99.0
5167,11,2,promethazine,Rat,Male,8 hr,80,É M,High,99.8,99.5
5167,12,1,promethazine,Rat,Male,24 hr,80,É M,High,90.1,95.6
5167,12,2,promethazine,Rat,Male,24 hr,80,É M,High,92.0,97.4
5168,01,1,colchicine,Rat,Male,2 hr,0,É M,Control,101.1,99.4
5168,01,2,colchicine,Rat,Male,2 hr,0,É M,Control,98.9,100.6
5168,02,1,colchicine,Rat,Male,8 hr,0,É M,Control,99.5,100.2
5168,02,2,colchicine,Rat,Male,8 hr,0,É M,Control,100.5,99.8
5168,03,1,colchicine,Rat,Male,24 hr,0,É M,Control,98.2,99.5
5168,03,2,colchicine,Rat,Male,24 hr,0,É M,Control,101.8,100.5
5168,04,1,colchicine,Rat,Male,2 hr,200,É M,Low,96.4,100.6
5168,04,2,colchicine,Rat,Male,2 hr,200,É M,Low,98.3,100.4
5168,05,1,colchicine,Rat,Male,8 hr,200,É M,Low,101.6,99.8
5168,05,2,colchicine,Rat,Male,8 hr,200,É M,Low,103.8,100.2
5168,06,1,colchicine,Rat,Male,24 hr,200,É M,Low,94.2,99.5
5168,06,2,colchicine,Rat,Male,24 hr,200,É M,Low,97.0,99.1
5168,07,1,colchicine,Rat,Male,2 hr,1000,É M,Middle,96.6,99.8
5168,07,2,colchicine,Rat,Male,2 hr,1000,É M,Middle,93.3,101.0
5168,08,1,colchicine,Rat,Male,8 hr,1000,É M,Middle,97.6,99.9
5168,08,2,colchicine,Rat,Male,8 hr,1000,É M,Middle,99.3,99.7
5168,09,1,colchicine,Rat,Male,24 hr,1000,É M,Middle,96.0,98.5
5168,09,2,colchicine,Rat,Male,24 hr,1000,É M,Middle,99.6,98.9
5168,10,1,colchicine,Rat,Male,2 hr,5000,É M,High,95.7,100.6
5168,10,2,colchicine,Rat,Male,2 hr,5000,É M,High,100.9,99.7
5168,11,1,colchicine,Rat,Male,8 hr,5000,É M,High,97.2,99.1
5168,11,2,colchicine,Rat,Male,8 hr,5000,É M,High,102.9,99.1
5168,12,1,colchicine,Rat,Male,24 hr,5000,É M,High,91.4,94.4
5168,12,2,colchicine,Rat,Male,24 hr,5000,É M,High,94.2,93.7
5169,01,1,tolbutamide,Rat,Male,2 hr,0,É M,Control,96.3,99.9
5169,01,2,tolbutamide,Rat,Male,2 hr,0,É M,Control,103.7,100.1
5169,02,1,tolbutamide,Rat,Male,8 hr,0,É M,Control,99.5,99.5
5169,02,2,tolbutamide,Rat,Male,8 hr,0,É M,Control,100.5,100.5
5169,03,1,tolbutamide,Rat,Male,24 hr,0,É M,Control,98.7,99.8
5169,03,2,tolbutamide,Rat,Male,24 hr,0,É M,Control,101.3,100.2
5169,04,1,tolbutamide,Rat,Male,2 hr,80,É M,Low,100.0,99.5
5169,04,2,tolbutamide,Rat,Male,2 hr,80,É M,Low,102.5,99.6
5169,05,1,tolbutamide,Rat,Male,8 hr,80,É M,Low,100.8,99.4
5169,05,2,tolbutamide,Rat,Male,8 hr,80,É M,Low,103.2,99.2
5169,06,1,tolbutamide,Rat,Male,24 hr,80,É M,Low,100.0,97.4
5169,06,2,tolbutamide,Rat,Male,24 hr,80,É M,Low,101.9,98.6
5169,07,1,tolbutamide,Rat,Male,2 hr,400,É M,Middle,104.6,99.0
5169,07,2,tolbutamide,Rat,Male,2 hr,400,É M,Middle,105.3,99.3
5169,08,1,tolbutamide,Rat,Male,8 hr,400,É M,Middle,104.7,98.0
5169,08,2,tolbutamide,Rat,Male,8 hr,400,É M,Middle,104.4,98.3
5169,09,1,tolbutamide,Rat,Male,24 hr,400,É M,Middle,98.4,97.4
5169,09,2,tolbutamide,Rat,Male,24 hr,400,É M,Middle,100.8,97.9
5169,10,1,tolbutamide,Rat,Male,2 hr,2000,É M,High,102.7,97.9
5169,10,2,tolbutamide,Rat,Male,2 hr,2000,É M,High,99.7,98.5
5169,11,1,tolbutamide,Rat,Male,8 hr,2000,É M,High,103.3,98.2
5169,11,2,tolbutamide,Rat,Male,8 hr,2000,É M,High,96.4,98.6
5169,12,1,tolbutamide,Rat,Male,24 hr,2000,É M,High,96.6,97.9
5169,12,2,tolbutamide,Rat,Male,24 hr,2000,É M,High,99.5,97.4
5170,01,1,sulpiride,Rat,Male,2 hr,0,É M,Control,99.5,99.7
5170,01,2,sulpiride,Rat,Male,2 hr,0,É M,Control,100.5,100.3
5170,02,1,sulpiride,Rat,Male,8 hr,0,É M,Control,99.5,100.0
5170,02,2,sulpiride,Rat,Male,8 hr,0,É M,Control,100.5,100.0
5170,03,1,sulpiride,Rat,Male,24 hr,0,É M,Control,101.7,99.4
5170,03,2,sulpiride,Rat,Male,24 hr,0,É M,Control,98.3,100.6
5170,04,1,sulpiride,Rat,Male,2 hr,200,É M,Low,106.2,101.2
5170,04,2,sulpiride,Rat,Male,2 hr,200,É M,Low,106.5,101.6
5170,05,1,sulpiride,Rat,Male,8 hr,200,É M,Low,91.3,100.4
5170,05,2,sulpiride,Rat,Male,8 hr,200,É M,Low,95.0,102.3
5170,06,1,sulpiride,Rat,Male,24 hr,200,É M,Low,100.6,99.9
5170,06,2,sulpiride,Rat,Male,24 hr,200,É M,Low,97.8,100.7
5170,07,1,sulpiride,Rat,Male,2 hr,1000,É M,Middle,106.1,100.5
5170,07,2,sulpiride,Rat,Male,2 hr,1000,É M,Middle,108.7,101.2
5170,08,1,sulpiride,Rat,Male,8 hr,1000,É M,Middle,92.8,101.3
5170,08,2,sulpiride,Rat,Male,8 hr,1000,É M,Middle,100.8,102.2
5170,09,1,sulpiride,Rat,Male,24 hr,1000,É M,Middle,96.0,100.1
5170,09,2,sulpiride,Rat,Male,24 hr,1000,É M,Middle,99.2,100.7
5170,10,1,sulpiride,Rat,Male,2 hr,5000,É M,High,98.3,100.4
5170,10,2,sulpiride,Rat,Male,2 hr,5000,É M,High,104.6,100.1
5170,11,1,sulpiride,Rat,Male,8 hr,5000,É M,High,91.9,99.8
5170,11,2,sulpiride,Rat,Male,8 hr,5000,É M,High,98.1,100.4
5170,12,1,sulpiride,Rat,Male,24 hr,5000,É M,High,91.5,96.2
5170,12,2,sulpiride,Rat,Male,24 hr,5000,É M,High,94.9,96.6
5171,01,1,acarbose,Rat,Male,2 hr,0,É M,Control,101.2,100.2
5171,01,2,acarbose,Rat,Male,2 hr,0,É M,Control,98.8,99.8
5171,02,1,acarbose,Rat,Male,8 hr,0,É M,Control,102.7,99.5
5171,02,2,acarbose,Rat,Male,8 hr,0,É M,Control,97.3,100.5
5171,03,1,acarbose,Rat,Male,24 hr,0,É M,Control,97.9,99.6
5171,03,2,acarbose,Rat,Male,24 hr,0,É M,Control,102.1,100.4
5171,04,1,acarbose,Rat,Male,2 hr,400,É M,Low,99.0,100.4
5171,04,2,acarbose,Rat,Male,2 hr,400,É M,Low,101.8,100.2
5171,05,1,acarbose,Rat,Male,8 hr,400,É M,Low,99.2,99.1
5171,05,2,acarbose,Rat,Male,8 hr,400,É M,Low,99.7,100.6
5171,06,1,acarbose,Rat,Male,24 hr,400,É M,Low,95.6,100.1
5171,06,2,acarbose,Rat,Male,24 hr,400,É M,Low,97.1,100.3
5171,07,1,acarbose,Rat,Male,2 hr,2000,É M,Middle,102.1,99.9
5171,07,2,acarbose,Rat,Male,2 hr,2000,É M,Middle,100.0,98.5
5171,08,1,acarbose,Rat,Male,8 hr,2000,É M,Middle,97.3,100.4
5171,08,2,acarbose,Rat,Male,8 hr,2000,É M,Middle,100.5,100.9
5171,09,1,acarbose,Rat,Male,24 hr,2000,É M,Middle,97.7,100.4
5171,09,2,acarbose,Rat,Male,24 hr,2000,É M,Middle,95.2,101.3
5171,10,1,acarbose,Rat,Male,2 hr,10000,É M,High,96.9,100.4
5171,10,2,acarbose,Rat,Male,2 hr,10000,É M,High,97.8,100.7
5171,11,1,acarbose,Rat,Male,8 hr,10000,É M,High,97.1,101.1
5171,11,2,acarbose,Rat,Male,8 hr,10000,É M,High,98.8,100.6
5171,12,1,acarbose,Rat,Male,24 hr,10000,É M,High,96.5,101.1
5171,12,2,acarbose,Rat,Male,24 hr,10000,É M,High,98.3,91.1
5172,01,1,simvastatin,Rat,Male,2 hr,0,É M,Control,98.6,99.9
5172,01,2,simvastatin,Rat,Male,2 hr,0,É M,Control,101.4,100.1
5172,02,1,simvastatin,Rat,Male,8 hr,0,É M,Control,97.5,99.7
5172,02,2,simvastatin,Rat,Male,8 hr,0,É M,Control,102.5,100.3
5172,03,1,simvastatin,Rat,Male,24 hr,0,É M,Control,100.6,99.8
5172,03,2,simvastatin,Rat,Male,24 hr,0,É M,Control,99.4,100.2
5172,04,1,simvastatin,Rat,Male,2 hr,2,É M,Low,97.6,99.7
5172,04,2,simvastatin,Rat,Male,2 hr,2,É M,Low,97.2,100.6
5172,05,1,simvastatin,Rat,Male,8 hr,2,É M,Low,91.9,100.7
5172,05,2,simvastatin,Rat,Male,8 hr,2,É M,Low,91.5,101.1
5172,06,1,simvastatin,Rat,Male,24 hr,2,É M,Low,96.3,100.6
5172,06,2,simvastatin,Rat,Male,24 hr,2,É M,Low,100.6,100.7
5172,07,1,simvastatin,Rat,Male,2 hr,12,É M,Middle,98.7,101.3
5172,07,2,simvastatin,Rat,Male,2 hr,12,É M,Middle,97.4,101.0
5172,08,1,simvastatin,Rat,Male,8 hr,12,É M,Middle,98.7,101.0
5172,08,2,simvastatin,Rat,Male,8 hr,12,É M,Middle,99.7,100.8
5172,09,1,simvastatin,Rat,Male,24 hr,12,É M,Middle,95.5,100.6
5172,09,2,simvastatin,Rat,Male,24 hr,12,É M,Middle,98.2,100.6
5172,10,1,simvastatin,Rat,Male,2 hr,60,É M,High,95.3,101.4
5172,10,2,simvastatin,Rat,Male,2 hr,60,É M,High,97.1,101.6
5172,11,1,simvastatin,Rat,Male,8 hr,60,É M,High,107.2,101.2
5172,11,2,simvastatin,Rat,Male,8 hr,60,É M,High,103.1,101.6
5172,12,1,simvastatin,Rat,Male,24 hr,60,É M,High,92.9,101.0
5172,12,2,simvastatin,Rat,Male,24 hr,60,É M,High,98.6,100.8
5173,01,1,ajmaline,Rat,Male,2 hr,0,É M,Control,101.6,100.0
5173,01,2,ajmaline,Rat,Male,2 hr,0,É M,Control,98.4,100.0
5173,02,1,ajmaline,Rat,Male,8 hr,0,É M,Control,100.0,99.9
5173,02,2,ajmaline,Rat,Male,8 hr,0,É M,Control,100.0,100.1
5173,03,1,ajmaline,Rat,Male,24 hr,0,É M,Control,99.8,99.5
5173,03,2,ajmaline,Rat,Male,24 hr,0,É M,Control,100.2,100.5
5173,04,1,ajmaline,Rat,Male,2 hr,12,É M,Low,99.2,99.8
5173,04,2,ajmaline,Rat,Male,2 hr,12,É M,Low,107.4,99.8
5173,05,1,ajmaline,Rat,Male,8 hr,12,É M,Low,94.8,99.9
5173,05,2,ajmaline,Rat,Male,8 hr,12,É M,Low,100.1,100.8
5173,06,1,ajmaline,Rat,Male,24 hr,12,É M,Low,98.9,100.5
5173,06,2,ajmaline,Rat,Male,24 hr,12,É M,Low,101.3,101.3
5173,07,1,ajmaline,Rat,Male,2 hr,60,É M,Middle,96.3,99.7
5173,07,2,ajmaline,Rat,Male,2 hr,60,É M,Middle,105.5,100.3
5173,08,1,ajmaline,Rat,Male,8 hr,60,É M,Middle,100.7,100.7
5173,08,2,ajmaline,Rat,Male,8 hr,60,É M,Middle,104.3,100.6
5173,09,1,ajmaline,Rat,Male,24 hr,60,É M,Middle,102.0,100.8
5173,09,2,ajmaline,Rat,Male,24 hr,60,É M,Middle,100.8,101.5
5173,10,1,ajmaline,Rat,Male,2 hr,300,É M,High,101.9,99.8
5173,10,2,ajmaline,Rat,Male,2 hr,300,É M,High,106.3,99.7
5173,11,1,ajmaline,Rat,Male,8 hr,300,É M,High,97.3,99.9
5173,11,2,ajmaline,Rat,Male,8 hr,300,É M,High,100.6,100.1
5173,12,1,ajmaline,Rat,Male,24 hr,300,É M,High,87.4,99.8
5173,12,2,ajmaline,Rat,Male,24 hr,300,É M,High,95.0,100.1
5174,01,1,dantrolene,Rat,Male,2 hr,0,É M,Control,102.0,99.6
5174,01,2,dantrolene,Rat,Male,2 hr,0,É M,Control,98.0,100.4
5174,02,1,dantrolene,Rat,Male,8 hr,0,É M,Control,97.7,99.8
5174,02,2,dantrolene,Rat,Male,8 hr,0,É M,Control,102.3,100.2
5174,03,1,dantrolene,Rat,Male,24 hr,0,É M,Control,98.1,99.2
5174,03,2,dantrolene,Rat,Male,24 hr,0,É M,Control,101.9,100.8
5174,04,1,dantrolene,Rat,Male,2 hr,0,É M,Low,97.7,100.0
5174,04,2,dantrolene,Rat,Male,2 hr,0,É M,Low,100.9,100.2
5174,05,1,dantrolene,Rat,Male,8 hr,0,É M,Low,100.1,99.6
5174,05,2,dantrolene,Rat,Male,8 hr,0,É M,Low,100.7,100.6
5174,06,1,dantrolene,Rat,Male,24 hr,0,É M,Low,99.6,99.5
5174,06,2,dantrolene,Rat,Male,24 hr,0,É M,Low,101.0,99.8
5174,07,1,dantrolene,Rat,Male,2 hr,2,É M,Middle,96.8,98.7
5174,07,2,dantrolene,Rat,Male,2 hr,2,É M,Middle,100.1,99.4
5174,08,1,dantrolene,Rat,Male,8 hr,2,É M,Middle,95.1,100.9
5174,08,2,dantrolene,Rat,Male,8 hr,2,É M,Middle,99.4,101.1
5174,09,1,dantrolene,Rat,Male,24 hr,2,É M,Middle,99.1,99.3
5174,09,2,dantrolene,Rat,Male,24 hr,2,É M,Middle,102.2,100.1
5174,10,1,dantrolene,Rat,Male,2 hr,10,É M,High,98.4,100.2
5174,10,2,dantrolene,Rat,Male,2 hr,10,É M,High,100.9,100.9
5174,11,1,dantrolene,Rat,Male,8 hr,10,É M,High,96.6,101.0
5174,11,2,dantrolene,Rat,Male,8 hr,10,É M,High,99.2,101.0
5174,12,1,dantrolene,Rat,Male,24 hr,10,É M,High,100.6,100.5
5174,12,2,dantrolene,Rat,Male,24 hr,10,É M,High,102.2,100.5
5175,01,1,triazolam,Rat,Male,2 hr,0,É M,Control,101.0,100.0
5175,01,2,triazolam,Rat,Male,2 hr,0,É M,Control,99.0,100.0
5175,02,1,triazolam,Rat,Male,8 hr,0,É M,Control,99.7,99.7
5175,02,2,triazolam,Rat,Male,8 hr,0,É M,Control,100.3,100.3
5175,03,1,triazolam,Rat,Male,24 hr,0,É M,Control,97.0,100.0
5175,03,2,triazolam,Rat,Male,24 hr,0,É M,Control,103.0,100.0
5175,04,1,triazolam,Rat,Male,2 hr,0,É M,Low,101.6,100.4
5175,04,2,triazolam,Rat,Male,2 hr,0,É M,Low,102.4,100.4
5175,05,1,triazolam,Rat,Male,8 hr,0,É M,Low,100.2,100.6
5175,05,2,triazolam,Rat,Male,8 hr,0,É M,Low,102.3,100.8
5175,06,1,triazolam,Rat,Male,24 hr,0,É M,Low,102.4,100.2
5175,06,2,triazolam,Rat,Male,24 hr,0,É M,Low,107.6,100.8
5175,07,1,triazolam,Rat,Male,2 hr,2,É M,Middle,98.9,100.3
5175,07,2,triazolam,Rat,Male,2 hr,2,É M,Middle,98.3,100.5
5175,08,1,triazolam,Rat,Male,8 hr,2,É M,Middle,105.0,100.5
5175,08,2,triazolam,Rat,Male,8 hr,2,É M,Middle,102.2,101.4
5175,09,1,triazolam,Rat,Male,24 hr,2,É M,Middle,99.8,101.5
5175,09,2,triazolam,Rat,Male,24 hr,2,É M,Middle,104.6,100.8
5175,10,1,triazolam,Rat,Male,2 hr,10,É M,High,88.3,101.2
5175,10,2,triazolam,Rat,Male,2 hr,10,É M,High,93.9,101.2
5175,11,1,triazolam,Rat,Male,8 hr,10,É M,High,96.3,100.8
5175,11,2,triazolam,Rat,Male,8 hr,10,É M,High,104.3,100.9
5175,12,1,triazolam,Rat,Male,24 hr,10,É M,High,101.3,99.7
5175,12,2,triazolam,Rat,Male,24 hr,10,É M,High,103.9,101.6
5176,01,1,clomipramine,Rat,Male,2 hr,0,É M,Control,100.0,100.0
5176,01,2,clomipramine,Rat,Male,2 hr,0,É M,Control,100.0,100.0
5176,02,1,clomipramine,Rat,Male,8 hr,0,É M,Control,98.4,99.8
5176,02,2,clomipramine,Rat,Male,8 hr,0,É M,Control,101.6,100.2
5176,03,1,clomipramine,Rat,Male,24 hr,0,É M,Control,98.7,99.4
5176,03,2,clomipramine,Rat,Male,24 hr,0,É M,Control,101.3,100.6
5176,04,1,clomipramine,Rat,Male,2 hr,2,É M,Low,103.7,100.8
5176,04,2,clomipramine,Rat,Male,2 hr,2,É M,Low,99.6,100.1
5176,05,1,clomipramine,Rat,Male,8 hr,2,É M,Low,100.4,100.5
5176,05,2,clomipramine,Rat,Male,8 hr,2,É M,Low,99.3,100.3
5176,06,1,clomipramine,Rat,Male,24 hr,2,É M,Low,104.1,99.7
5176,06,2,clomipramine,Rat,Male,24 hr,2,É M,Low,104.9,100.0
5176,07,1,clomipramine,Rat,Male,2 hr,8,É M,Middle,97.3,100.2
5176,07,2,clomipramine,Rat,Male,2 hr,8,É M,Middle,97.0,100.5
5176,08,1,clomipramine,Rat,Male,8 hr,8,É M,Middle,97.2,101.1
5176,08,2,clomipramine,Rat,Male,8 hr,8,É M,Middle,93.9,101.1
5176,09,1,clomipramine,Rat,Male,24 hr,8,É M,Middle,102.4,100.8
5176,09,2,clomipramine,Rat,Male,24 hr,8,É M,Middle,104.9,102.1
5176,10,1,clomipramine,Rat,Male,2 hr,40,É M,High,92.8,98.9
5176,10,2,clomipramine,Rat,Male,2 hr,40,É M,High,93.1,99.3
5176,11,1,clomipramine,Rat,Male,8 hr,40,É M,High,93.1,98.9
5176,11,2,clomipramine,Rat,Male,8 hr,40,É M,High,98.9,98.4
5176,12,1,clomipramine,Rat,Male,24 hr,40,É M,High,97.8,97.6
5176,12,2,clomipramine,Rat,Male,24 hr,40,É M,High,99.8,97.0
5177,01,1,trimethadione,Rat,Male,2 hr,0,É M,Control,98.9,100.0
5177,01,2,trimethadione,Rat,Male,2 hr,0,É M,Control,101.1,100.0
5177,02,1,trimethadione,Rat,Male,8 hr,0,É M,Control,98.7,99.9
5177,02,2,trimethadione,Rat,Male,8 hr,0,É M,Control,101.3,100.1
5177,03,1,trimethadione,Rat,Male,24 hr,0,É M,Control,96.2,100.9
5177,03,2,trimethadione,Rat,Male,24 hr,0,É M,Control,103.8,99.1
5177,04,1,trimethadione,Rat,Male,2 hr,400,É M,Low,97.3,99.8
5177,04,2,trimethadione,Rat,Male,2 hr,400,É M,Low,103.4,100.5
5177,05,1,trimethadione,Rat,Male,8 hr,400,É M,Low,102.8,101.2
5177,05,2,trimethadione,Rat,Male,8 hr,400,É M,Low,103.0,101.5
5177,06,1,trimethadione,Rat,Male,24 hr,400,É M,Low,101.4,101.3
5177,06,2,trimethadione,Rat,Male,24 hr,400,É M,Low,102.6,101.3
5177,07,1,trimethadione,Rat,Male,2 hr,2000,É M,Middle,98.9,100.0
5177,07,2,trimethadione,Rat,Male,2 hr,2000,É M,Middle,99.2,100.8
5177,08,1,trimethadione,Rat,Male,8 hr,2000,É M,Middle,101.5,100.8
5177,08,2,trimethadione,Rat,Male,8 hr,2000,É M,Middle,100.9,101.5
5177,09,1,trimethadione,Rat,Male,24 hr,2000,É M,Middle,98.3,100.1
5177,09,2,trimethadione,Rat,Male,24 hr,2000,É M,Middle,104.3,101.5
5177,10,1,trimethadione,Rat,Male,2 hr,10000,É M,High,96.5,100.5
5177,10,2,trimethadione,Rat,Male,2 hr,10000,É M,High,96.6,100.9
5177,11,1,trimethadione,Rat,Male,8 hr,10000,É M,High,99.4,101.5
5177,11,2,trimethadione,Rat,Male,8 hr,10000,É M,High,94.2,102.8
5177,12,1,trimethadione,Rat,Male,24 hr,10000,É M,High,94.8,101.5
5177,12,2,trimethadione,Rat,Male,24 hr,10000,É M,High,92.8,102.1
5178,01,1,terbinafine,Rat,Male,2 hr,0,É M,Control,100.7,100.2
5178,01,2,terbinafine,Rat,Male,2 hr,0,É M,Control,99.3,99.8
5178,02,1,terbinafine,Rat,Male,8 hr,0,É M,Control,99.2,99.7
5178,02,2,terbinafine,Rat,Male,8 hr,0,É M,Control,100.8,100.3
5178,03,1,terbinafine,Rat,Male,24 hr,0,É M,Control,98.0,99.6
5178,03,2,terbinafine,Rat,Male,24 hr,0,É M,Control,102.0,100.4
5178,04,1,terbinafine,Rat,Male,2 hr,1,É M,Low,96.9,100.6
5178,04,2,terbinafine,Rat,Male,2 hr,1,É M,Low,100.5,100.7
5178,05,1,terbinafine,Rat,Male,8 hr,1,É M,Low,95.3,100.6
5178,05,2,terbinafine,Rat,Male,8 hr,1,É M,Low,98.1,100.8
5178,06,1,terbinafine,Rat,Male,24 hr,1,É M,Low,97.0,100.3
5178,06,2,terbinafine,Rat,Male,24 hr,1,É M,Low,102.9,99.9
5178,07,1,terbinafine,Rat,Male,2 hr,3,É M,Middle,101.6,100.5
5178,07,2,terbinafine,Rat,Male,2 hr,3,É M,Middle,96.3,100.7
5178,08,1,terbinafine,Rat,Male,8 hr,3,É M,Middle,94.3,100.1
5178,08,2,terbinafine,Rat,Male,8 hr,3,É M,Middle,102.9,100.5
5178,09,1,terbinafine,Rat,Male,24 hr,3,É M,Middle,98.8,100.1
5178,09,2,terbinafine,Rat,Male,24 hr,3,É M,Middle,100.6,100.3
5178,10,1,terbinafine,Rat,Male,2 hr,15,É M,High,96.3,100.7
5178,10,2,terbinafine,Rat,Male,2 hr,15,É M,High,98.9,100.1
5178,11,1,terbinafine,Rat,Male,8 hr,15,É M,High,97.2,100.0
5178,11,2,terbinafine,Rat,Male,8 hr,15,É M,High,98.7,100.1
5178,12,1,terbinafine,Rat,Male,24 hr,15,É M,High,96.6,100.6
5178,12,2,terbinafine,Rat,Male,24 hr,15,É M,High,100.0,100.0
5179,01,1,meloxicam,Rat,Male,2 hr,0,É M,Control,97.8,100.1
5179,01,2,meloxicam,Rat,Male,2 hr,0,É M,Control,102.2,99.9
5179,02,1,meloxicam,Rat,Male,8 hr,0,É M,Control,98.3,99.9
5179,02,2,meloxicam,Rat,Male,8 hr,0,É M,Control,101.7,100.1
5179,03,1,meloxicam,Rat,Male,24 hr,0,É M,Control,99.3,100.0
5179,03,2,meloxicam,Rat,Male,24 hr,0,É M,Control,100.7,100.0
5179,04,1,meloxicam,Rat,Male,2 hr,2,É M,Low,101.1,100.1
5179,04,2,meloxicam,Rat,Male,2 hr,2,É M,Low,104.2,100.2
5179,05,1,meloxicam,Rat,Male,8 hr,2,É M,Low,97.4,99.9
5179,05,2,meloxicam,Rat,Male,8 hr,2,É M,Low,104.4,100.1
5179,06,1,meloxicam,Rat,Male,24 hr,2,É M,Low,97.1,100.3
5179,06,2,meloxicam,Rat,Male,24 hr,2,É M,Low,103.5,100.0
5179,07,1,meloxicam,Rat,Male,2 hr,10,É M,Middle,102.6,100.3
5179,07,2,meloxicam,Rat,Male,2 hr,10,É M,Middle,97.7,100.4
5179,08,1,meloxicam,Rat,Male,8 hr,10,É M,Middle,100.5,99.1
5179,08,2,meloxicam,Rat,Male,8 hr,10,É M,Middle,99.1,100.0
5179,09,1,meloxicam,Rat,Male,24 hr,10,É M,Middle,96.8,99.7
5179,09,2,meloxicam,Rat,Male,24 hr,10,É M,Middle,100.0,100.0
5179,10,1,meloxicam,Rat,Male,2 hr,50,É M,High,98.9,100.1
5179,10,2,meloxicam,Rat,Male,2 hr,50,É M,High,100.5,100.4
5179,11,1,meloxicam,Rat,Male,8 hr,50,É M,High,98.6,99.1
5179,11,2,meloxicam,Rat,Male,8 hr,50,É M,High,100.0,99.4
5179,12,1,meloxicam,Rat,Male,24 hr,50,É M,High,89.3,99.0
5179,12,2,meloxicam,Rat,Male,24 hr,50,É M,High,93.5,98.5
5180,01,1,lornoxicam,Rat,Male,2 hr,0,É M,Control,101.9,99.8
5180,01,2,lornoxicam,Rat,Male,2 hr,0,É M,Control,98.1,100.2
5180,02,1,lornoxicam,Rat,Male,8 hr,0,É M,Control,100.1,99.4
5180,02,2,lornoxicam,Rat,Male,8 hr,0,É M,Control,99.9,100.6
5180,03,1,lornoxicam,Rat,Male,24 hr,0,É M,Control,99.5,100.3
5180,03,2,lornoxicam,Rat,Male,24 hr,0,É M,Control,100.5,99.7
5180,04,1,lornoxicam,Rat,Male,2 hr,1,É M,Low,104.5,100.3
5180,04,2,lornoxicam,Rat,Male,2 hr,1,É M,Low,107.8,100.4
5180,05,1,lornoxicam,Rat,Male,8 hr,1,É M,Low,98.5,100.0
5180,05,2,lornoxicam,Rat,Male,8 hr,1,É M,Low,102.6,102.5
5180,06,1,lornoxicam,Rat,Male,24 hr,1,É M,Low,102.4,99.5
5180,06,2,lornoxicam,Rat,Male,24 hr,1,É M,Low,104.0,100.7
5180,07,1,lornoxicam,Rat,Male,2 hr,3,É M,Middle,101.0,99.7
5180,07,2,lornoxicam,Rat,Male,2 hr,3,É M,Middle,104.2,101.5
5180,08,1,lornoxicam,Rat,Male,8 hr,3,É M,Middle,102.8,101.8
5180,08,2,lornoxicam,Rat,Male,8 hr,3,É M,Middle,103.0,103.0
5180,09,1,lornoxicam,Rat,Male,24 hr,3,É M,Middle,100.2,98.9
5180,09,2,lornoxicam,Rat,Male,24 hr,3,É M,Middle,102.8,100.1
5180,10,1,lornoxicam,Rat,Male,2 hr,15,É M,High,100.3,101.2
5180,10,2,lornoxicam,Rat,Male,2 hr,15,É M,High,106.0,101.9
5180,11,1,lornoxicam,Rat,Male,8 hr,15,É M,High,95.7,102.7
5180,11,2,lornoxicam,Rat,Male,8 hr,15,É M,High,101.6,103.3
5180,12,1,lornoxicam,Rat,Male,24 hr,15,É M,High,95.7,99.6
5180,12,2,lornoxicam,Rat,Male,24 hr,15,É M,High,100.5,99.5
5181,01,1,chlormadinone,Rat,Male,2 hr,0,É M,Control,101.8,100.6
5181,01,2,chlormadinone,Rat,Male,2 hr,0,É M,Control,98.2,99.4
5181,02,1,chlormadinone,Rat,Male,8 hr,0,É M,Control,99.3,99.8
5181,02,2,chlormadinone,Rat,Male,8 hr,0,É M,Control,100.7,100.2
5181,03,1,chlormadinone,Rat,Male,24 hr,0,É M,Control,98.9,99.8
5181,03,2,chlormadinone,Rat,Male,24 hr,0,É M,Control,101.1,100.2
5181,04,1,chlormadinone,Rat,Male,2 hr,2,É M,Low,101.6,100.6
5181,04,2,chlormadinone,Rat,Male,2 hr,2,É M,Low,101.8,100.5
5181,05,1,chlormadinone,Rat,Male,8 hr,2,É M,Low,98.0,98.6
5181,05,2,chlormadinone,Rat,Male,8 hr,2,É M,Low,100.9,99.2
5181,06,1,chlormadinone,Rat,Male,24 hr,2,É M,Low,103.0,98.7
5181,06,2,chlormadinone,Rat,Male,24 hr,2,É M,Low,101.8,99.3
5181,07,1,chlormadinone,Rat,Male,2 hr,8,É M,Middle,98.8,99.4
5181,07,2,chlormadinone,Rat,Male,2 hr,8,É M,Middle,96.9,99.0
5181,08,1,chlormadinone,Rat,Male,8 hr,8,É M,Middle,98.3,101.2
5181,08,2,chlormadinone,Rat,Male,8 hr,8,É M,Middle,98.2,101.7
5181,09,1,chlormadinone,Rat,Male,24 hr,8,É M,Middle,96.8,100.1
5181,09,2,chlormadinone,Rat,Male,24 hr,8,É M,Middle,100.0,99.6
5181,10,1,chlormadinone,Rat,Male,2 hr,40,É M,High,98.8,101.0
5181,10,2,chlormadinone,Rat,Male,2 hr,40,É M,High,101.5,101.4
5181,11,1,chlormadinone,Rat,Male,8 hr,40,É M,High,96.4,101.3
5181,11,2,chlormadinone,Rat,Male,8 hr,40,É M,High,98.8,101.6
5181,12,1,chlormadinone,Rat,Male,24 hr,40,É M,High,93.1,101.0
5181,12,2,chlormadinone,Rat,Male,24 hr,40,É M,High,95.6,101.1
5182,01,1,danazol,Rat,Male,2 hr,0,É M,Control,98.2,99.8
5182,01,2,danazol,Rat,Male,2 hr,0,É M,Control,101.8,100.2
5182,02,1,danazol,Rat,Male,8 hr,0,É M,Control,98.7,99.6
5182,02,2,danazol,Rat,Male,8 hr,0,É M,Control,101.3,100.4
5182,03,1,danazol,Rat,Male,24 hr,0,É M,Control,97.4,99.5
5182,03,2,danazol,Rat,Male,24 hr,0,É M,Control,102.6,100.5
5182,04,1,danazol,Rat,Male,2 hr,1,É M,Low,99.9,99.4
5182,04,2,danazol,Rat,Male,2 hr,1,É M,Low,96.2,100.5
5182,05,1,danazol,Rat,Male,8 hr,1,É M,Low,97.7,100.2
5182,05,2,danazol,Rat,Male,8 hr,1,É M,Low,95.6,100.4
5182,06,1,danazol,Rat,Male,24 hr,1,É M,Low,100.9,100.9
5182,06,2,danazol,Rat,Male,24 hr,1,É M,Low,99.8,100.6
5182,07,1,danazol,Rat,Male,2 hr,7,É M,Middle,100.5,100.5
5182,07,2,danazol,Rat,Male,2 hr,7,É M,Middle,97.7,100.3
5182,08,1,danazol,Rat,Male,8 hr,7,É M,Middle,94.5,100.2
5182,08,2,danazol,Rat,Male,8 hr,7,É M,Middle,98.0,100.4
5182,09,1,danazol,Rat,Male,24 hr,7,É M,Middle,99.8,100.3
5182,09,2,danazol,Rat,Male,24 hr,7,É M,Middle,101.7,101.7
5182,10,1,danazol,Rat,Male,2 hr,35,É M,High,95.1,100.5
5182,10,2,danazol,Rat,Male,2 hr,35,É M,High,100.3,101.2
5182,11,1,danazol,Rat,Male,8 hr,35,É M,High,93.2,101.3
5182,11,2,danazol,Rat,Male,8 hr,35,É M,High,98.2,101.2
5182,12,1,danazol,Rat,Male,24 hr,35,É M,High,98.5,100.2
5182,12,2,danazol,Rat,Male,24 hr,35,É M,High,96.8,101.2
5184,01,1,bendazac,Rat,Male,2 hr,0,É M,Control,97.1,99.4
5184,01,2,bendazac,Rat,Male,2 hr,0,É M,Control,102.9,100.6
5184,02,1,bendazac,Rat,Male,8 hr,0,É M,Control,99.2,99.7
5184,02,2,bendazac,Rat,Male,8 hr,0,É M,Control,100.8,100.3
5184,03,1,bendazac,Rat,Male,24 hr,0,É M,Control,95.3,100.7
5184,03,2,bendazac,Rat,Male,24 hr,0,É M,Control,104.7,99.3
5184,04,1,bendazac,Rat,Male,2 hr,8,É M,Low,102.8,99.0
5184,04,2,bendazac,Rat,Male,2 hr,8,É M,Low,104.4,99.4
5184,05,1,bendazac,Rat,Male,8 hr,8,É M,Low,100.2,96.4
5184,05,2,bendazac,Rat,Male,8 hr,8,É M,Low,101.1,95.7
5184,06,1,bendazac,Rat,Male,24 hr,8,É M,Low,97.0,99.5
5184,06,2,bendazac,Rat,Male,24 hr,8,É M,Low,101.8,98.3
5184,07,1,bendazac,Rat,Male,2 hr,40,É M,Middle,93.6,101.3
5184,07,2,bendazac,Rat,Male,2 hr,40,É M,Middle,111.7,100.9
5184,08,1,bendazac,Rat,Male,8 hr,40,É M,Middle,94.1,98.2
5184,08,2,bendazac,Rat,Male,8 hr,40,É M,Middle,106.1,96.3
5184,09,1,bendazac,Rat,Male,24 hr,40,É M,Middle,96.7,98.5
5184,09,2,bendazac,Rat,Male,24 hr,40,É M,Middle,101.0,100.8
5184,10,1,bendazac,Rat,Male,2 hr,200,É M,High,102.5,100.0
5184,10,2,bendazac,Rat,Male,2 hr,200,É M,High,101.5,98.6
5184,11,1,bendazac,Rat,Male,8 hr,200,É M,High,97.9,95.4
5184,11,2,bendazac,Rat,Male,8 hr,200,É M,High,102.6,95.2
5184,12,1,bendazac,Rat,Male,24 hr,200,É M,High,96.6,98.7
5184,12,2,bendazac,Rat,Male,24 hr,200,É M,High,99.3,97.2
5185,01,1,benziodarone,Rat,Male,2 hr,0,É M,Control,99.2,99.9
5185,01,2,benziodarone,Rat,Male,2 hr,0,É M,Control,100.8,100.1
5185,02,1,benziodarone,Rat,Male,8 hr,0,É M,Control,97.1,99.9
5185,02,2,benziodarone,Rat,Male,8 hr,0,É M,Control,102.9,100.1
5185,03,1,benziodarone,Rat,Male,24 hr,0,É M,Control,98.9,99.7
5185,03,2,benziodarone,Rat,Male,24 hr,0,É M,Control,101.1,100.3
5185,04,1,benziodarone,Rat,Male,2 hr,1,É M,Low,104.7,99.6
5185,04,2,benziodarone,Rat,Male,2 hr,1,É M,Low,103.3,99.7
5185,05,1,benziodarone,Rat,Male,8 hr,1,É M,Low,97.9,99.5
5185,05,2,benziodarone,Rat,Male,8 hr,1,É M,Low,97.2,99.8
5185,06,1,benziodarone,Rat,Male,24 hr,1,É M,Low,95.8,100.0
5185,06,2,benziodarone,Rat,Male,24 hr,1,É M,Low,98.1,99.5
5185,07,1,benziodarone,Rat,Male,2 hr,5,É M,Middle,100.3,99.9
5185,07,2,benziodarone,Rat,Male,2 hr,5,É M,Middle,98.2,99.7
5185,08,1,benziodarone,Rat,Male,8 hr,5,É M,Middle,92.8,100.2
5185,08,2,benziodarone,Rat,Male,8 hr,5,É M,Middle,96.0,100.8
5185,09,1,benziodarone,Rat,Male,24 hr,5,É M,Middle,95.9,99.6
5185,09,2,benziodarone,Rat,Male,24 hr,5,É M,Middle,99.2,100.0
5185,10,1,benziodarone,Rat,Male,2 hr,25,É M,High,99.9,99.6
5185,10,2,benziodarone,Rat,Male,2 hr,25,É M,High,103.1,99.7
5185,11,1,benziodarone,Rat,Male,8 hr,25,É M,High,96.4,96.0
5185,11,2,benziodarone,Rat,Male,8 hr,25,É M,High,100.5,96.4
5185,12,1,benziodarone,Rat,Male,24 hr,25,É M,High,91.5,94.0
5185,12,2,benziodarone,Rat,Male,24 hr,25,É M,High,91.6,94.4
5186,01,1,etoposide,Rat,Male,2 hr,0,É M,Control,98.8,99.6
5186,01,2,etoposide,Rat,Male,2 hr,0,É M,Control,101.2,100.4
5186,02,1,etoposide,Rat,Male,8 hr,0,É M,Control,100.0,99.5
5186,02,2,etoposide,Rat,Male,8 hr,0,É M,Control,100.0,100.5
5186,03,1,etoposide,Rat,Male,24 hr,0,É M,Control,99.5,99.4
5186,03,2,etoposide,Rat,Male,24 hr,0,É M,Control,100.5,100.6
5186,04,1,etoposide,Rat,Male,2 hr,14,É M,Low,99.6,100.0
5186,04,2,etoposide,Rat,Male,2 hr,14,É M,Low,104.3,100.7
5186,05,1,etoposide,Rat,Male,8 hr,14,É M,Low,96.2,99.7
5186,05,2,etoposide,Rat,Male,8 hr,14,É M,Low,98.4,100.6
5186,06,1,etoposide,Rat,Male,24 hr,14,É M,Low,88.6,98.4
5186,06,2,etoposide,Rat,Male,24 hr,14,É M,Low,97.6,99.5
5186,07,1,etoposide,Rat,Male,2 hr,70,É M,Middle,99.0,100.0
5186,07,2,etoposide,Rat,Male,2 hr,70,É M,Middle,96.6,100.4
5186,08,1,etoposide,Rat,Male,8 hr,70,É M,Middle,98.3,99.3
5186,08,2,etoposide,Rat,Male,8 hr,70,É M,Middle,97.1,100.2
5186,09,1,etoposide,Rat,Male,24 hr,70,É M,Middle,93.8,98.4
5186,09,2,etoposide,Rat,Male,24 hr,70,É M,Middle,93.2,98.2
5186,10,1,etoposide,Rat,Male,2 hr,350,É M,High,96.3,99.9
5186,10,2,etoposide,Rat,Male,2 hr,350,É M,High,102.6,99.9
5186,11,1,etoposide,Rat,Male,8 hr,350,É M,High,91.6,99.8
5186,11,2,etoposide,Rat,Male,8 hr,350,É M,High,98.0,100.1
5186,12,1,etoposide,Rat,Male,24 hr,350,É M,High,85.4,96.6
5186,12,2,etoposide,Rat,Male,24 hr,350,É M,High,88.0,96.9
5187,01,1,carboplatin,Rat,Male,2 hr,0,É M,Control,95.6,99.6
5187,01,2,carboplatin,Rat,Male,2 hr,0,É M,Control,104.4,100.4
5187,02,1,carboplatin,Rat,Male,8 hr,0,É M,Control,103.4,100.4
5187,02,2,carboplatin,Rat,Male,8 hr,0,É M,Control,96.6,99.6
5187,03,1,carboplatin,Rat,Male,24 hr,0,É M,Control,98.9,99.2
5187,03,2,carboplatin,Rat,Male,24 hr,0,É M,Control,101.1,100.8
5187,04,1,carboplatin,Rat,Male,2 hr,120,É M,Low,108.3,100.4
5187,04,2,carboplatin,Rat,Male,2 hr,120,É M,Low,107.9,100.4
5187,05,1,carboplatin,Rat,Male,8 hr,120,É M,Low,100.7,100.5
5187,05,2,carboplatin,Rat,Male,8 hr,120,É M,Low,103.0,100.5
5187,06,1,carboplatin,Rat,Male,24 hr,120,É M,Low,98.9,100.0
5187,06,2,carboplatin,Rat,Male,24 hr,120,É M,Low,98.4,100.7
5187,07,1,carboplatin,Rat,Male,2 hr,600,É M,Middle,110.8,99.6
5187,07,2,carboplatin,Rat,Male,2 hr,600,É M,Middle,115.2,100.4
5187,08,1,carboplatin,Rat,Male,8 hr,600,É M,Middle,105.4,100.7
5187,08,2,carboplatin,Rat,Male,8 hr,600,É M,Middle,107.4,102.1
5187,09,1,carboplatin,Rat,Male,24 hr,600,É M,Middle,98.7,100.3
5187,09,2,carboplatin,Rat,Male,24 hr,600,É M,Middle,100.5,101.5
5187,10,1,carboplatin,Rat,Male,2 hr,3000,É M,High,100.0,100.8
5187,10,2,carboplatin,Rat,Male,2 hr,3000,É M,High,110.7,100.4
5187,11,1,carboplatin,Rat,Male,8 hr,3000,É M,High,103.6,101.9
5187,11,2,carboplatin,Rat,Male,8 hr,3000,É M,High,111.7,100.9
5187,12,1,carboplatin,Rat,Male,24 hr,3000,É M,High,89.7,91.9
5187,12,2,carboplatin,Rat,Male,24 hr,3000,É M,High,96.7,92.9
5188,01,1,bromoethylamine,Rat,Male,2 hr,0,É M,Control,98.3,100.1
5188,01,2,bromoethylamine,Rat,Male,2 hr,0,É M,Control,101.7,100.0
5188,02,1,bromoethylamine,Rat,Male,8 hr,0,É M,Control,98.8,100.1
5188,02,2,bromoethylamine,Rat,Male,8 hr,0,É M,Control,101.2,99.9
5188,03,1,bromoethylamine,Rat,Male,24 hr,0,É M,Control,97.2,100.3
5188,03,2,bromoethylamine,Rat,Male,24 hr,0,É M,Control,102.8,99.7
5188,04,1,bromoethylamine,Rat,Male,2 hr,20,É M,Low,100.3,99.6
5188,04,2,bromoethylamine,Rat,Male,2 hr,20,É M,Low,101.5,100.1
5188,05,1,bromoethylamine,Rat,Male,8 hr,20,É M,Low,92.2,101.1
5188,05,2,bromoethylamine,Rat,Male,8 hr,20,É M,Low,88.3,101.4
5188,06,1,bromoethylamine,Rat,Male,24 hr,20,É M,Low,97.5,101.9
5188,06,2,bromoethylamine,Rat,Male,24 hr,20,É M,Low,103.7,101.7
5188,07,1,bromoethylamine,Rat,Male,2 hr,100,É M,Middle,96.3,101.2
5188,07,2,bromoethylamine,Rat,Male,2 hr,100,É M,Middle,94.7,101.5
5188,08,1,bromoethylamine,Rat,Male,8 hr,100,É M,Middle,95.4,100.9
5188,08,2,bromoethylamine,Rat,Male,8 hr,100,É M,Middle,99.5,101.2
5188,09,1,bromoethylamine,Rat,Male,24 hr,100,É M,Middle,101.7,100.9
5188,09,2,bromoethylamine,Rat,Male,24 hr,100,É M,Middle,102.1,101.4
5188,10,1,bromoethylamine,Rat,Male,2 hr,500,É M,High,95.1,100.4
5188,10,2,bromoethylamine,Rat,Male,2 hr,500,É M,High,101.5,100.9
5188,11,1,bromoethylamine,Rat,Male,8 hr,500,É M,High,90.4,100.7
5188,11,2,bromoethylamine,Rat,Male,8 hr,500,É M,High,93.9,101.8
5188,12,1,bromoethylamine,Rat,Male,24 hr,500,É M,High,109.3,80.5
5188,12,2,bromoethylamine,Rat,Male,24 hr,500,É M,High,94.1,100.5
5189,01,1,ethionamide,Rat,Male,2 hr,0,É M,Control,96.8,100.2
5189,01,2,ethionamide,Rat,Male,2 hr,0,É M,Control,103.2,99.8
5189,02,1,ethionamide,Rat,Male,8 hr,0,É M,Control,99.2,99.5
5189,02,2,ethionamide,Rat,Male,8 hr,0,É M,Control,100.8,100.5
5189,03,1,ethionamide,Rat,Male,24 hr,0,É M,Control,98.3,100.2
5189,03,2,ethionamide,Rat,Male,24 hr,0,É M,Control,101.7,99.8
5189,04,1,ethionamide,Rat,Male,2 hr,24,É M,Low,100.4,101.0
5189,04,2,ethionamide,Rat,Male,2 hr,24,É M,Low,105.6,101.0
5189,05,1,ethionamide,Rat,Male,8 hr,24,É M,Low,96.9,100.6
5189,05,2,ethionamide,Rat,Male,8 hr,24,É M,Low,98.6,100.7
5189,06,1,ethionamide,Rat,Male,24 hr,24,É M,Low,101.8,100.1
5189,06,2,ethionamide,Rat,Male,24 hr,24,É M,Low,100.5,101.1
5189,07,1,ethionamide,Rat,Male,2 hr,120,É M,Middle,105.7,101.0
5189,07,2,ethionamide,Rat,Male,2 hr,120,É M,Middle,103.1,101.3
5189,08,1,ethionamide,Rat,Male,8 hr,120,É M,Middle,100.5,101.0
5189,08,2,ethionamide,Rat,Male,8 hr,120,É M,Middle,100.8,102.0
5189,09,1,ethionamide,Rat,Male,24 hr,120,É M,Middle,99.3,101.0
5189,09,2,ethionamide,Rat,Male,24 hr,120,É M,Middle,98.2,101.9
5189,10,1,ethionamide,Rat,Male,2 hr,600,É M,High,99.3,101.7
5189,10,2,ethionamide,Rat,Male,2 hr,600,É M,High,102.4,101.1
5189,11,1,ethionamide,Rat,Male,8 hr,600,É M,High,96.0,102.1
5189,11,2,ethionamide,Rat,Male,8 hr,600,É M,High,97.4,101.8
5189,12,1,ethionamide,Rat,Male,24 hr,600,É M,High,98.3,103.3
5189,12,2,ethionamide,Rat,Male,24 hr,600,É M,High,100.6,103.7
5190,01,1,phenacetin,Rat,Male,2 hr,0,É M,Control,100.1,99.9
5190,01,2,phenacetin,Rat,Male,2 hr,0,É M,Control,99.9,100.1
5190,02,1,phenacetin,Rat,Male,8 hr,0,É M,Control,97.6,99.4
5190,02,2,phenacetin,Rat,Male,8 hr,0,É M,Control,102.4,100.6
5190,03,1,phenacetin,Rat,Male,24 hr,0,É M,Control,100.4,99.8
5190,03,2,phenacetin,Rat,Male,24 hr,0,É M,Control,99.6,100.2
5190,04,1,phenacetin,Rat,Male,2 hr,24,É M,Low,96.7,100.2
5190,04,2,phenacetin,Rat,Male,2 hr,24,É M,Low,97.5,100.0
5190,05,1,phenacetin,Rat,Male,8 hr,24,É M,Low,102.2,99.0
5190,05,2,phenacetin,Rat,Male,8 hr,24,É M,Low,102.9,99.5
5190,06,1,phenacetin,Rat,Male,24 hr,24,É M,Low,97.8,98.7
5190,06,2,phenacetin,Rat,Male,24 hr,24,É M,Low,98.3,97.0
5190,07,1,phenacetin,Rat,Male,2 hr,120,É M,Middle,99.0,100.7
5190,07,2,phenacetin,Rat,Male,2 hr,120,É M,Middle,100.0,100.9
5190,08,1,phenacetin,Rat,Male,8 hr,120,É M,Middle,102.8,102.0
5190,08,2,phenacetin,Rat,Male,8 hr,120,É M,Middle,99.8,102.7
5190,09,1,phenacetin,Rat,Male,24 hr,120,É M,Middle,100.1,101.3
5190,09,2,phenacetin,Rat,Male,24 hr,120,É M,Middle,102.5,101.0
5190,10,1,phenacetin,Rat,Male,2 hr,600,É M,High,100.7,100.7
5190,10,2,phenacetin,Rat,Male,2 hr,600,É M,High,97.1,100.9
5190,11,1,phenacetin,Rat,Male,8 hr,600,É M,High,100.5,102.3
5190,11,2,phenacetin,Rat,Male,8 hr,600,É M,High,105.3,102.8
5190,12,1,phenacetin,Rat,Male,24 hr,600,É M,High,98.9,103.6
5190,12,2,phenacetin,Rat,Male,24 hr,600,É M,High,105.7,104.2
5192,01,1,cyclosporine A,Rat,Male,2 hr,0,É M,Control,100.3,100.0
5192,01,2,cyclosporine A,Rat,Male,2 hr,0,É M,Control,99.7,100.0
5192,02,1,cyclosporine A,Rat,Male,8 hr,0,É M,Control,96.0,100.1
5192,02,2,cyclosporine A,Rat,Male,8 hr,0,É M,Control,104.0,99.9
5192,03,1,cyclosporine A,Rat,Male,24 hr,0,É M,Control,96.8,99.6
5192,03,2,cyclosporine A,Rat,Male,24 hr,0,É M,Control,103.2,100.4
5192,04,1,cyclosporine A,Rat,Male,2 hr,0,É M,Low,95.7,100.3
5192,04,2,cyclosporine A,Rat,Male,2 hr,0,É M,Low,98.5,100.2
5192,05,1,cyclosporine A,Rat,Male,8 hr,0,É M,Low,102.1,100.0
5192,05,2,cyclosporine A,Rat,Male,8 hr,0,É M,Low,104.0,100.0
5192,06,1,cyclosporine A,Rat,Male,24 hr,0,É M,Low,100.2,99.5
5192,06,2,cyclosporine A,Rat,Male,24 hr,0,É M,Low,96.5,100.1
5192,07,1,cyclosporine A,Rat,Male,2 hr,1,É M,Middle,100.1,100.7
5192,07,2,cyclosporine A,Rat,Male,2 hr,1,É M,Middle,97.2,100.8
5192,08,1,cyclosporine A,Rat,Male,8 hr,1,É M,Middle,101.9,99.2
5192,08,2,cyclosporine A,Rat,Male,8 hr,1,É M,Middle,105.4,100.4
5192,09,1,cyclosporine A,Rat,Male,24 hr,1,É M,Middle,97.8,99.3
5192,09,2,cyclosporine A,Rat,Male,24 hr,1,É M,Middle,97.4,99.5
5192,10,1,cyclosporine A,Rat,Male,2 hr,6,É M,High,96.2,100.6
5192,10,2,cyclosporine A,Rat,Male,2 hr,6,É M,High,97.7,100.4
5192,11,1,cyclosporine A,Rat,Male,8 hr,6,É M,High,94.2,99.4
5192,11,2,cyclosporine A,Rat,Male,8 hr,6,É M,High,104.9,99.9
5192,12,1,cyclosporine A,Rat,Male,24 hr,6,É M,High,89.1,98.4
5192,12,2,cyclosporine A,Rat,Male,24 hr,6,É M,High,93.1,98.7
5193,01,1,acetamidofluorene,Rat,Male,2 hr,0,É M,Control,97.8,98.9
5193,01,2,acetamidofluorene,Rat,Male,2 hr,0,É M,Control,102.2,101.1
5193,02,1,acetamidofluorene,Rat,Male,8 hr,0,É M,Control,98.9,98.3
5193,02,2,acetamidofluorene,Rat,Male,8 hr,0,É M,Control,101.1,101.7
5193,03,1,acetamidofluorene,Rat,Male,24 hr,0,É M,Control,97.8,98.6
5193,03,2,acetamidofluorene,Rat,Male,24 hr,0,É M,Control,102.2,101.4
5193,04,1,acetamidofluorene,Rat,Male,2 hr,2,É M,Low,96.1,100.8
5193,04,2,acetamidofluorene,Rat,Male,2 hr,2,É M,Low,100.6,100.8
5193,05,1,acetamidofluorene,Rat,Male,8 hr,2,É M,Low,95.2,99.5
5193,05,2,acetamidofluorene,Rat,Male,8 hr,2,É M,Low,99.6,99.9
5193,06,1,acetamidofluorene,Rat,Male,24 hr,2,É M,Low,97.9,98.7
5193,06,2,acetamidofluorene,Rat,Male,24 hr,2,É M,Low,103.6,99.6
5193,07,1,acetamidofluorene,Rat,Male,2 hr,10,É M,Middle,99.6,100.4
5193,07,2,acetamidofluorene,Rat,Male,2 hr,10,É M,Middle,97.6,100.6
5193,08,1,acetamidofluorene,Rat,Male,8 hr,10,É M,Middle,96.0,99.9
5193,08,2,acetamidofluorene,Rat,Male,8 hr,10,É M,Middle,97.2,100.3
5193,09,1,acetamidofluorene,Rat,Male,24 hr,10,É M,Middle,99.9,98.2
5193,09,2,acetamidofluorene,Rat,Male,24 hr,10,É M,Middle,100.9,99.0
5193,10,1,acetamidofluorene,Rat,Male,2 hr,50,É M,High,93.1,100.4
5193,10,2,acetamidofluorene,Rat,Male,2 hr,50,É M,High,100.4,100.8
5193,11,1,acetamidofluorene,Rat,Male,8 hr,50,É M,High,92.0,99.1
5193,11,2,acetamidofluorene,Rat,Male,8 hr,50,É M,High,98.3,100.3
5193,12,1,acetamidofluorene,Rat,Male,24 hr,50,É M,High,93.5,99.5
5193,12,2,acetamidofluorene,Rat,Male,24 hr,50,É M,High,99.2,100.9
5194,01,1,ticlopidine,Rat,Male,2 hr,0,É M,Control,98.7,100.0
5194,01,2,ticlopidine,Rat,Male,2 hr,0,É M,Control,101.3,100.0
5194,02,1,ticlopidine,Rat,Male,8 hr,0,É M,Control,103.9,99.8
5194,02,2,ticlopidine,Rat,Male,8 hr,0,É M,Control,96.1,100.2
5194,03,1,ticlopidine,Rat,Male,24 hr,0,É M,Control,97.5,99.5
5194,03,2,ticlopidine,Rat,Male,24 hr,0,É M,Control,102.5,100.5
5194,04,1,ticlopidine,Rat,Male,2 hr,2,É M,Low,95.8,100.2
5194,04,2,ticlopidine,Rat,Male,2 hr,2,É M,Low,100.7,100.4
5194,05,1,ticlopidine,Rat,Male,8 hr,2,É M,Low,98.4,99.1
5194,05,2,ticlopidine,Rat,Male,8 hr,2,É M,Low,104.3,99.8
5194,06,1,ticlopidine,Rat,Male,24 hr,2,É M,Low,100.3,100.5
5194,06,2,ticlopidine,Rat,Male,24 hr,2,É M,Low,101.2,100.7
5194,07,1,ticlopidine,Rat,Male,2 hr,12,É M,Middle,93.5,100.6
5194,07,2,ticlopidine,Rat,Male,2 hr,12,É M,Middle,100.2,100.6
5194,08,1,ticlopidine,Rat,Male,8 hr,12,É M,Middle,99.7,99.6
5194,08,2,ticlopidine,Rat,Male,8 hr,12,É M,Middle,100.6,100.7
5194,09,1,ticlopidine,Rat,Male,24 hr,12,É M,Middle,98.1,100.8
5194,09,2,ticlopidine,Rat,Male,24 hr,12,É M,Middle,99.9,100.5
5194,10,1,ticlopidine,Rat,Male,2 hr,60,É M,High,93.2,100.7
5194,10,2,ticlopidine,Rat,Male,2 hr,60,É M,High,98.8,100.9
5194,11,1,ticlopidine,Rat,Male,8 hr,60,É M,High,97.5,99.3
5194,11,2,ticlopidine,Rat,Male,8 hr,60,É M,High,97.2,99.5
5194,12,1,ticlopidine,Rat,Male,24 hr,60,É M,High,93.8,100.1
5194,12,2,ticlopidine,Rat,Male,24 hr,60,É M,High,97.6,98.5
5195,01,1,cycloheximide,Rat,Male,2 hr,0,É M,Control,96.7,99.7
5195,01,2,cycloheximide,Rat,Male,2 hr,0,É M,Control,103.3,100.3
5195,02,1,cycloheximide,Rat,Male,8 hr,0,É M,Control,99.0,99.9
5195,02,2,cycloheximide,Rat,Male,8 hr,0,É M,Control,101.0,100.1
5195,03,1,cycloheximide,Rat,Male,24 hr,0,É M,Control,96.7,99.9
5195,03,2,cycloheximide,Rat,Male,24 hr,0,É M,Control,103.3,100.1
5195,04,1,cycloheximide,Rat,Male,2 hr,4,É M,Low,102.4,99.3
5195,04,2,cycloheximide,Rat,Male,2 hr,4,É M,Low,102.2,100.6
5195,05,1,cycloheximide,Rat,Male,8 hr,4,É M,Low,101.7,98.9
5195,05,2,cycloheximide,Rat,Male,8 hr,4,É M,Low,105.4,99.8
5195,06,1,cycloheximide,Rat,Male,24 hr,4,É M,Low,95.3,98.0
5195,06,2,cycloheximide,Rat,Male,24 hr,4,É M,Low,95.9,98.8
5195,07,1,cycloheximide,Rat,Male,2 hr,20,É M,Middle,96.0,99.4
5195,07,2,cycloheximide,Rat,Male,2 hr,20,É M,Middle,103.3,99.9
5195,08,1,cycloheximide,Rat,Male,8 hr,20,É M,Middle,94.5,99.8
5195,08,2,cycloheximide,Rat,Male,8 hr,20,É M,Middle,101.9,98.4
5195,09,1,cycloheximide,Rat,Male,24 hr,20,É M,Middle,95.4,92.1
5195,09,2,cycloheximide,Rat,Male,24 hr,20,É M,Middle,93.7,93.7
5195,10,1,cycloheximide,Rat,Male,2 hr,100,É M,High,96.7,99.7
5195,10,2,cycloheximide,Rat,Male,2 hr,100,É M,High,102.0,100.2
5195,11,1,cycloheximide,Rat,Male,8 hr,100,É M,High,93.3,99.3
5195,11,2,cycloheximide,Rat,Male,8 hr,100,É M,High,103.4,98.9
5195,12,1,cycloheximide,Rat,Male,24 hr,100,É M,High,90.9,88.3
5195,12,2,cycloheximide,Rat,Male,24 hr,100,É M,High,91.3,90.9
5196,01,1,phorone,Rat,Male,2 hr,0,É M,Control,98.7,100.0
5196,01,2,phorone,Rat,Male,2 hr,0,É M,Control,101.3,100.0
5196,02,1,phorone,Rat,Male,8 hr,0,É M,Control,100.7,99.8
5196,02,2,phorone,Rat,Male,8 hr,0,É M,Control,99.3,100.2
5196,03,1,phorone,Rat,Male,24 hr,0,É M,Control,99.6,99.5
5196,03,2,phorone,Rat,Male,24 hr,0,É M,Control,100.4,100.5
5196,04,1,phorone,Rat,Male,2 hr,20,É M,Low,99.7,100.8
5196,04,2,phorone,Rat,Male,2 hr,20,É M,Low,98.5,100.9
5196,05,1,phorone,Rat,Male,8 hr,20,É M,Low,99.3,100.7
5196,05,2,phorone,Rat,Male,8 hr,20,É M,Low,102.8,100.8
5196,06,1,phorone,Rat,Male,24 hr,20,É M,Low,104.9,100.8
5196,06,2,phorone,Rat,Male,24 hr,20,É M,Low,101.4,100.8
5196,07,1,phorone,Rat,Male,2 hr,100,É M,Middle,93.0,100.3
5196,07,2,phorone,Rat,Male,2 hr,100,É M,Middle,97.9,101.1
5196,08,1,phorone,Rat,Male,8 hr,100,É M,Middle,95.0,100.5
5196,08,2,phorone,Rat,Male,8 hr,100,É M,Middle,99.3,101.1
5196,09,1,phorone,Rat,Male,24 hr,100,É M,Middle,96.9,101.3
5196,09,2,phorone,Rat,Male,24 hr,100,É M,Middle,101.1,101.3
5196,10,1,phorone,Rat,Male,2 hr,500,É M,High,97.5,100.9
5196,10,2,phorone,Rat,Male,2 hr,500,É M,High,97.5,100.9
5196,11,1,phorone,Rat,Male,8 hr,500,É M,High,91.4,100.4
5196,11,2,phorone,Rat,Male,8 hr,500,É M,High,92.1,100.3
5196,12,1,phorone,Rat,Male,24 hr,500,É M,High,89.9,100.0
5196,12,2,phorone,Rat,Male,24 hr,500,É M,High,96.5,99.2
5197,01,1,buthionine sulfoximine,Rat,Male,2 hr,0,É M,Control,100.3,100.0
5197,01,2,buthionine sulfoximine,Rat,Male,2 hr,0,É M,Control,99.7,100.0
5197,02,1,buthionine sulfoximine,Rat,Male,8 hr,0,É M,Control,99.9,99.9
5197,02,2,buthionine sulfoximine,Rat,Male,8 hr,0,É M,Control,100.1,100.1
5197,03,1,buthionine sulfoximine,Rat,Male,24 hr,0,É M,Control,99.1,99.9
5197,03,2,buthionine sulfoximine,Rat,Male,24 hr,0,É M,Control,100.9,100.1
5197,04,1,buthionine sulfoximine,Rat,Male,2 hr,400,É M,Low,96.9,99.4
5197,04,2,buthionine sulfoximine,Rat,Male,2 hr,400,É M,Low,99.8,99.7
5197,05,1,buthionine sulfoximine,Rat,Male,8 hr,400,É M,Low,94.4,99.8
5197,05,2,buthionine sulfoximine,Rat,Male,8 hr,400,É M,Low,103.7,99.5
5197,06,1,buthionine sulfoximine,Rat,Male,24 hr,400,É M,Low,104.3,100.1
5197,06,2,buthionine sulfoximine,Rat,Male,24 hr,400,É M,Low,106.1,99.9
5197,07,1,buthionine sulfoximine,Rat,Male,2 hr,2000,É M,Middle,98.2,99.8
5197,07,2,buthionine sulfoximine,Rat,Male,2 hr,2000,É M,Middle,94.0,99.3
5197,08,1,buthionine sulfoximine,Rat,Male,8 hr,2000,É M,Middle,97.0,100.4
5197,08,2,buthionine sulfoximine,Rat,Male,8 hr,2000,É M,Middle,101.6,100.6
5197,09,1,buthionine sulfoximine,Rat,Male,24 hr,2000,É M,Middle,105.3,99.3
5197,09,2,buthionine sulfoximine,Rat,Male,24 hr,2000,É M,Middle,104.0,99.9
5197,10,1,buthionine sulfoximine,Rat,Male,2 hr,10000,É M,High,97.5,100.3
5197,10,2,buthionine sulfoximine,Rat,Male,2 hr,10000,É M,High,102.9,100.4
5197,11,1,buthionine sulfoximine,Rat,Male,8 hr,10000,É M,High,94.9,100.4
5197,11,2,buthionine sulfoximine,Rat,Male,8 hr,10000,É M,High,96.8,101.4
5197,12,1,buthionine sulfoximine,Rat,Male,24 hr,10000,É M,High,100.0,100.5
5197,12,2,buthionine sulfoximine,Rat,Male,24 hr,10000,É M,High,102.5,100.8
5198,01,1,diethyl maleate,Rat,Male,2 hr,0,É M,Control,97.7,99.8
5198,01,2,diethyl maleate,Rat,Male,2 hr,0,É M,Control,102.3,100.2
5198,02,1,diethyl maleate,Rat,Male,8 hr,0,É M,Control,95.5,99.8
5198,02,2,diethyl maleate,Rat,Male,8 hr,0,É M,Control,104.5,100.2
5198,03,1,diethyl maleate,Rat,Male,24 hr,0,É M,Control,99.5,99.7
5198,03,2,diethyl maleate,Rat,Male,24 hr,0,É M,Control,100.5,100.3
5198,04,1,diethyl maleate,Rat,Male,2 hr,60,É M,Low,101.4,100.6
5198,04,2,diethyl maleate,Rat,Male,2 hr,60,É M,Low,104.0,100.8
5198,05,1,diethyl maleate,Rat,Male,8 hr,60,É M,Low,102.9,100.5
5198,05,2,diethyl maleate,Rat,Male,8 hr,60,É M,Low,100.8,100.6
5198,06,1,diethyl maleate,Rat,Male,24 hr,60,É M,Low,103.8,100.0
5198,06,2,diethyl maleate,Rat,Male,24 hr,60,É M,Low,105.0,99.8
5198,07,1,diethyl maleate,Rat,Male,2 hr,300,É M,Middle,97.5,101.2
5198,07,2,diethyl maleate,Rat,Male,2 hr,300,É M,Middle,94.4,100.9
5198,08,1,diethyl maleate,Rat,Male,8 hr,300,É M,Middle,98.5,100.4
5198,08,2,diethyl maleate,Rat,Male,8 hr,300,É M,Middle,99.7,100.4
5198,09,1,diethyl maleate,Rat,Male,24 hr,300,É M,Middle,97.3,99.5
5198,09,2,diethyl maleate,Rat,Male,24 hr,300,É M,Middle,104.1,99.4
5198,10,1,diethyl maleate,Rat,Male,2 hr,1500,É M,High,94.9,87.3
5198,10,2,diethyl maleate,Rat,Male,2 hr,1500,É M,High,99.3,91.3
5198,11,1,diethyl maleate,Rat,Male,8 hr,1500,É M,High,91.1,58.1
5198,11,2,diethyl maleate,Rat,Male,8 hr,1500,É M,High,95.1,52.1
5198,12,1,diethyl maleate,Rat,Male,24 hr,1500,É M,High,80.3,56.8
5198,12,2,diethyl maleate,Rat,Male,24 hr,1500,É M,High,84.2,56.6
5199,01,1,galactosamine,Rat,Male,2 hr,0,É M,Control,100.1,100.0
5199,01,2,galactosamine,Rat,Male,2 hr,0,É M,Control,99.9,100.0
5199,02,1,galactosamine,Rat,Male,8 hr,0,É M,Control,102.4,100.0
5199,02,2,galactosamine,Rat,Male,8 hr,0,É M,Control,97.6,100.0
5199,03,1,galactosamine,Rat,Male,24 hr,0,É M,Control,100.0,100.0
5199,03,2,galactosamine,Rat,Male,24 hr,0,É M,Control,100.0,100.0
5199,04,1,galactosamine,Rat,Male,2 hr,400,É M,Low,101.4,100.3
5199,04,2,galactosamine,Rat,Male,2 hr,400,É M,Low,104.2,100.0
5199,05,1,galactosamine,Rat,Male,8 hr,400,É M,Low,99.6,100.3
5199,05,2,galactosamine,Rat,Male,8 hr,400,É M,Low,103.3,99.8
5199,06,1,galactosamine,Rat,Male,24 hr,400,É M,Low,100.0,99.8
5199,06,2,galactosamine,Rat,Male,24 hr,400,É M,Low,101.5,99.9
5199,07,1,galactosamine,Rat,Male,2 hr,2000,É M,Middle,97.2,100.2
5199,07,2,galactosamine,Rat,Male,2 hr,2000,É M,Middle,102.0,100.7
5199,08,1,galactosamine,Rat,Male,8 hr,2000,É M,Middle,99.1,100.0
5199,08,2,galactosamine,Rat,Male,8 hr,2000,É M,Middle,100.9,100.3
5199,09,1,galactosamine,Rat,Male,24 hr,2000,É M,Middle,97.2,99.1
5199,09,2,galactosamine,Rat,Male,24 hr,2000,É M,Middle,97.6,99.5
5199,10,1,galactosamine,Rat,Male,2 hr,10000,É M,High,92.6,100.0
5199,10,2,galactosamine,Rat,Male,2 hr,10000,É M,High,100.2,100.5
5199,11,1,galactosamine,Rat,Male,8 hr,10000,É M,High,96.3,100.0
5199,11,2,galactosamine,Rat,Male,8 hr,10000,É M,High,101.3,99.6
5199,12,1,galactosamine,Rat,Male,24 hr,10000,É M,High,89.7,97.1
5199,12,2,galactosamine,Rat,Male,24 hr,10000,É M,High,93.8,97.8
5200,01,1,cisplatin,Rat,Male,2 hr,0,É M,Control,98.0,100.4
5200,01,2,cisplatin,Rat,Male,2 hr,0,É M,Control,102.0,99.6
5200,02,1,cisplatin,Rat,Male,8 hr,0,É M,Control,99.2,100.5
5200,02,2,cisplatin,Rat,Male,8 hr,0,É M,Control,100.8,99.5
5200,03,1,cisplatin,Rat,Male,24 hr,0,É M,Control,98.6,100.3
5200,03,2,cisplatin,Rat,Male,24 hr,0,É M,Control,101.4,99.7
5200,04,1,cisplatin,Rat,Male,2 hr,8,É M,Low,99.7,99.6
5200,04,2,cisplatin,Rat,Male,2 hr,8,É M,Low,100.7,99.8
5200,05,1,cisplatin,Rat,Male,8 hr,8,É M,Low,95.2,100.1
5200,05,2,cisplatin,Rat,Male,8 hr,8,É M,Low,98.5,100.4
5200,06,1,cisplatin,Rat,Male,24 hr,8,É M,Low,95.5,99.4
5200,06,2,cisplatin,Rat,Male,24 hr,8,É M,Low,99.0,99.3
5200,07,1,cisplatin,Rat,Male,2 hr,40,É M,Middle,98.6,100.6
5200,07,2,cisplatin,Rat,Male,2 hr,40,É M,Middle,102.3,100.0
5200,08,1,cisplatin,Rat,Male,8 hr,40,É M,Middle,94.2,100.2
5200,08,2,cisplatin,Rat,Male,8 hr,40,É M,Middle,98.7,99.8
5200,09,1,cisplatin,Rat,Male,24 hr,40,É M,Middle,87.2,93.1
5200,09,2,cisplatin,Rat,Male,24 hr,40,É M,Middle,90.0,93.4
5200,10,1,cisplatin,Rat,Male,2 hr,200,É M,High,96.9,100.2
5200,10,2,cisplatin,Rat,Male,2 hr,200,É M,High,102.0,100.8
5200,11,1,cisplatin,Rat,Male,8 hr,200,É M,High,87.8,100.3
5200,11,2,cisplatin,Rat,Male,8 hr,200,É M,High,93.6,99.6
5200,12,1,cisplatin,Rat,Male,24 hr,200,É M,High,83.1,91.2
5200,12,2,cisplatin,Rat,Male,24 hr,200,É M,High,90.1,90.6
5201,01,1,nimesulide,Rat,Male,2 hr,0,É M,Control,102.1,99.9
5201,01,2,nimesulide,Rat,Male,2 hr,0,É M,Control,97.9,100.1
5201,02,1,nimesulide,Rat,Male,8 hr,0,É M,Control,99.7,99.9
5201,02,2,nimesulide,Rat,Male,8 hr,0,É M,Control,100.3,100.1
5201,03,1,nimesulide,Rat,Male,24 hr,0,É M,Control,100.4,100.2
5201,03,2,nimesulide,Rat,Male,24 hr,0,É M,Control,99.6,99.8
5201,04,1,nimesulide,Rat,Male,2 hr,3,É M,Low,95.9,100.0
5201,04,2,nimesulide,Rat,Male,2 hr,3,É M,Low,94.3,100.3
5201,05,1,nimesulide,Rat,Male,8 hr,3,É M,Low,111.6,99.9
5201,05,2,nimesulide,Rat,Male,8 hr,3,É M,Low,102.2,100.8
5201,06,1,nimesulide,Rat,Male,24 hr,3,É M,Low,103.1,98.7
5201,06,2,nimesulide,Rat,Male,24 hr,3,É M,Low,107.7,98.1
5201,07,1,nimesulide,Rat,Male,2 hr,15,É M,Middle,94.6,100.7
5201,07,2,nimesulide,Rat,Male,2 hr,15,É M,Middle,91.3,101.3
5201,08,1,nimesulide,Rat,Male,8 hr,15,É M,Middle,102.3,100.0
5201,08,2,nimesulide,Rat,Male,8 hr,15,É M,Middle,107.1,99.4
5201,09,1,nimesulide,Rat,Male,24 hr,15,É M,Middle,101.0,98.4
5201,09,2,nimesulide,Rat,Male,24 hr,15,É M,Middle,103.2,99.1
5201,10,1,nimesulide,Rat,Male,2 hr,75,É M,High,92.2,100.7
5201,10,2,nimesulide,Rat,Male,2 hr,75,É M,High,93.0,100.9
5201,11,1,nimesulide,Rat,Male,8 hr,75,É M,High,100.7,94.3
5201,11,2,nimesulide,Rat,Male,8 hr,75,É M,High,116.5,94.6
5201,12,1,nimesulide,Rat,Male,24 hr,75,É M,High,97.1,87.5
5201,12,2,nimesulide,Rat,Male,24 hr,75,É M,High,93.1,93.1
5202,01,1,ethanol,Rat,Male,2 hr,0,É M,Control,102.4,99.2
5202,01,2,ethanol,Rat,Male,2 hr,0,É M,Control,97.6,100.8
5202,02,1,ethanol,Rat,Male,8 hr,0,É M,Control,102.1,98.7
5202,02,2,ethanol,Rat,Male,8 hr,0,É M,Control,97.9,101.3
5202,03,1,ethanol,Rat,Male,24 hr,0,É M,Control,92.4,101.5
5202,03,2,ethanol,Rat,Male,24 hr,0,É M,Control,107.6,98.5
5202,04,1,ethanol,Rat,Male,2 hr,400,É M,Low,102.3,99.5
5202,04,2,ethanol,Rat,Male,2 hr,400,É M,Low,105.4,100.6
5202,05,1,ethanol,Rat,Male,8 hr,400,É M,Low,98.8,100.0
5202,05,2,ethanol,Rat,Male,8 hr,400,É M,Low,100.0,100.7
5202,06,1,ethanol,Rat,Male,24 hr,400,É M,Low,104.4,99.4
5202,06,2,ethanol,Rat,Male,24 hr,400,É M,Low,102.3,100.9
5202,07,1,ethanol,Rat,Male,2 hr,2000,É M,Middle,107.0,99.4
5202,07,2,ethanol,Rat,Male,2 hr,2000,É M,Middle,99.8,100.6
5202,08,1,ethanol,Rat,Male,8 hr,2000,É M,Middle,106.3,99.4
5202,08,2,ethanol,Rat,Male,8 hr,2000,É M,Middle,99.4,100.4
5202,09,1,ethanol,Rat,Male,24 hr,2000,É M,Middle,106.4,98.9
5202,09,2,ethanol,Rat,Male,24 hr,2000,É M,Middle,108.7,100.2
5202,10,1,ethanol,Rat,Male,2 hr,10000,É M,High,99.7,100.1
5202,10,2,ethanol,Rat,Male,2 hr,10000,É M,High,113.5,99.7
5202,11,1,ethanol,Rat,Male,8 hr,10000,É M,High,106.0,99.8
5202,11,2,ethanol,Rat,Male,8 hr,10000,É M,High,95.5,101.6
5202,12,1,ethanol,Rat,Male,24 hr,10000,É M,High,103.3,101.0
5202,12,2,ethanol,Rat,Male,24 hr,10000,É M,High,103.5,100.9
5203,01,1,bucetin,Rat,Male,2 hr,0,É M,Control,98.7,99.8
5203,01,2,bucetin,Rat,Male,2 hr,0,É M,Control,101.3,100.2
5203,02,1,bucetin,Rat,Male,8 hr,0,É M,Control,94.4,99.9
5203,02,2,bucetin,Rat,Male,8 hr,0,É M,Control,105.6,100.1
5203,03,1,bucetin,Rat,Male,24 hr,0,É M,Control,98.9,100.2
5203,03,2,bucetin,Rat,Male,24 hr,0,É M,Control,101.1,99.8
5203,04,1,bucetin,Rat,Male,2 hr,12,É M,Low,103.1,100.1
5203,04,2,bucetin,Rat,Male,2 hr,12,É M,Low,105.9,100.2
5203,05,1,bucetin,Rat,Male,8 hr,12,É M,Low,103.5,100.2
5203,05,2,bucetin,Rat,Male,8 hr,12,É M,Low,99.4,100.7
5203,06,1,bucetin,Rat,Male,24 hr,12,É M,Low,106.1,100.1
5203,06,2,bucetin,Rat,Male,24 hr,12,É M,Low,105.9,99.8
5203,07,1,bucetin,Rat,Male,2 hr,60,É M,Middle,103.5,99.7
5203,07,2,bucetin,Rat,Male,2 hr,60,É M,Middle,106.2,100.3
5203,08,1,bucetin,Rat,Male,8 hr,60,É M,Middle,106.6,100.0
5203,08,2,bucetin,Rat,Male,8 hr,60,É M,Middle,109.0,99.6
5203,09,1,bucetin,Rat,Male,24 hr,60,É M,Middle,104.5,99.1
5203,09,2,bucetin,Rat,Male,24 hr,60,É M,Middle,108.0,98.2
5203,10,1,bucetin,Rat,Male,2 hr,300,É M,High,102.1,99.3
5203,10,2,bucetin,Rat,Male,2 hr,300,É M,High,111.1,99.8
5203,11,1,bucetin,Rat,Male,8 hr,300,É M,High,106.7,98.9
5203,11,2,bucetin,Rat,Male,8 hr,300,É M,High,110.9,98.6
5203,12,1,bucetin,Rat,Male,24 hr,300,É M,High,107.8,99.9
5203,12,2,bucetin,Rat,Male,24 hr,300,É M,High,116.3,99.2
5204,01,1,phenylanthranilic acid,Rat,Male,2 hr,0,É M,Control,96.9,99.7
5204,01,2,phenylanthranilic acid,Rat,Male,2 hr,0,É M,Control,103.1,100.3
5204,02,1,phenylanthranilic acid,Rat,Male,8 hr,0,É M,Control,98.8,99.7
5204,02,2,phenylanthranilic acid,Rat,Male,8 hr,0,É M,Control,101.2,100.3
5204,03,1,phenylanthranilic acid,Rat,Male,24 hr,0,É M,Control,96.8,99.4
5204,03,2,phenylanthranilic acid,Rat,Male,24 hr,0,É M,Control,103.2,100.6
5204,04,1,phenylanthranilic acid,Rat,Male,2 hr,8,É M,Low,99.5,99.9
5204,04,2,phenylanthranilic acid,Rat,Male,2 hr,8,É M,Low,104.3,100.7
5204,05,1,phenylanthranilic acid,Rat,Male,8 hr,8,É M,Low,97.4,101.2
5204,05,2,phenylanthranilic acid,Rat,Male,8 hr,8,É M,Low,101.7,101.2
5204,06,1,phenylanthranilic acid,Rat,Male,24 hr,8,É M,Low,96.8,97.8
5204,06,2,phenylanthranilic acid,Rat,Male,24 hr,8,É M,Low,104.2,99.0
5204,07,1,phenylanthranilic acid,Rat,Male,2 hr,40,É M,Middle,101.8,99.5
5204,07,2,phenylanthranilic acid,Rat,Male,2 hr,40,É M,Middle,99.3,101.4
5204,08,1,phenylanthranilic acid,Rat,Male,8 hr,40,É M,Middle,107.0,98.1
5204,08,2,phenylanthranilic acid,Rat,Male,8 hr,40,É M,Middle,101.3,101.2
5204,09,1,phenylanthranilic acid,Rat,Male,24 hr,40,É M,Middle,99.9,98.8
5204,09,2,phenylanthranilic acid,Rat,Male,24 hr,40,É M,Middle,101.8,98.8
5204,10,1,phenylanthranilic acid,Rat,Male,2 hr,200,É M,High,94.7,100.3
5204,10,2,phenylanthranilic acid,Rat,Male,2 hr,200,É M,High,92.3,101.2
5204,11,1,phenylanthranilic acid,Rat,Male,8 hr,200,É M,High,95.0,99.9
5204,11,2,phenylanthranilic acid,Rat,Male,8 hr,200,É M,High,95.1,100.6
5204,12,1,phenylanthranilic acid,Rat,Male,24 hr,200,É M,High,96.5,96.8
5204,12,2,phenylanthranilic acid,Rat,Male,24 hr,200,É M,High,102.8,99.5
5205,01,1,cephalothin,Rat,Male,2 hr,0,É M,Control,98.7,100.0
5205,01,2,cephalothin,Rat,Male,2 hr,0,É M,Control,101.3,100.0
5205,02,1,cephalothin,Rat,Male,8 hr,0,É M,Control,99.6,99.8
5205,02,2,cephalothin,Rat,Male,8 hr,0,É M,Control,100.4,100.2
5205,03,1,cephalothin,Rat,Male,24 hr,0,É M,Control,101.6,97.2
5205,03,2,cephalothin,Rat,Male,24 hr,0,É M,Control,98.4,102.8
5205,04,1,cephalothin,Rat,Male,2 hr,120,É M,Low,99.6,100.1
5205,04,2,cephalothin,Rat,Male,2 hr,120,É M,Low,103.2,101.6
5205,05,1,cephalothin,Rat,Male,8 hr,120,É M,Low,97.0,102.0
5205,05,2,cephalothin,Rat,Male,8 hr,120,É M,Low,101.3,102.0
5205,06,1,cephalothin,Rat,Male,24 hr,120,É M,Low,102.8,96.2
5205,06,2,cephalothin,Rat,Male,24 hr,120,É M,Low,106.4,98.0
5205,07,1,cephalothin,Rat,Male,2 hr,600,É M,Middle,103.1,101.3
5205,07,2,cephalothin,Rat,Male,2 hr,600,É M,Middle,103.6,101.2
5205,08,1,cephalothin,Rat,Male,8 hr,600,É M,Middle,93.2,103.6
5205,08,2,cephalothin,Rat,Male,8 hr,600,É M,Middle,93.2,106.1
5205,09,1,cephalothin,Rat,Male,24 hr,600,É M,Middle,101.3,98.9
5205,09,2,cephalothin,Rat,Male,24 hr,600,É M,Middle,103.6,99.5
5205,10,1,cephalothin,Rat,Male,2 hr,3000,É M,High,95.2,101.6
5205,10,2,cephalothin,Rat,Male,2 hr,3000,É M,High,94.6,102.4
5205,11,1,cephalothin,Rat,Male,8 hr,3000,É M,High,90.5,105.7
5205,11,2,cephalothin,Rat,Male,8 hr,3000,É M,High,91.6,106.2
5205,12,1,cephalothin,Rat,Male,24 hr,3000,É M,High,100.5,97.2
5205,12,2,cephalothin,Rat,Male,24 hr,3000,É M,High,108.4,96.9
5206,01,1,puromycin aminonucleoside,Rat,Male,2 hr,0,É M,Control,98.9,99.9
5206,01,2,puromycin aminonucleoside,Rat,Male,2 hr,0,É M,Control,101.1,100.1
5206,02,1,puromycin aminonucleoside,Rat,Male,8 hr,0,É M,Control,95.0,100.3
5206,02,2,puromycin aminonucleoside,Rat,Male,8 hr,0,É M,Control,105.0,99.7
5206,03,1,puromycin aminonucleoside,Rat,Male,24 hr,0,É M,Control,99.4,100.2
5206,03,2,puromycin aminonucleoside,Rat,Male,24 hr,0,É M,Control,100.6,99.8
5206,04,1,puromycin aminonucleoside,Rat,Male,2 hr,100,É M,Low,111.0,100.3
5206,04,2,puromycin aminonucleoside,Rat,Male,2 hr,100,É M,Low,110.9,100.2
5206,05,1,puromycin aminonucleoside,Rat,Male,8 hr,100,É M,Low,101.3,100.4
5206,05,2,puromycin aminonucleoside,Rat,Male,8 hr,100,É M,Low,98.9,100.0
5206,06,1,puromycin aminonucleoside,Rat,Male,24 hr,100,É M,Low,78.7,95.7
5206,06,2,puromycin aminonucleoside,Rat,Male,24 hr,100,É M,Low,81.0,95.6
5206,07,1,puromycin aminonucleoside,Rat,Male,2 hr,500,É M,Middle,102.8,100.2
5206,07,2,puromycin aminonucleoside,Rat,Male,2 hr,500,É M,Middle,102.1,100.4
5206,08,1,puromycin aminonucleoside,Rat,Male,8 hr,500,É M,Middle,98.2,99.2
5206,08,2,puromycin aminonucleoside,Rat,Male,8 hr,500,É M,Middle,101.1,99.2
5206,09,1,puromycin aminonucleoside,Rat,Male,24 hr,500,É M,Middle,73.4,86.6
5206,09,2,puromycin aminonucleoside,Rat,Male,24 hr,500,É M,Middle,75.7,84.7
5206,10,1,puromycin aminonucleoside,Rat,Male,2 hr,2500,É M,High,102.9,100.0
5206,10,2,puromycin aminonucleoside,Rat,Male,2 hr,2500,É M,High,104.4,100.2
5206,11,1,puromycin aminonucleoside,Rat,Male,8 hr,2500,É M,High,93.6,97.4
5206,11,2,puromycin aminonucleoside,Rat,Male,8 hr,2500,É M,High,109.9,95.7
5206,12,1,puromycin aminonucleoside,Rat,Male,24 hr,2500,É M,High,74.2,68.5
5206,12,2,puromycin aminonucleoside,Rat,Male,24 hr,2500,É M,High,79.8,68.3
5207,01,1,nitrosodiethylamine,Rat,Male,2 hr,0,É M,Control,96.7,99.8
5207,01,2,nitrosodiethylamine,Rat,Male,2 hr,0,É M,Control,103.3,100.2
5207,02,1,nitrosodiethylamine,Rat,Male,8 hr,0,É M,Control,97.9,100.4
5207,02,2,nitrosodiethylamine,Rat,Male,8 hr,0,É M,Control,102.1,99.6
5207,03,1,nitrosodiethylamine,Rat,Male,24 hr,0,É M,Control,96.2,100.7
5207,03,2,nitrosodiethylamine,Rat,Male,24 hr,0,É M,Control,103.8,99.3
5207,04,1,nitrosodiethylamine,Rat,Male,2 hr,400,É M,Low,99.2,100.2
5207,04,2,nitrosodiethylamine,Rat,Male,2 hr,400,É M,Low,107.6,100.1
5207,05,1,nitrosodiethylamine,Rat,Male,8 hr,400,É M,Low,101.8,100.8
5207,05,2,nitrosodiethylamine,Rat,Male,8 hr,400,É M,Low,102.9,100.9
5207,06,1,nitrosodiethylamine,Rat,Male,24 hr,400,É M,Low,108.9,98.0
5207,06,2,nitrosodiethylamine,Rat,Male,24 hr,400,É M,Low,96.9,98.7
5207,07,1,nitrosodiethylamine,Rat,Male,2 hr,2000,É M,Middle,103.4,100.4
5207,07,2,nitrosodiethylamine,Rat,Male,2 hr,2000,É M,Middle,104.2,100.3
5207,08,1,nitrosodiethylamine,Rat,Male,8 hr,2000,É M,Middle,102.6,100.8
5207,08,2,nitrosodiethylamine,Rat,Male,8 hr,2000,É M,Middle,97.0,101.0
5207,09,1,nitrosodiethylamine,Rat,Male,24 hr,2000,É M,Middle,101.9,98.8
5207,09,2,nitrosodiethylamine,Rat,Male,24 hr,2000,É M,Middle,103.0,98.0
5207,10,1,nitrosodiethylamine,Rat,Male,2 hr,10000,É M,High,103.7,102.7
5207,10,2,nitrosodiethylamine,Rat,Male,2 hr,10000,É M,High,106.4,102.8
5207,11,1,nitrosodiethylamine,Rat,Male,8 hr,10000,É M,High,103.9,111.0
5207,11,2,nitrosodiethylamine,Rat,Male,8 hr,10000,É M,High,95.1,111.1
5207,12,1,nitrosodiethylamine,Rat,Male,24 hr,10000,É M,High,100.3,118.7
5207,12,2,nitrosodiethylamine,Rat,Male,24 hr,10000,É M,High,98.5,119.6
5208,01,1,gentamicin,Rat,Male,2 hr,0,mg/mL,Control,99.3,99.5
5208,01,2,gentamicin,Rat,Male,2 hr,0,mg/mL,Control,100.7,100.5
5208,02,1,gentamicin,Rat,Male,8 hr,0,mg/mL,Control,97.6,100.0
5208,02,2,gentamicin,Rat,Male,8 hr,0,mg/mL,Control,102.4,100.0
5208,03,1,gentamicin,Rat,Male,24 hr,0,mg/mL,Control,102.1,98.5
5208,03,2,gentamicin,Rat,Male,24 hr,0,mg/mL,Control,97.9,101.5
5208,04,1,gentamicin,Rat,Male,2 hr,1,mg/mL,Low,97.3,100.9
5208,04,2,gentamicin,Rat,Male,2 hr,1,mg/mL,Low,97.3,101.1
5208,05,1,gentamicin,Rat,Male,8 hr,1,mg/mL,Low,101.6,99.9
5208,05,2,gentamicin,Rat,Male,8 hr,1,mg/mL,Low,96.2,100.9
5208,06,1,gentamicin,Rat,Male,24 hr,1,mg/mL,Low,108.4,99.1
5208,06,2,gentamicin,Rat,Male,24 hr,1,mg/mL,Low,109.4,100.8
5208,07,1,gentamicin,Rat,Male,2 hr,6,mg/mL,Middle,97.4,101.7
5208,07,2,gentamicin,Rat,Male,2 hr,6,mg/mL,Middle,98.7,101.6
5208,08,1,gentamicin,Rat,Male,8 hr,6,mg/mL,Middle,105.4,101.2
5208,08,2,gentamicin,Rat,Male,8 hr,6,mg/mL,Middle,104.1,102.6
5208,09,1,gentamicin,Rat,Male,24 hr,6,mg/mL,Middle,101.7,93.7
5208,09,2,gentamicin,Rat,Male,24 hr,6,mg/mL,Middle,99.8,98.0
5208,10,1,gentamicin,Rat,Male,2 hr,30,mg/mL,High,89.5,102.2
5208,10,2,gentamicin,Rat,Male,2 hr,30,mg/mL,High,88.7,102.0
5208,11,1,gentamicin,Rat,Male,8 hr,30,mg/mL,High,92.3,102.6
5208,11,2,gentamicin,Rat,Male,8 hr,30,mg/mL,High,91.1,103.5
5208,12,1,gentamicin,Rat,Male,24 hr,30,mg/mL,High,86.5,88.8
5208,12,2,gentamicin,Rat,Male,24 hr,30,mg/mL,High,95.4,87.2
5210,01,1,doxorubicin,Rat,Male,2 hr,0,É M,Control,96.4,99.0
5210,01,2,doxorubicin,Rat,Male,2 hr,0,É M,Control,103.6,101.0
5210,02,1,doxorubicin,Rat,Male,8 hr,0,É M,Control,98.7,99.9
5210,02,2,doxorubicin,Rat,Male,8 hr,0,É M,Control,101.3,100.1
5210,03,1,doxorubicin,Rat,Male,24 hr,0,É M,Control,98.4,101.2
5210,03,2,doxorubicin,Rat,Male,24 hr,0,É M,Control,101.6,98.8
5210,04,1,doxorubicin,Rat,Male,2 hr,0,É M,Low,100.6,101.0
5210,04,2,doxorubicin,Rat,Male,2 hr,0,É M,Low,100.4,101.4
5210,05,1,doxorubicin,Rat,Male,8 hr,0,É M,Low,101.7,99.9
5210,05,2,doxorubicin,Rat,Male,8 hr,0,É M,Low,102.6,100.3
5210,06,1,doxorubicin,Rat,Male,24 hr,0,É M,Low,97.6,100.8
5210,06,2,doxorubicin,Rat,Male,24 hr,0,É M,Low,103.2,98.7
5210,07,1,doxorubicin,Rat,Male,2 hr,0,É M,Middle,104.1,100.0
5210,07,2,doxorubicin,Rat,Male,2 hr,0,É M,Middle,101.2,102.0
5210,08,1,doxorubicin,Rat,Male,8 hr,0,É M,Middle,103.2,100.8
5210,08,2,doxorubicin,Rat,Male,8 hr,0,É M,Middle,106.3,100.1
5210,09,1,doxorubicin,Rat,Male,24 hr,0,É M,Middle,106.2,98.3
5210,09,2,doxorubicin,Rat,Male,24 hr,0,É M,Middle,108.9,99.4
5210,10,1,doxorubicin,Rat,Male,2 hr,2,É M,High,95.8,100.9
5210,10,2,doxorubicin,Rat,Male,2 hr,2,É M,High,102.8,101.5
5210,11,1,doxorubicin,Rat,Male,8 hr,2,É M,High,100.2,101.7
5210,11,2,doxorubicin,Rat,Male,8 hr,2,É M,High,104.4,100.0
5210,12,1,doxorubicin,Rat,Male,24 hr,2,É M,High,92.6,92.5
5210,12,2,doxorubicin,Rat,Male,24 hr,2,É M,High,99.8,91.7
5212,01,1,tunicamycin,Rat,Male,2 hr,0,É g/mL,Control,101.7,99.8
5212,01,2,tunicamycin,Rat,Male,2 hr,0,É g/mL,Control,98.3,100.2
5212,02,1,tunicamycin,Rat,Male,8 hr,0,É g/mL,Control,97.7,99.3
5212,02,2,tunicamycin,Rat,Male,8 hr,0,É g/mL,Control,102.3,100.7
5212,03,1,tunicamycin,Rat,Male,24 hr,0,É g/mL,Control,97.9,100.2
5212,03,2,tunicamycin,Rat,Male,24 hr,0,É g/mL,Control,102.1,99.8
5212,04,1,tunicamycin,Rat,Male,2 hr,2,É g/mL,Low,93.9,100.6
5212,04,2,tunicamycin,Rat,Male,2 hr,2,É g/mL,Low,103.2,101.0
5212,05,1,tunicamycin,Rat,Male,8 hr,2,É g/mL,Low,100.7,100.6
5212,05,2,tunicamycin,Rat,Male,8 hr,2,É g/mL,Low,103.5,101.6
5212,06,1,tunicamycin,Rat,Male,24 hr,2,É g/mL,Low,96.8,97.8
5212,06,2,tunicamycin,Rat,Male,24 hr,2,É g/mL,Low,102.4,96.3
5212,07,1,tunicamycin,Rat,Male,2 hr,10,É g/mL,Middle,98.4,100.5
5212,07,2,tunicamycin,Rat,Male,2 hr,10,É g/mL,Middle,97.1,101.2
5212,08,1,tunicamycin,Rat,Male,8 hr,10,É g/mL,Middle,97.6,100.2
5212,08,2,tunicamycin,Rat,Male,8 hr,10,É g/mL,Middle,102.8,101.7
5212,09,1,tunicamycin,Rat,Male,24 hr,10,É g/mL,Middle,97.7,97.7
5212,09,2,tunicamycin,Rat,Male,24 hr,10,É g/mL,Middle,100.4,96.5
5212,10,1,tunicamycin,Rat,Male,2 hr,50,É g/mL,High,96.2,101.2
5212,10,2,tunicamycin,Rat,Male,2 hr,50,É g/mL,High,94.6,101.5
5212,11,1,tunicamycin,Rat,Male,8 hr,50,É g/mL,High,98.7,102.5
5212,11,2,tunicamycin,Rat,Male,8 hr,50,É g/mL,High,98.6,103.2
5212,12,1,tunicamycin,Rat,Male,24 hr,50,É g/mL,High,98.2,98.9
5212,12,2,tunicamycin,Rat,Male,24 hr,50,É g/mL,High,98.0,97.3
5213,01,1,LPS,Rat,Male,2 hr,0,É g/mL,Control,,100.0
5213,01,2,LPS,Rat,Male,2 hr,0,É g/mL,Control,,100.0
5213,02,1,LPS,Rat,Male,8 hr,0,É g/mL,Control,,100.0
5213,02,2,LPS,Rat,Male,8 hr,0,É g/mL,Control,,100.0
5213,03,1,LPS,Rat,Male,24 hr,0,É g/mL,Control,,100.1
5213,03,2,LPS,Rat,Male,24 hr,0,É g/mL,Control,,99.9
5213,07,1,LPS,Rat,Male,2 hr,0,É g/mL,Low,,100.2
5213,07,2,LPS,Rat,Male,2 hr,0,É g/mL,Low,,100.4
5213,08,1,LPS,Rat,Male,8 hr,0,É g/mL,Low,,100.1
5213,08,2,LPS,Rat,Male,8 hr,0,É g/mL,Low,,99.9
5213,09,1,LPS,Rat,Male,24 hr,0,É g/mL,Low,,100.2
5213,09,2,LPS,Rat,Male,24 hr,0,É g/mL,Low,,99.8
5213,10,1,LPS,Rat,Male,2 hr,1,É g/mL,Middle,,100.1
5213,10,2,LPS,Rat,Male,2 hr,1,É g/mL,Middle,,100.1
5213,11,1,LPS,Rat,Male,8 hr,1,É g/mL,Middle,,100.2
5213,11,2,LPS,Rat,Male,8 hr,1,É g/mL,Middle,,100.0
5213,12,1,LPS,Rat,Male,24 hr,1,É g/mL,Middle,,102.3
5213,12,2,LPS,Rat,Male,24 hr,1,É g/mL,Middle,,102.4
5213,13,1,LPS,Rat,Male,2 hr,4,É g/mL,High,,100.3
5213,13,2,LPS,Rat,Male,2 hr,4,É g/mL,High,,100.1
5213,14,1,LPS,Rat,Male,8 hr,4,É g/mL,High,,99.8
5213,14,2,LPS,Rat,Male,8 hr,4,É g/mL,High,,99.7
5213,15,1,LPS,Rat,Male,24 hr,4,É g/mL,High,,101.5
5213,15,2,LPS,Rat,Male,24 hr,4,É g/mL,High,,101.4
5214,01,1,TNFÉø,Rat,Male,2 hr,0,ng/mL,Control,,100.2
5214,01,2,TNFÉø,Rat,Male,2 hr,0,ng/mL,Control,,99.8
5214,02,1,TNFÉø,Rat,Male,8 hr,0,ng/mL,Control,,99.7
5214,02,2,TNFÉø,Rat,Male,8 hr,0,ng/mL,Control,,100.3
5214,03,1,TNFÉø,Rat,Male,24 hr,0,ng/mL,Control,,99.7
5214,03,2,TNFÉø,Rat,Male,24 hr,0,ng/mL,Control,,100.3
5214,04,1,TNFÉø,Rat,Male,2 hr,2,ng/mL,Low,,100.6
5214,04,2,TNFÉø,Rat,Male,2 hr,2,ng/mL,Low,,100.5
5214,05,1,TNFÉø,Rat,Male,8 hr,2,ng/mL,Low,,100.3
5214,05,2,TNFÉø,Rat,Male,8 hr,2,ng/mL,Low,,100.3
5214,06,1,TNFÉø,Rat,Male,24 hr,2,ng/mL,Low,,99.9
5214,06,2,TNFÉø,Rat,Male,24 hr,2,ng/mL,Low,,100.9
5214,07,1,TNFÉø,Rat,Male,2 hr,10,ng/mL,Middle,,100.2
5214,07,2,TNFÉø,Rat,Male,2 hr,10,ng/mL,Middle,,100.9
5214,08,1,TNFÉø,Rat,Male,8 hr,10,ng/mL,Middle,,100.3
5214,08,2,TNFÉø,Rat,Male,8 hr,10,ng/mL,Middle,,100.1
5214,09,1,TNFÉø,Rat,Male,24 hr,10,ng/mL,Middle,,101.5
5214,09,2,TNFÉø,Rat,Male,24 hr,10,ng/mL,Middle,,101.7
5214,10,1,TNFÉø,Rat,Male,2 hr,50,ng/mL,High,,101.0
5214,10,2,TNFÉø,Rat,Male,2 hr,50,ng/mL,High,,100.9
5214,11,1,TNFÉø,Rat,Male,8 hr,50,ng/mL,High,,99.5
5214,11,2,TNFÉø,Rat,Male,8 hr,50,ng/mL,High,,99.5
5214,12,1,TNFÉø,Rat,Male,24 hr,50,ng/mL,High,,101.6
5214,12,2,TNFÉø,Rat,Male,24 hr,50,ng/mL,High,,101.2
5217,01,1,phalloidin,Rat,Male,2 hr,0,É g/mL,Control,99.2,99.8
5217,01,2,phalloidin,Rat,Male,2 hr,0,É g/mL,Control,100.8,100.2
5217,02,1,phalloidin,Rat,Male,8 hr,0,É g/mL,Control,98.0,99.7
5217,02,2,phalloidin,Rat,Male,8 hr,0,É g/mL,Control,102.0,100.3
5217,03,1,phalloidin,Rat,Male,24 hr,0,É g/mL,Control,98.2,100.2
5217,03,2,phalloidin,Rat,Male,24 hr,0,É g/mL,Control,101.8,99.8
5217,04,1,phalloidin,Rat,Male,2 hr,4,É g/mL,Low,98.1,99.6
5217,04,2,phalloidin,Rat,Male,2 hr,4,É g/mL,Low,102.4,100.4
5217,05,1,phalloidin,Rat,Male,8 hr,4,É g/mL,Low,106.7,100.4
5217,05,2,phalloidin,Rat,Male,8 hr,4,É g/mL,Low,105.3,100.1
5217,06,1,phalloidin,Rat,Male,24 hr,4,É g/mL,Low,101.2,96.8
5217,06,2,phalloidin,Rat,Male,24 hr,4,É g/mL,Low,99.9,96.3
5217,07,1,phalloidin,Rat,Male,2 hr,20,É g/mL,Middle,94.1,99.9
5217,07,2,phalloidin,Rat,Male,2 hr,20,É g/mL,Middle,104.2,100.4
5217,08,1,phalloidin,Rat,Male,8 hr,20,É g/mL,Middle,100.3,101.5
5217,08,2,phalloidin,Rat,Male,8 hr,20,É g/mL,Middle,107.8,100.8
5217,09,1,phalloidin,Rat,Male,24 hr,20,É g/mL,Middle,95.0,97.8
5217,09,2,phalloidin,Rat,Male,24 hr,20,É g/mL,Middle,102.9,96.8
5217,10,1,phalloidin,Rat,Male,2 hr,100,É g/mL,High,98.1,100.9
5217,10,2,phalloidin,Rat,Male,2 hr,100,É g/mL,High,102.4,100.4
5217,11,1,phalloidin,Rat,Male,8 hr,100,É g/mL,High,102.3,101.3
5217,11,2,phalloidin,Rat,Male,8 hr,100,É g/mL,High,110.0,101.6
5217,12,1,phalloidin,Rat,Male,24 hr,100,É g/mL,High,97.1,99.5
5217,12,2,phalloidin,Rat,Male,24 hr,100,É g/mL,High,103.1,98.7
5218,01,1,ciprofloxacin,Human,Male,8 hr,0,É M,Control,99.5,100.0
5218,01,2,ciprofloxacin,Human,Male,8 hr,0,É M,Control,100.5,100.0
5218,02,1,ciprofloxacin,Human,Male,24 hr,0,É M,Control,100.1,98.1
5218,02,2,ciprofloxacin,Human,Male,24 hr,0,É M,Control,99.9,101.9
5218,03,1,ciprofloxacin,Human,Male,8 hr,5,É M,Middle,100.6,104.4
5218,03,2,ciprofloxacin,Human,Male,8 hr,5,É M,Middle,101.8,100.0
5218,04,1,ciprofloxacin,Human,Male,24 hr,5,É M,Middle,115.4,103.8
5218,04,2,ciprofloxacin,Human,Male,24 hr,5,É M,Middle,111.1,100.0
5218,05,1,ciprofloxacin,Human,Male,8 hr,25,É M,High,101.7,104.4
5218,05,2,ciprofloxacin,Human,Male,8 hr,25,É M,High,105.0,113.3
5218,06,1,ciprofloxacin,Human,Male,24 hr,25,É M,High,113.1,103.8
5218,06,2,ciprofloxacin,Human,Male,24 hr,25,É M,High,121.9,98.1
5219,01,1,pemoline,Human,Male,8 hr,0,É M,Control,100.1,98.9
5219,01,2,pemoline,Human,Male,8 hr,0,É M,Control,99.9,101.1
5219,02,1,pemoline,Human,Male,24 hr,0,É M,Control,95.4,94.2
5219,02,2,pemoline,Human,Male,24 hr,0,É M,Control,104.6,105.8
5219,03,1,pemoline,Human,Male,8 hr,15,É M,Middle,101.4,103.4
5219,03,2,pemoline,Human,Male,8 hr,15,É M,Middle,99.5,105.7
5219,04,1,pemoline,Human,Male,24 hr,15,É M,Middle,91.3,110.5
5219,04,2,pemoline,Human,Male,24 hr,15,É M,Middle,106.1,110.5
5219,05,1,pemoline,Human,Male,8 hr,75,É M,High,98.7,98.9
5219,05,2,pemoline,Human,Male,8 hr,75,É M,High,96.3,108.0
5219,06,1,pemoline,Human,Male,24 hr,75,É M,High,109.9,98.8
5219,06,2,pemoline,Human,Male,24 hr,75,É M,High,114.8,101.2
5220,01,1,chlormezanone,Human,Male,8 hr,0,É M,Control,98.2,95.9
5220,01,2,chlormezanone,Human,Male,8 hr,0,É M,Control,101.8,104.1
5220,02,1,chlormezanone,Human,Male,24 hr,0,É M,Control,104.9,100.0
5220,02,2,chlormezanone,Human,Male,24 hr,0,É M,Control,95.1,100.0
5220,03,1,chlormezanone,Human,Male,8 hr,50,É M,Middle,92.9,106.8
5220,03,2,chlormezanone,Human,Male,8 hr,50,É M,Middle,99.4,106.8
5220,04,1,chlormezanone,Human,Male,24 hr,50,É M,Middle,100.9,104.6
5220,04,2,chlormezanone,Human,Male,24 hr,50,É M,Middle,99.0,109.2
5220,05,1,chlormezanone,Human,Male,8 hr,250,É M,High,86.9,106.8
5220,05,2,chlormezanone,Human,Male,8 hr,250,É M,High,88.9,112.2
5220,06,1,chlormezanone,Human,Male,24 hr,250,É M,High,96.8,102.3
5220,06,2,chlormezanone,Human,Male,24 hr,250,É M,High,108.2,104.6
5221,01,1,metformin,Human,Male,8 hr,0,É M,Control,98.9,97.6
5221,01,2,metformin,Human,Male,8 hr,0,É M,Control,101.1,102.4
5221,02,1,metformin,Human,Male,24 hr,0,É M,Control,100.2,99.0
5221,02,2,metformin,Human,Male,24 hr,0,É M,Control,99.8,101.0
5221,03,1,metformin,Human,Male,8 hr,200,É M,Middle,110.5,90.2
5221,03,2,metformin,Human,Male,8 hr,200,É M,Middle,100.8,97.6
5221,04,1,metformin,Human,Male,24 hr,200,É M,Middle,93.1,112.8
5221,04,2,metformin,Human,Male,24 hr,200,É M,Middle,96.7,106.9
5221,05,1,metformin,Human,Male,8 hr,1000,É M,High,98.5,92.7
5221,05,2,metformin,Human,Male,8 hr,1000,É M,High,106.0,100.0
5221,06,1,metformin,Human,Male,24 hr,1000,É M,High,77.8,114.8
5221,06,2,metformin,Human,Male,24 hr,1000,É M,High,92.7,112.8
5222,01,1,tamoxifen,Human,Male,8 hr,0,É M,Control,99.5,100.0
5222,01,2,tamoxifen,Human,Male,8 hr,0,É M,Control,100.5,100.0
5222,02,1,tamoxifen,Human,Male,24 hr,0,É M,Control,100.1,97.3
5222,02,2,tamoxifen,Human,Male,24 hr,0,É M,Control,99.9,102.7
5222,03,1,tamoxifen,Human,Male,8 hr,5,É M,Middle,87.5,109.9
5222,03,2,tamoxifen,Human,Male,8 hr,5,É M,Middle,94.7,101.4
5222,04,1,tamoxifen,Human,Male,24 hr,5,É M,Middle,92.9,105.5
5222,04,2,tamoxifen,Human,Male,24 hr,5,É M,Middle,92.7,108.2
5222,05,1,tamoxifen,Human,Male,8 hr,25,É M,High,101.0,102.8
5222,05,2,tamoxifen,Human,Male,8 hr,25,É M,High,105.0,100.0
5222,06,1,tamoxifen,Human,Male,24 hr,25,É M,High,94.5,101.4
5222,06,2,tamoxifen,Human,Male,24 hr,25,É M,High,97.8,104.1
5223,01,1,ethinylestradiol,Human,Male,8 hr,0,É M,Control,99.2,100.0
5223,01,2,ethinylestradiol,Human,Male,8 hr,0,É M,Control,100.8,100.0
5223,02,1,ethinylestradiol,Human,Male,24 hr,0,É M,Control,96.9,100.0
5223,02,2,ethinylestradiol,Human,Male,24 hr,0,É M,Control,103.1,100.0
5223,03,1,ethinylestradiol,Human,Male,8 hr,3,É M,Middle,94.6,104.1
5223,03,2,ethinylestradiol,Human,Male,8 hr,3,É M,Middle,92.2,104.1
5223,04,1,ethinylestradiol,Human,Male,24 hr,3,É M,Middle,94.9,104.1
5223,04,2,ethinylestradiol,Human,Male,24 hr,3,É M,Middle,98.2,108.2
5223,05,1,ethinylestradiol,Human,Male,8 hr,15,É M,High,94.4,116.3
5223,05,2,ethinylestradiol,Human,Male,8 hr,15,É M,High,92.7,116.3
5223,06,1,ethinylestradiol,Human,Male,24 hr,15,É M,High,85.5,106.2
5223,06,2,ethinylestradiol,Human,Male,24 hr,15,É M,High,96.7,108.2
5224,01,1,methyldopa,Human,Male,8 hr,0,É M,Control,101.1,97.7
5224,01,2,methyldopa,Human,Male,8 hr,0,É M,Control,98.9,102.3
5224,02,1,methyldopa,Human,Male,24 hr,0,É M,Control,97.8,89.6
5224,02,2,methyldopa,Human,Male,24 hr,0,É M,Control,102.2,110.4
5224,03,1,methyldopa,Human,Male,8 hr,10,É M,Middle,100.8,104.7
5224,03,2,methyldopa,Human,Male,8 hr,10,É M,Middle,99.4,95.3
5224,04,1,methyldopa,Human,Male,24 hr,10,É M,Middle,105.5,104.4
5224,04,2,methyldopa,Human,Male,24 hr,10,É M,Middle,101.7,110.4
5224,05,1,methyldopa,Human,Male,8 hr,50,É M,High,99.2,107.0
5224,05,2,methyldopa,Human,Male,8 hr,50,É M,High,98.1,102.3
5224,06,1,methyldopa,Human,Male,24 hr,50,É M,High,100.3,101.5
5224,06,2,methyldopa,Human,Male,24 hr,50,É M,High,103.6,119.3
5225,01,1,methimazole,Human,Male,8 hr,0,É M,Control,98.7,93.7
5225,01,2,methimazole,Human,Male,8 hr,0,É M,Control,101.3,106.3
5225,02,1,methimazole,Human,Male,24 hr,0,É M,Control,98.5,95.1
5225,02,2,methimazole,Human,Male,24 hr,0,É M,Control,101.5,104.9
5225,03,1,methimazole,Human,Male,8 hr,2000,É M,Middle,94.0,146.5
5225,03,2,methimazole,Human,Male,8 hr,2000,É M,Middle,105.9,139.0
5225,04,1,methimazole,Human,Male,24 hr,2000,É M,Middle,101.6,195.9
5225,04,2,methimazole,Human,Male,24 hr,2000,É M,Middle,102.2,189.4
5225,05,1,methimazole,Human,Male,8 hr,10000,É M,High,96.6,
5225,05,2,methimazole,Human,Male,8 hr,10000,É M,High,100.8,
5225,06,1,methimazole,Human,Male,24 hr,10000,É M,High,92.9,235.0
5225,06,2,methimazole,Human,Male,24 hr,10000,É M,High,90.7,244.7
5226,01,1,monocrotaline,Human,Male,8 hr,0,É M,Control,101.7,101.0
5226,01,2,monocrotaline,Human,Male,8 hr,0,É M,Control,98.3,99.0
5226,02,1,monocrotaline,Human,Male,24 hr,0,É M,Control,100.9,90.1
5226,02,2,monocrotaline,Human,Male,24 hr,0,É M,Control,99.1,109.9
5226,03,1,monocrotaline,Human,Male,8 hr,18,É M,Middle,96.5,104.9
5226,03,2,monocrotaline,Human,Male,8 hr,18,É M,Middle,94.0,101.0
5226,04,1,monocrotaline,Human,Male,24 hr,18,É M,Middle,95.9,119.8
5226,04,2,monocrotaline,Human,Male,24 hr,18,É M,Middle,92.7,109.9
5226,05,1,monocrotaline,Human,Male,8 hr,90,É M,High,88.6,108.9
5226,05,2,monocrotaline,Human,Male,8 hr,90,É M,High,102.7,101.0
5226,06,1,monocrotaline,Human,Male,24 hr,90,É M,High,98.6,116.5
5226,06,2,monocrotaline,Human,Male,24 hr,90,É M,High,103.7,116.5
5227,01,1,vitamin A,Human,Male,8 hr,0,É M,Control,100.3,101.1
5227,01,2,vitamin A,Human,Male,8 hr,0,É M,Control,99.7,98.9
5227,02,1,vitamin A,Human,Male,24 hr,0,É M,Control,96.8,99.0
5227,02,2,vitamin A,Human,Male,24 hr,0,É M,Control,103.2,101.0
5227,03,1,vitamin A,Human,Male,8 hr,2,É M,Middle,97.3,107.4
5227,03,2,vitamin A,Human,Male,8 hr,2,É M,Middle,91.8,108.4
5227,04,1,vitamin A,Human,Male,24 hr,2,É M,Middle,108.4,105.2
5227,04,2,vitamin A,Human,Male,24 hr,2,É M,Middle,98.4,107.3
5227,05,1,vitamin A,Human,Male,8 hr,8,É M,High,92.1,109.5
5227,05,2,vitamin A,Human,Male,8 hr,8,É M,High,90.3,107.4
5227,06,1,vitamin A,Human,Male,24 hr,8,É M,High,98.0,96.9
5227,06,2,vitamin A,Human,Male,24 hr,8,É M,High,108.5,101.0
5228,01,1,tacrine,Human,Female,8 hr,0,É M,Control,100.3,100.0
5228,01,2,tacrine,Human,Female,8 hr,0,É M,Control,99.7,100.0
5228,02,1,tacrine,Human,Female,24 hr,0,É M,Control,99.5,98.9
5228,02,2,tacrine,Human,Female,24 hr,0,É M,Control,100.5,101.1
5228,03,1,tacrine,Human,Female,8 hr,16,É M,Middle,101.7,95.7
5228,03,2,tacrine,Human,Female,8 hr,16,É M,Middle,97.4,108.6
5228,04,1,tacrine,Human,Female,24 hr,16,É M,Middle,96.3,102.3
5228,04,2,tacrine,Human,Female,24 hr,16,É M,Middle,103.0,100.0
5228,05,1,tacrine,Human,Female,8 hr,80,É M,High,91.4,100.0
5228,05,2,tacrine,Human,Female,8 hr,80,É M,High,98.6,100.0
5228,06,1,tacrine,Human,Female,24 hr,80,É M,High,91.2,97.7
5228,06,2,tacrine,Human,Female,24 hr,80,É M,High,93.5,97.7
5229,01,1,moxisylyte,Human,Female,8 hr,0,É M,Control,101.3,97.4
5229,01,2,moxisylyte,Human,Female,8 hr,0,É M,Control,98.7,102.6
5229,02,1,moxisylyte,Human,Female,24 hr,0,É M,Control,100.2,101.1
5229,02,2,moxisylyte,Human,Female,24 hr,0,É M,Control,99.8,98.9
5229,03,1,moxisylyte,Human,Female,8 hr,80,É M,Middle,105.8,97.4
5229,03,2,moxisylyte,Human,Female,8 hr,80,É M,Middle,94.9,100.9
5229,04,1,moxisylyte,Human,Female,24 hr,80,É M,Middle,106.7,101.1
5229,04,2,moxisylyte,Human,Female,24 hr,80,É M,Middle,99.2,102.2
5229,05,1,moxisylyte,Human,Female,8 hr,400,É M,High,101.7,97.4
5229,05,2,moxisylyte,Human,Female,8 hr,400,É M,High,97.4,99.1
5229,06,1,moxisylyte,Human,Female,24 hr,400,É M,High,99.1,90.2
5229,06,2,moxisylyte,Human,Female,24 hr,400,É M,High,101.2,89.1
5230,01,1,iproniazid,Human,Female,8 hr,0,É M,Control,100.1,98.4
5230,01,2,iproniazid,Human,Female,8 hr,0,É M,Control,99.9,101.6
5230,02,1,iproniazid,Human,Female,24 hr,0,É M,Control,97.0,98.2
5230,02,2,iproniazid,Human,Female,24 hr,0,É M,Control,103.0,101.8
5230,03,1,iproniazid,Human,Female,8 hr,240,É M,Middle,105.3,105.7
5230,03,2,iproniazid,Human,Female,8 hr,240,É M,Middle,103.1,102.6
5230,04,1,iproniazid,Human,Female,24 hr,240,É M,Middle,102.1,103.5
5230,04,2,iproniazid,Human,Female,24 hr,240,É M,Middle,99.5,101.8
5230,05,1,iproniazid,Human,Female,8 hr,1200,É M,High,98.4,104.7
5230,05,2,iproniazid,Human,Female,8 hr,1200,É M,High,100.7,102.6
5230,06,1,iproniazid,Human,Female,24 hr,1200,É M,High,85.6,91.2
5230,06,2,iproniazid,Human,Female,24 hr,1200,É M,High,90.0,89.5
5231,01,1,chloramphenicol,Human,Female,8 hr,0,É M,Control,100.3,98.4
5231,01,2,chloramphenicol,Human,Female,8 hr,0,É M,Control,99.7,101.6
5231,02,1,chloramphenicol,Human,Female,24 hr,0,É M,Control,98.2,96.1
5231,02,2,chloramphenicol,Human,Female,24 hr,0,É M,Control,101.8,103.9
5231,03,1,chloramphenicol,Human,Female,8 hr,90,É M,Middle,102.1,101.6
5231,03,2,chloramphenicol,Human,Female,8 hr,90,É M,Middle,97.6,100.8
5231,04,1,chloramphenicol,Human,Female,24 hr,90,É M,Middle,109.0,103.9
5231,04,2,chloramphenicol,Human,Female,24 hr,90,É M,Middle,105.5,105.0
5231,05,1,chloramphenicol,Human,Female,8 hr,450,É M,High,103.4,103.3
5231,05,2,chloramphenicol,Human,Female,8 hr,450,É M,High,94.2,104.1
5231,06,1,chloramphenicol,Human,Female,24 hr,450,É M,High,111.7,102.8
5231,06,2,chloramphenicol,Human,Female,24 hr,450,É M,High,115.9,101.7
5232,01,1,nitrofurazone,Human,Female,8 hr,0,É M,Control,95.0,96.3
5232,01,2,nitrofurazone,Human,Female,8 hr,0,É M,Control,105.0,103.7
5232,02,1,nitrofurazone,Human,Female,24 hr,0,É M,Control,96.4,95.5
5232,02,2,nitrofurazone,Human,Female,24 hr,0,É M,Control,103.6,104.5
5232,03,1,nitrofurazone,Human,Female,8 hr,10,É M,Middle,105.4,104.5
5232,03,2,nitrofurazone,Human,Female,8 hr,10,É M,Middle,106.3,102.9
5232,04,1,nitrofurazone,Human,Female,24 hr,10,É M,Middle,102.2,101.1
5232,04,2,nitrofurazone,Human,Female,24 hr,10,É M,Middle,100.4,102.2
5232,05,1,nitrofurazone,Human,Female,8 hr,50,É M,High,103.4,105.3
5232,05,2,nitrofurazone,Human,Female,8 hr,50,É M,High,103.7,103.7
5232,06,1,nitrofurazone,Human,Female,24 hr,50,É M,High,96.7,100.0
5232,06,2,nitrofurazone,Human,Female,24 hr,50,É M,High,99.7,101.1
5233,01,1,imipramine,Human,Female,8 hr,0,É M,Control,100.0,97.1
5233,01,2,imipramine,Human,Female,8 hr,0,É M,Control,100.0,102.9
5233,02,1,imipramine,Human,Female,24 hr,0,É M,Control,96.9,96.2
5233,02,2,imipramine,Human,Female,24 hr,0,É M,Control,103.1,103.8
5233,03,1,imipramine,Human,Female,8 hr,3,É M,Middle,93.1,105.6
5233,03,2,imipramine,Human,Female,8 hr,3,É M,Middle,92.1,104.9
5233,04,1,imipramine,Human,Female,24 hr,3,É M,Middle,101.6,111.4
5233,04,2,imipramine,Human,Female,24 hr,3,É M,Middle,98.1,102.5
5233,05,1,imipramine,Human,Female,8 hr,15,É M,High,94.0,104.9
5233,05,2,imipramine,Human,Female,8 hr,15,É M,High,94.0,104.9
5233,06,1,imipramine,Human,Female,24 hr,15,É M,High,90.8,93.7
5233,06,2,imipramine,Human,Female,24 hr,15,É M,High,101.1,95.0
5234,01,1,amitriptyline,Human,Female,8 hr,0,É M,Control,99.3,78.4
5234,01,2,amitriptyline,Human,Female,8 hr,0,É M,Control,100.7,121.6
5234,02,1,amitriptyline,Human,Female,24 hr,0,É M,Control,97.0,100.0
5234,02,2,amitriptyline,Human,Female,24 hr,0,É M,Control,103.0,100.0
5234,03,1,amitriptyline,Human,Female,8 hr,3,É M,Middle,94.1,100.0
5234,03,2,amitriptyline,Human,Female,8 hr,3,É M,Middle,97.8,121.6
5234,04,1,amitriptyline,Human,Female,24 hr,3,É M,Middle,105.0,106.3
5234,04,2,amitriptyline,Human,Female,24 hr,3,É M,Middle,101.6,100.0
5234,05,1,amitriptyline,Human,Female,8 hr,15,É M,High,87.9,121.6
5234,05,2,amitriptyline,Human,Female,8 hr,15,É M,High,91.9,89.2
5234,06,1,amitriptyline,Human,Female,24 hr,15,É M,High,91.6,90.5
5234,06,2,amitriptyline,Human,Female,24 hr,15,É M,High,92.9,92.1
5235,01,1,hydroxyzine,Human,Female,8 hr,0,É M,Control,100.8,99.6
5235,01,2,hydroxyzine,Human,Female,8 hr,0,É M,Control,99.3,100.4
5235,02,1,hydroxyzine,Human,Female,24 hr,0,É M,Control,100.2,96.5
5235,02,2,hydroxyzine,Human,Female,24 hr,0,É M,Control,99.8,103.5
5235,03,1,hydroxyzine,Human,Female,8 hr,8,É M,Middle,105.8,100.4
5235,03,2,hydroxyzine,Human,Female,8 hr,8,É M,Middle,99.4,100.4
5235,04,1,hydroxyzine,Human,Female,24 hr,8,É M,Middle,103.3,101.2
5235,04,2,hydroxyzine,Human,Female,24 hr,8,É M,Middle,100.2,100.0
5235,05,1,hydroxyzine,Human,Female,8 hr,40,É M,High,89.5,96.1
5235,05,2,hydroxyzine,Human,Female,8 hr,40,É M,High,92.5,96.1
5235,06,1,hydroxyzine,Human,Female,24 hr,40,É M,High,73.2,62.5
5235,06,2,hydroxyzine,Human,Female,24 hr,40,É M,High,77.7,56.6
5236,01,1,ibuprofen,Human,Female,8 hr,0,É M,Control,97.9,98.8
5236,01,2,ibuprofen,Human,Female,8 hr,0,É M,Control,102.1,101.2
5236,02,1,ibuprofen,Human,Female,24 hr,0,É M,Control,100.8,96.1
5236,02,2,ibuprofen,Human,Female,24 hr,0,É M,Control,99.2,103.9
5236,03,1,ibuprofen,Human,Female,8 hr,30,É M,Middle,99.2,99.6
5236,03,2,ibuprofen,Human,Female,8 hr,30,É M,Middle,103.1,98.8
5236,04,1,ibuprofen,Human,Female,24 hr,30,É M,Middle,106.4,105.2
5236,04,2,ibuprofen,Human,Female,24 hr,30,É M,Middle,99.0,103.9
5236,05,1,ibuprofen,Human,Female,8 hr,150,É M,High,93.8,102.0
5236,05,2,ibuprofen,Human,Female,8 hr,150,É M,High,92.8,98.0
5236,06,1,ibuprofen,Human,Female,24 hr,150,É M,High,99.2,94.8
5236,06,2,ibuprofen,Human,Female,24 hr,150,É M,High,101.7,90.8
5237,01,1,naproxen,Human,Female,8 hr,0,É M,Control,100.8,100.0
5237,01,2,naproxen,Human,Female,8 hr,0,É M,Control,99.2,100.0
5237,02,1,naproxen,Human,Female,24 hr,0,É M,Control,98.9,94.7
5237,02,2,naproxen,Human,Female,24 hr,0,É M,Control,101.1,105.3
5237,03,1,naproxen,Human,Female,8 hr,120,É M,Middle,101.1,101.7
5237,03,2,naproxen,Human,Female,8 hr,120,É M,Middle,109.7,100.0
5237,04,1,naproxen,Human,Female,24 hr,120,É M,Middle,112.1,106.9
5237,04,2,naproxen,Human,Female,24 hr,120,É M,Middle,110.3,99.2
5237,05,1,naproxen,Human,Female,8 hr,600,É M,High,99.9,102.6
5237,05,2,naproxen,Human,Female,8 hr,600,É M,High,91.7,100.9
5237,06,1,naproxen,Human,Female,24 hr,600,É M,High,101.3,102.3
5237,06,2,naproxen,Human,Female,24 hr,600,É M,High,106.6,94.7
5238,01,1,quinidine,Human,Female,8 hr,0,É M,Control,106.2,95.8
5238,01,2,quinidine,Human,Female,8 hr,0,É M,Control,93.8,104.2
5238,02,1,quinidine,Human,Female,24 hr,0,É M,Control,98.4,96.1
5238,02,2,quinidine,Human,Female,24 hr,0,É M,Control,101.6,103.9
5238,03,1,quinidine,Human,Female,8 hr,10,É M,Middle,108.2,92.4
5238,03,2,quinidine,Human,Female,8 hr,10,É M,Middle,89.2,95.8
5238,04,1,quinidine,Human,Female,24 hr,10,É M,Middle,105.1,101.3
5238,04,2,quinidine,Human,Female,24 hr,10,É M,Middle,108.1,101.3
5238,05,1,quinidine,Human,Female,8 hr,50,É M,High,100.6,90.8
5238,05,2,quinidine,Human,Female,8 hr,50,É M,High,101.8,87.4
5238,06,1,quinidine,Human,Female,24 hr,50,É M,High,92.9,75.2
5238,06,2,quinidine,Human,Female,24 hr,50,É M,High,97.7,67.3
5239,01,1,furosemide,Human,Female,8 hr,0,É M,Control,102.0,101.1
5239,01,2,furosemide,Human,Female,8 hr,0,É M,Control,98.0,98.9
5239,02,1,furosemide,Human,Female,24 hr,0,É M,Control,97.6,100.0
5239,02,2,furosemide,Human,Female,24 hr,0,É M,Control,102.4,100.0
5239,03,1,furosemide,Human,Female,8 hr,500,É M,Middle,96.5,103.4
5239,03,2,furosemide,Human,Female,8 hr,500,É M,Middle,97.1,107.9
5239,04,1,furosemide,Human,Female,24 hr,500,É M,Middle,106.9,104.5
5239,04,2,furosemide,Human,Female,24 hr,500,É M,Middle,94.5,109.0
5239,05,1,furosemide,Human,Female,8 hr,2500,É M,High,89.6,125.8
5239,05,2,furosemide,Human,Female,8 hr,2500,É M,High,103.2,123.6
5239,06,1,furosemide,Human,Female,24 hr,2500,É M,High,91.4,179.1
5239,06,2,furosemide,Human,Female,24 hr,2500,É M,High,91.8,183.6
5240,01,1,fenofibrate,Human,Female,8 hr,0,É M,Control,102.3,98.3
5240,01,2,fenofibrate,Human,Female,8 hr,0,É M,Control,97.7,101.7
5240,02,1,fenofibrate,Human,Female,24 hr,0,É M,Control,97.5,96.4
5240,02,2,fenofibrate,Human,Female,24 hr,0,É M,Control,102.5,103.6
5240,03,1,fenofibrate,Human,Female,8 hr,6,É M,Middle,101.6,103.4
5240,03,2,fenofibrate,Human,Female,8 hr,6,É M,Middle,101.1,108.5
5240,04,1,fenofibrate,Human,Female,24 hr,6,É M,Middle,106.1,101.8
5240,04,2,fenofibrate,Human,Female,24 hr,6,É M,Middle,100.1,108.9
5240,05,1,fenofibrate,Human,Female,8 hr,30,É M,High,95.5,117.0
5240,05,2,fenofibrate,Human,Female,8 hr,30,É M,High,95.2,110.2
5240,06,1,fenofibrate,Human,Female,24 hr,30,É M,High,98.2,108.9
5240,06,2,fenofibrate,Human,Female,24 hr,30,É M,High,105.0,110.7
5241,01,1,chlorpropamide,Human,Female,8 hr,0,É M,Control,100.0,97.8
5241,01,2,chlorpropamide,Human,Female,8 hr,0,É M,Control,100.0,102.2
5241,02,1,chlorpropamide,Human,Female,24 hr,0,É M,Control,97.4,100.0
5241,02,2,chlorpropamide,Human,Female,24 hr,0,É M,Control,102.6,100.0
5241,03,1,chlorpropamide,Human,Female,8 hr,150,É M,Middle,99.6,106.7
5241,03,2,chlorpropamide,Human,Female,8 hr,150,É M,Middle,98.3,106.7
5241,04,1,chlorpropamide,Human,Female,24 hr,150,É M,Middle,103.9,97.6
5241,04,2,chlorpropamide,Human,Female,24 hr,150,É M,Middle,109.4,95.2
5241,05,1,chlorpropamide,Human,Female,8 hr,750,É M,High,104.2,106.7
5241,05,2,chlorpropamide,Human,Female,8 hr,750,É M,High,97.4,106.7
5241,06,1,chlorpropamide,Human,Female,24 hr,750,É M,High,102.7,100.0
5241,06,2,chlorpropamide,Human,Female,24 hr,750,É M,High,104.1,90.4
5242,01,1,nicotinic acid,Human,Female,8 hr,0,É M,Control,102.5,95.8
5242,01,2,nicotinic acid,Human,Female,8 hr,0,É M,Control,97.5,104.2
5242,02,1,nicotinic acid,Human,Female,24 hr,0,É M,Control,101.4,98.4
5242,02,2,nicotinic acid,Human,Female,24 hr,0,É M,Control,98.6,101.6
5242,03,1,nicotinic acid,Human,Female,8 hr,2000,É M,Middle,95.0,104.2
5242,03,2,nicotinic acid,Human,Female,8 hr,2000,É M,Middle,97.8,101.4
5242,04,1,nicotinic acid,Human,Female,24 hr,2000,É M,Middle,113.1,103.3
5242,04,2,nicotinic acid,Human,Female,24 hr,2000,É M,Middle,99.5,104.9
5242,05,1,nicotinic acid,Human,Female,8 hr,10000,É M,High,97.2,107.1
5242,05,2,nicotinic acid,Human,Female,8 hr,10000,É M,High,101.1,107.1
5242,06,1,nicotinic acid,Human,Female,24 hr,10000,É M,High,103.8,109.8
5242,06,2,nicotinic acid,Human,Female,24 hr,10000,É M,High,114.0,108.2
5243,01,1,erythromycin ethylsuccinate,Human,Female,8 hr,0,É M,Control,98.0,101.5
5243,01,2,erythromycin ethylsuccinate,Human,Female,8 hr,0,É M,Control,102.0,98.5
5243,02,1,erythromycin ethylsuccinate,Human,Female,24 hr,0,É M,Control,101.1,94.1
5243,02,2,erythromycin ethylsuccinate,Human,Female,24 hr,0,É M,Control,98.9,105.9
5243,03,1,erythromycin ethylsuccinate,Human,Female,8 hr,1,É M,Middle,98.0,104.6
5243,03,2,erythromycin ethylsuccinate,Human,Female,8 hr,1,É M,Middle,92.9,106.2
5243,04,1,erythromycin ethylsuccinate,Human,Female,24 hr,1,É M,Middle,103.4,96.0
5243,04,2,erythromycin ethylsuccinate,Human,Female,24 hr,1,É M,Middle,101.7,94.1
5243,05,1,erythromycin ethylsuccinate,Human,Female,8 hr,5,É M,High,96.9,110.8
5243,05,2,erythromycin ethylsuccinate,Human,Female,8 hr,5,É M,High,92.1,106.2
5243,06,1,erythromycin ethylsuccinate,Human,Female,24 hr,5,É M,High,99.5,92.1
5243,06,2,erythromycin ethylsuccinate,Human,Female,24 hr,5,É M,High,98.6,88.1
5244,01,1,ethambutol,Human,Female,8 hr,0,É M,Control,104.7,99.4
5244,01,2,ethambutol,Human,Female,8 hr,0,É M,Control,95.3,100.6
5244,02,1,ethambutol,Human,Female,24 hr,0,É M,Control,98.6,95.2
5244,02,2,ethambutol,Human,Female,24 hr,0,É M,Control,101.4,104.8
5244,03,1,ethambutol,Human,Female,8 hr,800,É M,Middle,99.1,101.8
5244,03,2,ethambutol,Human,Female,8 hr,800,É M,Middle,90.3,105.4
5244,04,1,ethambutol,Human,Female,24 hr,800,É M,Middle,98.6,101.6
5244,04,2,ethambutol,Human,Female,24 hr,800,É M,Middle,98.9,98.4
5244,05,1,ethambutol,Human,Female,8 hr,4000,É M,High,90.1,99.4
5244,05,2,ethambutol,Human,Female,8 hr,4000,É M,High,94.1,101.8
5244,06,1,ethambutol,Human,Female,24 hr,4000,É M,High,82.6,77.6
5244,06,2,ethambutol,Human,Female,24 hr,4000,É M,High,90.8,72.8
5245,01,1,mefenamic acid,Human,Female,8 hr,0,É M,Control,106.0,95.7
5245,01,2,mefenamic acid,Human,Female,8 hr,0,É M,Control,94.0,104.3
5245,02,1,mefenamic acid,Human,Female,24 hr,0,É M,Control,98.2,97.0
5245,02,2,mefenamic acid,Human,Female,24 hr,0,É M,Control,101.8,103.0
5245,03,1,mefenamic acid,Human,Female,8 hr,30,É M,Middle,104.0,98.6
5245,03,2,mefenamic acid,Human,Female,8 hr,30,É M,Middle,106.2,101.4
5245,04,1,mefenamic acid,Human,Female,24 hr,30,É M,Middle,111.9,106.6
5245,04,2,mefenamic acid,Human,Female,24 hr,30,É M,Middle,106.7,104.2
5245,05,1,mefenamic acid,Human,Female,8 hr,150,É M,High,105.3,101.4
5245,05,2,mefenamic acid,Human,Female,8 hr,150,É M,High,109.0,99.5
5245,06,1,mefenamic acid,Human,Female,24 hr,150,É M,High,105.8,99.4
5245,06,2,mefenamic acid,Human,Female,24 hr,150,É M,High,111.1,101.8
5246,01,1,famotidine,Human,Female,8 hr,0,É M,Control,101.1,96.1
5246,01,2,famotidine,Human,Female,8 hr,0,É M,Control,98.9,103.9
5246,02,1,famotidine,Human,Female,24 hr,0,É M,Control,98.2,98.9
5246,02,2,famotidine,Human,Female,24 hr,0,É M,Control,101.8,101.1
5246,03,1,famotidine,Human,Female,8 hr,140,É M,Middle,104.8,97.1
5246,03,2,famotidine,Human,Female,8 hr,140,É M,Middle,99.9,102.9
5246,04,1,famotidine,Human,Female,24 hr,140,É M,Middle,107.5,103.4
5246,04,2,famotidine,Human,Female,24 hr,140,É M,Middle,105.8,103.4
5246,05,1,famotidine,Human,Female,8 hr,700,É M,High,110.8,99.0
5246,05,2,famotidine,Human,Female,8 hr,700,É M,High,104.6,103.9
5246,06,1,famotidine,Human,Female,24 hr,700,É M,High,106.6,111.2
5246,06,2,famotidine,Human,Female,24 hr,700,É M,High,105.6,108.9
5247,01,1,ranitidine,Human,Female,8 hr,0,É M,Control,101.5,92.5
5247,01,2,ranitidine,Human,Female,8 hr,0,É M,Control,98.5,107.5
5247,02,1,ranitidine,Human,Female,24 hr,0,É M,Control,100.2,93.1
5247,02,2,ranitidine,Human,Female,24 hr,0,É M,Control,99.8,106.9
5247,03,1,ranitidine,Human,Female,8 hr,800,É M,Middle,107.3,107.5
5247,03,2,ranitidine,Human,Female,8 hr,800,É M,Middle,108.2,103.0
5247,04,1,ranitidine,Human,Female,24 hr,800,É M,Middle,99.7,102.3
5247,04,2,ranitidine,Human,Female,24 hr,800,É M,Middle,105.7,102.3
5247,05,1,ranitidine,Human,Female,8 hr,4000,É M,High,101.3,104.5
5247,05,2,ranitidine,Human,Female,8 hr,4000,É M,High,107.5,107.5
5247,06,1,ranitidine,Human,Female,24 hr,4000,É M,High,82.7,67.6
5247,06,2,ranitidine,Human,Female,24 hr,4000,É M,High,86.5,56.1
5248,01,1,chlorpheniramine,Human,Female,8 hr,0,É M,Control,102.2,96.0
5248,01,2,chlorpheniramine,Human,Female,8 hr,0,É M,Control,97.8,104.0
5248,02,1,chlorpheniramine,Human,Female,24 hr,0,É M,Control,102.5,100.6
5248,02,2,chlorpheniramine,Human,Female,24 hr,0,É M,Control,97.5,99.4
5248,03,1,chlorpheniramine,Human,Female,8 hr,18,É M,Middle,105.3,91.9
5248,03,2,chlorpheniramine,Human,Female,8 hr,18,É M,Middle,108.6,100.0
5248,04,1,chlorpheniramine,Human,Female,24 hr,18,É M,Middle,103.5,100.6
5248,04,2,chlorpheniramine,Human,Female,24 hr,18,É M,Middle,102.2,96.1
5248,05,1,chlorpheniramine,Human,Female,8 hr,90,É M,High,104.2,116.2
5248,05,2,chlorpheniramine,Human,Female,8 hr,90,É M,High,105.0,96.0
5248,06,1,chlorpheniramine,Human,Female,24 hr,90,É M,High,97.0,77.2
5248,06,2,chlorpheniramine,Human,Female,24 hr,90,É M,High,98.6,73.9
5249,01,1,nifedipine,Human,Female,8 hr,0,É M,Control,100.0,94.2
5249,01,2,nifedipine,Human,Female,8 hr,0,É M,Control,100.0,105.8
5249,02,1,nifedipine,Human,Female,24 hr,0,É M,Control,97.1,99.5
5249,02,2,nifedipine,Human,Female,24 hr,0,É M,Control,102.9,100.5
5249,03,1,nifedipine,Human,Female,8 hr,30,É M,Middle,100.0,102.9
5249,03,2,nifedipine,Human,Female,8 hr,30,É M,Middle,106.1,97.1
5249,04,1,nifedipine,Human,Female,24 hr,30,É M,Middle,105.0,100.5
5249,04,2,nifedipine,Human,Female,24 hr,30,É M,Middle,103.0,97.4
5249,05,1,nifedipine,Human,Female,8 hr,150,É M,High,105.5,100.0
5249,05,2,nifedipine,Human,Female,8 hr,150,É M,High,104.7,97.1
5249,06,1,nifedipine,Human,Female,24 hr,150,É M,High,103.8,101.6
5249,06,2,nifedipine,Human,Female,24 hr,150,É M,High,101.9,97.4
5250,01,1,diltiazem,Human,Female,8 hr,0,É M,Control,100.7,97.7
5250,01,2,diltiazem,Human,Female,8 hr,0,É M,Control,99.3,102.3
5250,02,1,diltiazem,Human,Female,24 hr,0,É M,Control,97.8,96.0
5250,02,2,diltiazem,Human,Female,24 hr,0,É M,Control,102.2,104.0
5250,03,1,diltiazem,Human,Female,8 hr,30,É M,Middle,100.5,100.8
5250,03,2,diltiazem,Human,Female,8 hr,30,É M,Middle,101.3,106.8
5250,04,1,diltiazem,Human,Female,24 hr,30,É M,Middle,105.7,101.7
5250,04,2,diltiazem,Human,Female,24 hr,30,É M,Middle,106.2,102.9
5250,05,1,diltiazem,Human,Female,8 hr,150,É M,High,103.6,91.7
5250,05,2,diltiazem,Human,Female,8 hr,150,É M,High,102.3,93.2
5250,06,1,diltiazem,Human,Female,24 hr,150,É M,High,88.6,73.1
5250,06,2,diltiazem,Human,Female,24 hr,150,É M,High,101.2,69.7
5251,01,1,tannic acid,Human,Female,8 hr,0,É M,Control,102.9,95.3
5251,01,2,tannic acid,Human,Female,8 hr,0,É M,Control,97.1,104.7
5251,02,1,tannic acid,Human,Female,24 hr,0,É M,Control,97.5,98.8
5251,02,2,tannic acid,Human,Female,24 hr,0,É M,Control,102.5,101.3
5251,03,1,tannic acid,Human,Female,8 hr,1,É M,Middle,104.9,103.0
5251,03,2,tannic acid,Human,Female,8 hr,1,É M,Middle,102.0,104.7
5251,04,1,tannic acid,Human,Female,24 hr,1,É M,Middle,101.5,107.5
5251,04,2,tannic acid,Human,Female,24 hr,1,É M,Middle,107.7,102.5
5251,05,1,tannic acid,Human,Female,8 hr,5,É M,High,105.0,104.7
5251,05,2,tannic acid,Human,Female,8 hr,5,É M,High,100.6,106.5
5251,06,1,tannic acid,Human,Female,24 hr,5,É M,High,104.9,108.8
5251,06,2,tannic acid,Human,Female,24 hr,5,É M,High,102.9,105.0
5252,01,1,captopril,Human,Female,8 hr,0,É M,Control,102.9,91.2
5252,01,2,captopril,Human,Female,8 hr,0,É M,Control,97.1,108.8
5252,02,1,captopril,Human,Female,24 hr,0,É M,Control,96.7,96.0
5252,02,2,captopril,Human,Female,24 hr,0,É M,Control,103.3,104.0
5252,03,1,captopril,Human,Female,8 hr,1600,É M,Middle,99.5,104.1
5252,03,2,captopril,Human,Female,8 hr,1600,É M,Middle,106.2,104.1
5252,04,1,captopril,Human,Female,24 hr,1600,É M,Middle,91.3,96.0
5252,04,2,captopril,Human,Female,24 hr,1600,É M,Middle,91.6,90.7
5252,05,1,captopril,Human,Female,8 hr,8000,É M,High,107.6,99.4
5252,05,2,captopril,Human,Female,8 hr,8000,É M,High,110.1,98.2
5252,06,1,captopril,Human,Female,24 hr,8000,É M,High,89.8,89.3
5252,06,2,captopril,Human,Female,24 hr,8000,É M,High,90.5,80.0
5253,01,1,enalapril,Human,Female,8 hr,0,É M,Control,99.5,101.1
5253,01,2,enalapril,Human,Female,8 hr,0,É M,Control,100.5,98.9
5253,02,1,enalapril,Human,Female,24 hr,0,É M,Control,96.9,100.0
5253,02,2,enalapril,Human,Female,24 hr,0,É M,Control,103.1,100.0
5253,03,1,enalapril,Human,Female,8 hr,400,É M,Middle,103.5,97.7
5253,03,2,enalapril,Human,Female,8 hr,400,É M,Middle,97.6,100.0
5253,04,1,enalapril,Human,Female,24 hr,400,É M,Middle,96.8,107.8
5253,04,2,enalapril,Human,Female,24 hr,400,É M,Middle,101.1,105.9
5253,05,1,enalapril,Human,Female,8 hr,2000,É M,High,92.2,98.9
5253,05,2,enalapril,Human,Female,8 hr,2000,É M,High,97.3,98.9
5253,06,1,enalapril,Human,Female,24 hr,2000,É M,High,92.2,72.7
5253,06,2,enalapril,Human,Female,24 hr,2000,É M,High,94.1,68.8
5254,01,1,theophylline,Human,Female,8 hr,0,É M,Control,101.8,96.6
5254,01,2,theophylline,Human,Female,8 hr,0,É M,Control,98.2,103.4
5254,02,1,theophylline,Human,Female,24 hr,0,É M,Control,98.1,95.7
5254,02,2,theophylline,Human,Female,24 hr,0,É M,Control,101.9,104.3
5254,03,1,theophylline,Human,Female,8 hr,2000,É M,Middle,104.1,99.5
5254,03,2,theophylline,Human,Female,8 hr,2000,É M,Middle,101.8,97.6
5254,04,1,theophylline,Human,Female,24 hr,2000,É M,Middle,102.8,101.9
5254,04,2,theophylline,Human,Female,24 hr,2000,É M,Middle,99.8,104.3
5254,05,1,theophylline,Human,Female,8 hr,10000,É M,High,99.1,105.3
5254,05,2,theophylline,Human,Female,8 hr,10000,É M,High,99.7,102.4
5254,06,1,theophylline,Human,Female,24 hr,10000,É M,High,93.9,93.2
5254,06,2,theophylline,Human,Female,24 hr,10000,É M,High,89.2,94.4
5255,01,1,caffeine,Human,Female,8 hr,0,É M,Control,100.9,100.0
5255,01,2,caffeine,Human,Female,8 hr,0,É M,Control,99.1,100.0
5255,02,1,caffeine,Human,Female,24 hr,0,É M,Control,97.1,97.6
5255,02,2,caffeine,Human,Female,24 hr,0,É M,Control,102.9,102.4
5255,03,1,caffeine,Human,Female,8 hr,1500,É M,Middle,113.2,99.0
5255,03,2,caffeine,Human,Female,8 hr,1500,É M,Middle,109.4,100.0
5255,04,1,caffeine,Human,Female,24 hr,1500,É M,Middle,100.9,94.5
5255,04,2,caffeine,Human,Female,24 hr,1500,É M,Middle,107.5,92.9
5255,05,1,caffeine,Human,Female,8 hr,7500,É M,High,107.8,105.1
5255,05,2,caffeine,Human,Female,8 hr,7500,É M,High,108.7,104.1
5255,06,1,caffeine,Human,Female,24 hr,7500,É M,High,92.5,82.0
5255,06,2,caffeine,Human,Female,24 hr,7500,É M,High,97.2,80.4
5256,01,1,papaverine,Human,Female,8 hr,0,É M,Control,100.4,98.2
5256,01,2,papaverine,Human,Female,8 hr,0,É M,Control,99.6,101.8
5256,02,1,papaverine,Human,Female,24 hr,0,É M,Control,94.7,98.1
5256,02,2,papaverine,Human,Female,24 hr,0,É M,Control,105.3,101.9
5256,03,1,papaverine,Human,Female,8 hr,12,É M,Middle,108.6,100.0
5256,03,2,papaverine,Human,Female,8 hr,12,É M,Middle,107.8,98.2
5256,04,1,papaverine,Human,Female,24 hr,12,É M,Middle,100.5,101.9
5256,04,2,papaverine,Human,Female,24 hr,12,É M,Middle,99.9,104.4
5256,05,1,papaverine,Human,Female,8 hr,60,É M,High,108.7,99.1
5256,05,2,papaverine,Human,Female,8 hr,60,É M,High,101.9,97.2
5256,06,1,papaverine,Human,Female,24 hr,60,É M,High,80.2,89.2
5256,06,2,papaverine,Human,Female,24 hr,60,É M,High,84.5,89.2
5257,01,1,penicillamine,Human,Female,8 hr,0,É M,Control,100.2,99.5
5257,01,2,penicillamine,Human,Female,8 hr,0,É M,Control,99.8,100.5
5257,02,1,penicillamine,Human,Female,24 hr,0,É M,Control,100.3,90.2
5257,02,2,penicillamine,Human,Female,24 hr,0,É M,Control,99.7,109.8
5257,03,1,penicillamine,Human,Female,8 hr,2000,É M,Middle,106.1,98.6
5257,03,2,penicillamine,Human,Female,8 hr,2000,É M,Middle,106.7,99.5
5257,04,1,penicillamine,Human,Female,24 hr,2000,É M,Middle,113.7,82.4
5257,04,2,penicillamine,Human,Female,24 hr,2000,É M,Middle,107.8,78.4
5257,05,1,penicillamine,Human,Female,8 hr,10000,É M,High,112.0,98.6
5257,05,2,penicillamine,Human,Female,8 hr,10000,É M,High,109.7,99.5
5257,06,1,penicillamine,Human,Female,24 hr,10000,É M,High,114.9,62.7
5257,06,2,penicillamine,Human,Female,24 hr,10000,É M,High,113.5,58.8
5258,01,1,sulindac,Human,Female,8 hr,0,É M,Control,97.0,99.4
5258,01,2,sulindac,Human,Female,8 hr,0,É M,Control,103.0,100.6
5258,02,1,sulindac,Human,Female,24 hr,0,É M,Control,93.7,94.6
5258,02,2,sulindac,Human,Female,24 hr,0,É M,Control,106.3,105.4
5258,03,1,sulindac,Human,Female,8 hr,600,É M,Middle,113.2,103.5
5258,03,2,sulindac,Human,Female,8 hr,600,É M,Middle,122.7,103.5
5258,04,1,sulindac,Human,Female,24 hr,600,É M,Middle,92.6,112.8
5258,04,2,sulindac,Human,Female,24 hr,600,É M,Middle,102.3,110.3
5258,05,1,sulindac,Human,Female,8 hr,3000,É M,High,97.9,112.1
5258,05,2,sulindac,Human,Female,8 hr,3000,É M,High,98.8,112.1
5258,06,1,sulindac,Human,Female,24 hr,3000,É M,High,90.0,137.6
5258,06,2,sulindac,Human,Female,24 hr,3000,É M,High,94.7,155.0
5259,01,1,disopyramide,Human,Female,8 hr,0,É M,Control,95.8,96.5
5259,01,2,disopyramide,Human,Female,8 hr,0,É M,Control,104.2,103.5
5259,02,1,disopyramide,Human,Female,24 hr,0,É M,Control,94.0,94.8
5259,02,2,disopyramide,Human,Female,24 hr,0,É M,Control,106.0,105.2
5259,03,1,disopyramide,Human,Female,8 hr,700,É M,Middle,96.4,90.7
5259,03,2,disopyramide,Human,Female,8 hr,700,É M,Middle,105.9,93.9
5259,04,1,disopyramide,Human,Female,24 hr,700,É M,Middle,88.4,109.4
5259,04,2,disopyramide,Human,Female,24 hr,700,É M,Middle,108.4,108.4
5259,05,1,disopyramide,Human,Female,8 hr,3500,É M,High,90.6,83.6
5259,05,2,disopyramide,Human,Female,8 hr,3500,É M,High,101.2,86.8
5259,06,1,disopyramide,Human,Female,24 hr,3500,É M,High,77.4,84.3
5259,06,2,disopyramide,Human,Female,24 hr,3500,É M,High,85.7,73.8
5260,01,1,mexiletine,Human,Female,8 hr,0,É M,Control,95.8,103.1
5260,01,2,mexiletine,Human,Female,8 hr,0,É M,Control,104.2,96.9
5260,02,1,mexiletine,Human,Female,24 hr,0,É M,Control,99.2,105.6
5260,02,2,mexiletine,Human,Female,24 hr,0,É M,Control,100.8,94.4
5260,03,1,mexiletine,Human,Female,8 hr,60,É M,Middle,107.3,94.5
5260,03,2,mexiletine,Human,Female,8 hr,60,É M,Middle,104.0,93.3
5260,04,1,mexiletine,Human,Female,24 hr,60,É M,Middle,94.5,120.0
5260,04,2,mexiletine,Human,Female,24 hr,60,É M,Middle,92.0,115.9
5260,05,1,mexiletine,Human,Female,8 hr,300,É M,High,100.8,83.4
5260,05,2,mexiletine,Human,Female,8 hr,300,É M,High,96.5,92.0
5260,06,1,mexiletine,Human,Female,24 hr,300,É M,High,92.5,69.7
5260,06,2,mexiletine,Human,Female,24 hr,300,É M,High,90.0,77.9
5261,01,1,acetazolamide,Human,Female,8 hr,0,É M,Control,99.5,97.1
5261,01,2,acetazolamide,Human,Female,8 hr,0,É M,Control,100.5,102.9
5261,02,1,acetazolamide,Human,Female,24 hr,0,É M,Control,98.5,97.5
5261,02,2,acetazolamide,Human,Female,24 hr,0,É M,Control,101.5,102.5
5261,03,1,acetazolamide,Human,Female,8 hr,120,É M,Middle,94.7,105.1
5261,03,2,acetazolamide,Human,Female,8 hr,120,É M,Middle,105.0,103.7
5261,04,1,acetazolamide,Human,Female,24 hr,120,É M,Middle,80.3,124.8
5261,04,2,acetazolamide,Human,Female,24 hr,120,É M,Middle,91.2,124.0
5261,05,1,acetazolamide,Human,Female,8 hr,600,É M,High,103.5,105.9
5261,05,2,acetazolamide,Human,Female,8 hr,600,É M,High,97.0,107.3
5261,06,1,acetazolamide,Human,Female,24 hr,600,É M,High,95.1,110.8
5261,06,2,acetazolamide,Human,Female,24 hr,600,É M,High,102.4,112.4
5262,01,1,disulfiram,Human,Female,8 hr,0,É M,Control,97.2,97.3
5262,01,2,disulfiram,Human,Female,8 hr,0,É M,Control,102.8,102.7
5262,02,1,disulfiram,Human,Female,24 hr,0,É M,Control,97.4,96.5
5262,02,2,disulfiram,Human,Female,24 hr,0,É M,Control,102.6,103.5
5262,03,1,disulfiram,Human,Female,8 hr,12,É M,Middle,97.6,98.6
5262,03,2,disulfiram,Human,Female,8 hr,12,É M,Middle,102.7,100.7
5262,04,1,disulfiram,Human,Female,24 hr,12,É M,Middle,97.8,97.4
5262,04,2,disulfiram,Human,Female,24 hr,12,É M,Middle,111.4,91.2
5262,05,1,disulfiram,Human,Female,8 hr,60,É M,High,105.5,97.3
5262,05,2,disulfiram,Human,Female,8 hr,60,É M,High,105.6,97.9
5262,06,1,disulfiram,Human,Female,24 hr,60,É M,High,96.2,104.4
5262,06,2,disulfiram,Human,Female,24 hr,60,É M,High,104.1,97.4
5263,01,1,colchicine,Human,Female,8 hr,0,É M,Control,98.2,97.9
5263,01,2,colchicine,Human,Female,8 hr,0,É M,Control,101.8,102.1
5263,02,1,colchicine,Human,Female,24 hr,0,É M,Control,94.1,97.2
5263,02,2,colchicine,Human,Female,24 hr,0,É M,Control,105.9,102.8
5263,03,1,colchicine,Human,Female,8 hr,800,É M,Middle,92.5,101.5
5263,03,2,colchicine,Human,Female,8 hr,800,É M,Middle,95.4,103.2
5263,04,1,colchicine,Human,Female,24 hr,800,É M,Middle,93.4,106.5
5263,04,2,colchicine,Human,Female,24 hr,800,É M,Middle,91.1,104.6
5263,05,1,colchicine,Human,Female,8 hr,4000,É M,High,86.8,103.8
5263,05,2,colchicine,Human,Female,8 hr,4000,É M,High,93.3,103.2
5263,06,1,colchicine,Human,Female,24 hr,4000,É M,High,83.6,103.7
5263,06,2,colchicine,Human,Female,24 hr,4000,É M,High,86.5,104.6
5264,01,1,tolbutamide,Human,Female,8 hr,0,É M,Control,96.3,97.5
5264,01,2,tolbutamide,Human,Female,8 hr,0,É M,Control,103.7,102.5
5264,02,1,tolbutamide,Human,Female,24 hr,0,É M,Control,99.9,94.0
5264,02,2,tolbutamide,Human,Female,24 hr,0,É M,Control,100.1,106.0
5264,03,1,tolbutamide,Human,Female,8 hr,400,É M,Middle,103.2,99.2
5264,03,2,tolbutamide,Human,Female,8 hr,400,É M,Middle,110.8,101.7
5264,04,1,tolbutamide,Human,Female,24 hr,400,É M,Middle,92.5,133.8
5264,04,2,tolbutamide,Human,Female,24 hr,400,É M,Middle,101.5,139.9
5264,05,1,tolbutamide,Human,Female,8 hr,2000,É M,High,105.7,104.2
5264,05,2,tolbutamide,Human,Female,8 hr,2000,É M,High,111.4,110.1
5264,06,1,tolbutamide,Human,Female,24 hr,2000,É M,High,101.2,138.7
5264,06,2,tolbutamide,Human,Female,24 hr,2000,É M,High,107.2,138.7
5265,01,1,acarbose,Human,Female,8 hr,0,É M,Control,97.9,98.4
5265,01,2,acarbose,Human,Female,8 hr,0,É M,Control,102.1,101.6
5265,02,1,acarbose,Human,Female,24 hr,0,É M,Control,99.7,94.4
5265,02,2,acarbose,Human,Female,24 hr,0,É M,Control,100.3,105.6
5265,03,1,acarbose,Human,Female,8 hr,2000,É M,Middle,102.4,98.4
5265,03,2,acarbose,Human,Female,8 hr,2000,É M,Middle,110.7,102.2
5265,04,1,acarbose,Human,Female,24 hr,2000,É M,Middle,97.0,88.7
5265,04,2,acarbose,Human,Female,24 hr,2000,É M,Middle,105.2,94.4
5265,05,1,acarbose,Human,Female,8 hr,10000,É M,High,91.9,104.8
5265,05,2,acarbose,Human,Female,8 hr,10000,É M,High,93.4,105.4
5265,06,1,acarbose,Human,Female,24 hr,10000,É M,High,76.6,103.8
5265,06,2,acarbose,Human,Female,24 hr,10000,É M,High,91.2,102.8
5266,01,1,simvastatin,Human,Female,8 hr,0,É M,Control,98.5,95.1
5266,01,2,simvastatin,Human,Female,8 hr,0,É M,Control,101.5,104.9
5266,02,1,simvastatin,Human,Female,24 hr,0,É M,Control,99.1,93.2
5266,02,2,simvastatin,Human,Female,24 hr,0,É M,Control,100.9,106.8
5266,03,1,simvastatin,Human,Female,8 hr,6,É M,Middle,98.8,101.3
5266,03,2,simvastatin,Human,Female,8 hr,6,É M,Middle,104.7,107.0
5266,04,1,simvastatin,Human,Female,24 hr,6,É M,Middle,105.5,108.3
5266,04,2,simvastatin,Human,Female,24 hr,6,É M,Middle,98.9,114.4
5266,05,1,simvastatin,Human,Female,8 hr,30,É M,High,104.5,99.7
5266,05,2,simvastatin,Human,Female,8 hr,30,É M,High,105.6,100.3
5266,06,1,simvastatin,Human,Female,24 hr,30,É M,High,100.3,98.5
5266,06,2,simvastatin,Human,Female,24 hr,30,É M,High,113.7,102.3
5267,01,1,meloxicam,Human,Female,8 hr,0,É M,Control,98.1,95.2
5267,01,2,meloxicam,Human,Female,8 hr,0,É M,Control,101.9,104.8
5267,02,1,meloxicam,Human,Female,24 hr,0,É M,Control,97.1,87.6
5267,02,2,meloxicam,Human,Female,24 hr,0,É M,Control,102.9,112.4
5267,03,1,meloxicam,Human,Female,8 hr,10,É M,Middle,102.3,107.6
5267,03,2,meloxicam,Human,Female,8 hr,10,É M,Middle,106.8,107.6
5267,04,1,meloxicam,Human,Female,24 hr,10,É M,Middle,101.3,94.7
5267,04,2,meloxicam,Human,Female,24 hr,10,É M,Middle,102.5,107.1
5267,05,1,meloxicam,Human,Female,8 hr,50,É M,High,100.2,96.3
5267,05,2,meloxicam,Human,Female,8 hr,50,É M,High,106.6,100.8
5267,06,1,meloxicam,Human,Female,24 hr,50,É M,High,106.0,97.3
5267,06,2,meloxicam,Human,Female,24 hr,50,É M,High,108.1,103.5
5268,01,1,chlormadinone,Human,Female,8 hr,0,É M,Control,96.1,95.0
5268,01,2,chlormadinone,Human,Female,8 hr,0,É M,Control,103.9,105.0
5268,02,1,chlormadinone,Human,Female,24 hr,0,É M,Control,100.6,92.5
5268,02,2,chlormadinone,Human,Female,24 hr,0,É M,Control,99.4,107.5
5268,03,1,chlormadinone,Human,Female,8 hr,8,É M,Middle,98.2,100.0
5268,03,2,chlormadinone,Human,Female,8 hr,8,É M,Middle,99.6,101.9
5268,04,1,chlormadinone,Human,Female,24 hr,8,É M,Middle,107.9,85.0
5268,04,2,chlormadinone,Human,Female,24 hr,8,É M,Middle,108.7,89.3
5268,05,1,chlormadinone,Human,Female,8 hr,40,É M,High,99.6,96.2
5268,05,2,chlormadinone,Human,Female,8 hr,40,É M,High,96.3,98.7
5268,06,1,chlormadinone,Human,Female,24 hr,40,É M,High,98.1,91.4
5268,06,2,chlormadinone,Human,Female,24 hr,40,É M,High,96.4,98.9
5269,01,1,benziodarone,Human,Female,8 hr,0,É M,Control,97.8,99.2
5269,01,2,benziodarone,Human,Female,8 hr,0,É M,Control,102.2,100.8
5269,02,1,benziodarone,Human,Female,24 hr,0,É M,Control,98.3,99.3
5269,02,2,benziodarone,Human,Female,24 hr,0,É M,Control,101.7,100.7
5269,03,1,benziodarone,Human,Female,8 hr,8,É M,Middle,96.8,96.3
5269,03,2,benziodarone,Human,Female,8 hr,8,É M,Middle,97.7,100.3
5269,04,1,benziodarone,Human,Female,24 hr,8,É M,Middle,101.6,106.0
5269,04,2,benziodarone,Human,Female,24 hr,8,É M,Middle,100.0,111.4
5269,05,1,benziodarone,Human,Female,8 hr,40,É M,High,97.8,103.1
5269,05,2,benziodarone,Human,Female,8 hr,40,É M,High,98.6,102.0
5269,06,1,benziodarone,Human,Female,24 hr,40,É M,High,102.1,124.8
5269,06,2,benziodarone,Human,Female,24 hr,40,É M,High,114.7,122.8
5270,01,1,ethionamide,Human,Female,8 hr,0,É M,Control,96.4,97.2
5270,01,2,ethionamide,Human,Female,8 hr,0,É M,Control,103.6,102.8
5270,02,1,ethionamide,Human,Female,24 hr,0,É M,Control,96.7,97.2
5270,02,2,ethionamide,Human,Female,24 hr,0,É M,Control,103.3,102.8
5270,03,1,ethionamide,Human,Female,8 hr,120,É M,Middle,102.2,103.8
5270,03,2,ethionamide,Human,Female,8 hr,120,É M,Middle,105.0,104.8
5270,04,1,ethionamide,Human,Female,24 hr,120,É M,Middle,93.3,106.3
5270,04,2,ethionamide,Human,Female,24 hr,120,É M,Middle,101.2,104.2
5270,05,1,ethionamide,Human,Female,8 hr,600,É M,High,94.6,106.8
5270,05,2,ethionamide,Human,Female,8 hr,600,É M,High,94.2,111.8
5270,06,1,ethionamide,Human,Female,24 hr,600,É M,High,93.5,114.8
5270,06,2,ethionamide,Human,Female,24 hr,600,É M,High,103.7,116.2
5271,01,1,nimesulide,Human,Female,8 hr,0,É M,Control,97.8,97.5
5271,01,2,nimesulide,Human,Female,8 hr,0,É M,Control,102.2,102.5
5271,02,1,nimesulide,Human,Female,24 hr,0,É M,Control,99.0,96.0
5271,02,2,nimesulide,Human,Female,24 hr,0,É M,Control,101.0,104.0
5271,03,1,nimesulide,Human,Female,8 hr,66,É M,Middle,100.2,107.9
5271,03,2,nimesulide,Human,Female,8 hr,66,É M,Middle,101.3,106.9
5271,04,1,nimesulide,Human,Female,24 hr,66,É M,Middle,79.3,149.8
5271,04,2,nimesulide,Human,Female,24 hr,66,É M,Middle,75.2,152.2
5271,05,1,nimesulide,Human,Female,8 hr,330,É M,High,96.4,107.4
5271,05,2,nimesulide,Human,Female,8 hr,330,É M,High,98.6,107.4
5271,06,1,nimesulide,Human,Female,24 hr,330,É M,High,85.6,101.6
5271,06,2,nimesulide,Human,Female,24 hr,330,É M,High,87.9,101.6
5272,01,1,ethanol,Human,Female,8 hr,0,É M,Control,100.6,95.0
5272,01,2,ethanol,Human,Female,8 hr,0,É M,Control,99.4,105.0
5272,02,1,ethanol,Human,Female,24 hr,0,É M,Control,97.3,97.3
5272,02,2,ethanol,Human,Female,24 hr,0,É M,Control,102.7,102.7
5272,03,1,ethanol,Human,Female,8 hr,2000,É M,Middle,100.0,102.3
5272,03,2,ethanol,Human,Female,8 hr,2000,É M,Middle,101.3,106.5
5272,04,1,ethanol,Human,Female,24 hr,2000,É M,Middle,93.4,108.8
5272,04,2,ethanol,Human,Female,24 hr,2000,É M,Middle,98.9,105.7
5272,05,1,ethanol,Human,Female,8 hr,10000,É M,High,96.0,101.3
5272,05,2,ethanol,Human,Female,8 hr,10000,É M,High,107.2,106.0
5272,06,1,ethanol,Human,Female,24 hr,10000,É M,High,100.4,100.4
5272,06,2,ethanol,Human,Female,24 hr,10000,É M,High,107.7,101.9
5273,01,1,phenacetin,Human,Female,8 hr,0,É M,Control,93.9,94.0
5273,01,2,phenacetin,Human,Female,8 hr,0,É M,Control,106.1,106.0
5273,02,1,phenacetin,Human,Female,24 hr,0,É M,Control,100.1,92.0
5273,02,2,phenacetin,Human,Female,24 hr,0,É M,Control,99.9,108.0
5273,03,1,phenacetin,Human,Female,8 hr,120,É M,Middle,95.5,104.9
5273,03,2,phenacetin,Human,Female,8 hr,120,É M,Middle,101.3,111.7
5273,04,1,phenacetin,Human,Female,24 hr,120,É M,Middle,97.4,111.5
5273,04,2,phenacetin,Human,Female,24 hr,120,É M,Middle,100.7,107.1
5273,05,1,phenacetin,Human,Female,8 hr,600,É M,High,86.1,106.6
5273,05,2,phenacetin,Human,Female,8 hr,600,É M,High,92.0,107.1
5273,06,1,phenacetin,Human,Female,24 hr,600,É M,High,90.6,100.9
5273,06,2,phenacetin,Human,Female,24 hr,600,É M,High,102.0,104.4
5274,01,1,bucetin,Human,Female,8 hr,0,É M,Control,95.1,100.0
5274,01,2,bucetin,Human,Female,8 hr,0,É M,Control,104.9,100.0
5274,02,1,bucetin,Human,Female,24 hr,0,É M,Control,98.2,99.0
5274,02,2,bucetin,Human,Female,24 hr,0,É M,Control,101.8,101.0
5274,03,1,bucetin,Human,Female,8 hr,60,É M,Middle,96.0,103.5
5274,03,2,bucetin,Human,Female,8 hr,60,É M,Middle,99.7,102.2
5274,04,1,bucetin,Human,Female,24 hr,60,É M,Middle,97.5,106.3
5274,04,2,bucetin,Human,Female,24 hr,60,É M,Middle,104.4,109.7
5274,05,1,bucetin,Human,Female,8 hr,300,É M,High,106.4,103.5
5274,05,2,bucetin,Human,Female,8 hr,300,É M,High,100.3,104.0
5274,06,1,bucetin,Human,Female,24 hr,300,É M,High,96.1,105.7
5274,06,2,bucetin,Human,Female,24 hr,300,É M,High,110.7,105.7
5275,01,1,acetamidofluorene,Human,Female,8 hr,0,É M,Control,100.8,95.5
5275,01,2,acetamidofluorene,Human,Female,8 hr,0,É M,Control,99.2,104.5
5275,02,1,acetamidofluorene,Human,Female,24 hr,0,É M,Control,95.1,101.5
5275,02,2,acetamidofluorene,Human,Female,24 hr,0,É M,Control,104.9,98.5
5275,03,1,acetamidofluorene,Human,Female,8 hr,10,É M,Middle,98.7,105.5
5275,03,2,acetamidofluorene,Human,Female,8 hr,10,É M,Middle,106.2,107.9
5275,04,1,acetamidofluorene,Human,Female,24 hr,10,É M,Middle,99.4,87.5
5275,04,2,acetamidofluorene,Human,Female,24 hr,10,É M,Middle,102.2,98.5
5275,05,1,acetamidofluorene,Human,Female,8 hr,50,É M,High,100.0,106.5
5275,05,2,acetamidofluorene,Human,Female,8 hr,50,É M,High,102.4,106.5
5275,06,1,acetamidofluorene,Human,Female,24 hr,50,É M,High,92.7,88.9
5275,06,2,acetamidofluorene,Human,Female,24 hr,50,É M,High,98.3,96.3
5276,01,1,nitrosodiethylamine,Human,Female,8 hr,0,É M,Control,101.6,95.7
5276,01,2,nitrosodiethylamine,Human,Female,8 hr,0,É M,Control,98.4,104.3
5276,02,1,nitrosodiethylamine,Human,Female,24 hr,0,É M,Control,99.3,93.5
5276,02,2,nitrosodiethylamine,Human,Female,24 hr,0,É M,Control,100.7,106.5
5276,03,1,nitrosodiethylamine,Human,Female,8 hr,2000,É M,Middle,107.1,101.4
5276,03,2,nitrosodiethylamine,Human,Female,8 hr,2000,É M,Middle,113.6,104.7
5276,04,1,nitrosodiethylamine,Human,Female,24 hr,2000,É M,Middle,107.8,97.7
5276,04,2,nitrosodiethylamine,Human,Female,24 hr,2000,É M,Middle,110.0,103.4
5276,05,1,nitrosodiethylamine,Human,Female,8 hr,10000,É M,High,96.2,115.2
5276,05,2,nitrosodiethylamine,Human,Female,8 hr,10000,É M,High,97.0,116.4
5276,06,1,nitrosodiethylamine,Human,Female,24 hr,10000,É M,High,94.4,136.5
5276,06,2,nitrosodiethylamine,Human,Female,24 hr,10000,É M,High,105.9,146.3
5277,01,1,ticlopidine,Human,Female,8 hr,0,É M,Control,97.3,97.6
5277,01,2,ticlopidine,Human,Female,8 hr,0,É M,Control,102.7,102.4
5277,02,1,ticlopidine,Human,Female,24 hr,0,É M,Control,97.0,96.4
5277,02,2,ticlopidine,Human,Female,24 hr,0,É M,Control,103.0,103.6
5277,03,1,ticlopidine,Human,Female,8 hr,4,É M,Middle,106.1,99.6
5277,03,2,ticlopidine,Human,Female,8 hr,4,É M,Middle,110.8,100.4
5277,04,1,ticlopidine,Human,Female,24 hr,4,É M,Middle,103.0,97.3
5277,04,2,ticlopidine,Human,Female,24 hr,4,É M,Middle,108.7,110.9
5277,05,1,ticlopidine,Human,Female,8 hr,20,É M,High,106.1,99.3
5277,05,2,ticlopidine,Human,Female,8 hr,20,É M,High,109.6,101.0
5277,06,1,ticlopidine,Human,Female,24 hr,20,É M,High,101.5,95.5
5277,06,2,ticlopidine,Human,Female,24 hr,20,É M,High,118.4,99.1
5278,01,1,tiopronin,Human,Female,8 hr,0,É M,Control,100.6,102.9
5278,01,2,tiopronin,Human,Female,8 hr,0,É M,Control,99.4,97.1
5278,02,1,tiopronin,Human,Female,24 hr,0,É M,Control,96.3,102.5
5278,02,2,tiopronin,Human,Female,24 hr,0,É M,Control,103.7,97.5
5278,03,1,tiopronin,Human,Female,8 hr,400,É M,Middle,99.6,97.1
5278,03,2,tiopronin,Human,Female,8 hr,400,É M,Middle,106.2,91.4
5278,04,1,tiopronin,Human,Female,24 hr,400,É M,Middle,99.5,101.2
5278,04,2,tiopronin,Human,Female,24 hr,400,É M,Middle,98.3,97.5
5278,05,1,tiopronin,Human,Female,8 hr,2000,É M,High,96.9,102.9
5278,05,2,tiopronin,Human,Female,8 hr,2000,É M,High,100.1,93.3
5278,06,1,tiopronin,Human,Female,24 hr,2000,É M,High,85.9,102.5
5278,06,2,tiopronin,Human,Female,24 hr,2000,É M,High,97.0,97.5
5279,01,1,promethazine,Human,Female,8 hr,0,É M,Control,91.7,99.4
5279,01,2,promethazine,Human,Female,8 hr,0,É M,Control,108.3,100.6
5279,02,1,promethazine,Human,Female,24 hr,0,É M,Control,103.4,97.5
5279,02,2,promethazine,Human,Female,24 hr,0,É M,Control,96.6,102.5
5279,03,1,promethazine,Human,Female,8 hr,7,É M,Middle,101.8,105.8
5279,03,2,promethazine,Human,Female,8 hr,7,É M,Middle,106.9,104.5
5279,04,1,promethazine,Human,Female,24 hr,7,É M,Middle,98.4,103.7
5279,04,2,promethazine,Human,Female,24 hr,7,É M,Middle,102.6,97.5
5279,05,1,promethazine,Human,Female,8 hr,35,É M,High,101.3,95.5
5279,05,2,promethazine,Human,Female,8 hr,35,É M,High,97.1,99.4
5279,06,1,promethazine,Human,Female,24 hr,35,É M,High,74.3,53.4
5279,06,2,promethazine,Human,Female,24 hr,35,É M,High,78.7,54.6
5280,01,1,sulpiride,Human,Female,8 hr,0,É M,Control,96.8,99.3
5280,01,2,sulpiride,Human,Female,8 hr,0,É M,Control,103.2,100.7
5280,02,1,sulpiride,Human,Female,24 hr,0,É M,Control,94.4,98.3
5280,02,2,sulpiride,Human,Female,24 hr,0,É M,Control,105.6,101.7
5280,03,1,sulpiride,Human,Female,8 hr,1000,É M,Middle,98.1,104.3
5280,03,2,sulpiride,Human,Female,8 hr,1000,É M,Middle,103.7,102.9
5280,04,1,sulpiride,Human,Female,24 hr,1000,É M,Middle,105.8,97.3
5280,04,2,sulpiride,Human,Female,24 hr,1000,É M,Middle,109.1,101.7
5280,05,1,sulpiride,Human,Female,8 hr,5000,É M,High,97.6,104.7
5280,05,2,sulpiride,Human,Female,8 hr,5000,É M,High,99.9,102.5
5280,06,1,sulpiride,Human,Female,24 hr,5000,É M,High,89.6,103.2
5280,06,2,sulpiride,Human,Female,24 hr,5000,É M,High,96.1,97.8
5281,01,1,dantrolene,Human,Female,8 hr,0,É M,Control,104.8,95.4
5281,01,2,dantrolene,Human,Female,8 hr,0,É M,Control,95.2,104.6
5281,02,1,dantrolene,Human,Female,24 hr,0,É M,Control,97.4,98.6
5281,02,2,dantrolene,Human,Female,24 hr,0,É M,Control,102.6,101.4
5281,03,1,dantrolene,Human,Female,8 hr,2,É M,Middle,106.8,100.4
5281,03,2,dantrolene,Human,Female,8 hr,2,É M,Middle,114.2,98.8
5281,04,1,dantrolene,Human,Female,24 hr,2,É M,Middle,101.0,100.8
5281,04,2,dantrolene,Human,Female,24 hr,2,É M,Middle,120.0,89.2
5281,05,1,dantrolene,Human,Female,8 hr,10,É M,High,99.4,105.0
5281,05,2,dantrolene,Human,Female,8 hr,10,É M,High,107.2,102.1
5281,06,1,dantrolene,Human,Female,24 hr,10,É M,High,96.0,103.1
5281,06,2,dantrolene,Human,Female,24 hr,10,É M,High,112.9,87.5
5282,01,1,clomipramine,Human,Female,8 hr,0,É M,Control,95.5,99.4
5282,01,2,clomipramine,Human,Female,8 hr,0,É M,Control,104.5,100.6
5282,02,1,clomipramine,Human,Female,24 hr,0,É M,Control,91.7,96.3
5282,02,2,clomipramine,Human,Female,24 hr,0,É M,Control,108.3,103.7
5282,03,1,clomipramine,Human,Female,8 hr,2,É M,Middle,103.3,92.7
5282,03,2,clomipramine,Human,Female,8 hr,2,É M,Middle,102.7,94.3
5282,04,1,clomipramine,Human,Female,24 hr,2,É M,Middle,99.4,96.3
5282,04,2,clomipramine,Human,Female,24 hr,2,É M,Middle,114.2,90.9
5282,05,1,clomipramine,Human,Female,8 hr,10,É M,High,96.6,92.4
5282,05,2,clomipramine,Human,Female,8 hr,10,É M,High,104.8,89.8
5282,06,1,clomipramine,Human,Female,24 hr,10,É M,High,100.0,97.8
5282,06,2,clomipramine,Human,Female,24 hr,10,É M,High,116.1,92.3
5283,01,1,terbinafine,Human,Female,8 hr,0,É M,Control,99.4,101.7
5283,01,2,terbinafine,Human,Female,8 hr,0,É M,Control,100.6,98.3
5283,02,1,terbinafine,Human,Female,24 hr,0,É M,Control,97.7,108.3
5283,02,2,terbinafine,Human,Female,24 hr,0,É M,Control,102.3,91.7
5283,03,1,terbinafine,Human,Female,8 hr,3,É M,Middle,95.1,91.7
5283,03,2,terbinafine,Human,Female,8 hr,3,É M,Middle,102.2,98.3
5283,04,1,terbinafine,Human,Female,24 hr,3,É M,Middle,99.8,104.1
5283,04,2,terbinafine,Human,Female,24 hr,3,É M,Middle,104.8,95.9
5283,05,1,terbinafine,Human,Female,8 hr,15,É M,High,99.9,95.0
5283,05,2,terbinafine,Human,Female,8 hr,15,É M,High,97.8,95.0
5283,06,1,terbinafine,Human,Female,24 hr,15,É M,High,100.2,62.7
5283,06,2,terbinafine,Human,Female,24 hr,15,É M,High,105.5,116.6
5284,01,1,lornoxicam,Human,Female,8 hr,0,É M,Control,100.8,95.7
5284,01,2,lornoxicam,Human,Female,8 hr,0,É M,Control,99.2,104.3
5284,02,1,lornoxicam,Human,Female,24 hr,0,É M,Control,99.4,89.7
5284,02,2,lornoxicam,Human,Female,24 hr,0,É M,Control,100.6,110.3
5284,03,1,lornoxicam,Human,Female,8 hr,3,É M,Middle,97.9,104.3
5284,03,2,lornoxicam,Human,Female,8 hr,3,É M,Middle,106.9,102.6
5284,04,1,lornoxicam,Human,Female,24 hr,3,É M,Middle,102.6,101.5
5284,04,2,lornoxicam,Human,Female,24 hr,3,É M,Middle,111.6,95.6
5284,05,1,lornoxicam,Human,Female,8 hr,15,É M,High,98.7,109.5
5284,05,2,lornoxicam,Human,Female,8 hr,15,É M,High,98.1,109.5
5284,06,1,lornoxicam,Human,Female,24 hr,15,É M,High,106.2,116.2
5284,06,2,lornoxicam,Human,Female,24 hr,15,É M,High,107.5,104.4
5285,01,1,danazol,Human,Female,8 hr,0,É M,Control,99.1,95.3
5285,01,2,danazol,Human,Female,8 hr,0,É M,Control,100.9,104.7
5285,02,1,danazol,Human,Female,24 hr,0,É M,Control,101.8,91.0
5285,02,2,danazol,Human,Female,24 hr,0,É M,Control,98.2,109.0
5285,03,1,danazol,Human,Female,8 hr,7,É M,Middle,103.1,102.4
5285,03,2,danazol,Human,Female,8 hr,7,É M,Middle,104.8,114.2
5285,04,1,danazol,Human,Female,24 hr,7,É M,Middle,101.2,109.0
5285,04,2,danazol,Human,Female,24 hr,7,É M,Middle,98.8,103.0
5285,05,1,danazol,Human,Female,8 hr,35,É M,High,96.7,90.5
5285,05,2,danazol,Human,Female,8 hr,35,É M,High,102.3,97.6
5285,06,1,danazol,Human,Female,24 hr,35,É M,High,96.7,115.0
5285,06,2,danazol,Human,Female,24 hr,35,É M,High,97.0,121.1
5286,01,1,etoposide,Human,Female,8 hr,0,É M,Control,99.3,97.8
5286,01,2,etoposide,Human,Female,8 hr,0,É M,Control,100.7,102.2
5286,02,1,etoposide,Human,Female,24 hr,0,É M,Control,97.3,100.0
5286,02,2,etoposide,Human,Female,24 hr,0,É M,Control,102.7,100.0
5286,03,1,etoposide,Human,Female,8 hr,66,É M,Middle,102.7,122.3
5286,03,2,etoposide,Human,Female,8 hr,66,É M,Middle,101.7,108.9
5286,04,1,etoposide,Human,Female,24 hr,66,É M,Middle,94.9,108.7
5286,04,2,etoposide,Human,Female,24 hr,66,É M,Middle,98.6,104.3
5286,05,1,etoposide,Human,Female,8 hr,330,É M,High,108.5,111.2
5286,05,2,etoposide,Human,Female,8 hr,330,É M,High,100.4,115.6
5286,06,1,etoposide,Human,Female,24 hr,330,É M,High,96.2,108.7
5286,06,2,etoposide,Human,Female,24 hr,330,É M,High,98.9,104.3
5287,01,1,phenylanthranilic acid,Human,Female,8 hr,0,É M,Control,103.6,95.5
5287,01,2,phenylanthranilic acid,Human,Female,8 hr,0,É M,Control,96.4,104.5
5287,02,1,phenylanthranilic acid,Human,Female,24 hr,0,É M,Control,94.9,108.2
5287,02,2,phenylanthranilic acid,Human,Female,24 hr,0,É M,Control,105.1,91.8
5287,03,1,phenylanthranilic acid,Human,Female,8 hr,40,É M,Middle,100.3,108.1
5287,03,2,phenylanthranilic acid,Human,Female,8 hr,40,É M,Middle,100.7,106.3
5287,04,1,phenylanthranilic acid,Human,Female,24 hr,40,É M,Middle,105.0,101.6
5287,04,2,phenylanthranilic acid,Human,Female,24 hr,40,É M,Middle,105.1,98.4
5287,05,1,phenylanthranilic acid,Human,Female,8 hr,200,É M,High,99.7,111.7
5287,05,2,phenylanthranilic acid,Human,Female,8 hr,200,É M,High,98.3,104.5
5287,06,1,phenylanthranilic acid,Human,Female,24 hr,200,É M,High,98.3,114.8
5287,06,2,phenylanthranilic acid,Human,Female,24 hr,200,É M,High,97.4,104.9
5288,01,1,ajmaline,Human,Female,8 hr,0,É M,Control,98.8,98.8
5288,01,2,ajmaline,Human,Female,8 hr,0,É M,Control,101.2,101.3
5288,02,1,ajmaline,Human,Female,24 hr,0,É M,Control,99.2,115.0
5288,02,2,ajmaline,Human,Female,24 hr,0,É M,Control,100.8,85.0
5288,03,1,ajmaline,Human,Female,8 hr,60,É M,Middle,96.1,116.3
5288,03,2,ajmaline,Human,Female,8 hr,60,É M,Middle,99.9,101.3
5288,04,1,ajmaline,Human,Female,24 hr,60,É M,Middle,101.6,103.7
5288,04,2,ajmaline,Human,Female,24 hr,60,É M,Middle,104.5,85.0
5288,05,1,ajmaline,Human,Female,8 hr,300,É M,High,93.3,101.3
5288,05,2,ajmaline,Human,Female,8 hr,300,É M,High,98.1,106.3
5288,06,1,ajmaline,Human,Female,24 hr,300,É M,High,95.5,70.1
5288,06,2,ajmaline,Human,Female,24 hr,300,É M,High,101.3,58.9
5295,01,1,alpidem,Rat,Male,24 hr,0,É M,Control,,100.1
5295,01,2,alpidem,Rat,Male,24 hr,0,É M,Control,,99.9
5295,03,1,alpidem,Rat,Male,24 hr,10,É M,Low,,100.2
5295,03,2,alpidem,Rat,Male,24 hr,10,É M,Low,,100.7
5296,01,1,venlafaxine,Rat,Male,24 hr,0,É M,Control,,99.5
5296,01,2,venlafaxine,Rat,Male,24 hr,0,É M,Control,,100.5
5296,03,1,venlafaxine,Rat,Male,24 hr,1200,É M,Low,,94.1
5296,03,2,venlafaxine,Rat,Male,24 hr,1200,É M,Low,,94.9
5297,01,1,buspirone,Rat,Male,24 hr,0,É M,Control,,99.8
5297,01,2,buspirone,Rat,Male,24 hr,0,É M,Control,,100.2
5297,03,1,buspirone,Rat,Male,24 hr,70,É M,Low,,100.9
5297,03,2,buspirone,Rat,Male,24 hr,70,É M,Low,,101.5
5298,01,1,clozapine,Rat,Male,24 hr,0,É M,Control,,100.0
5298,01,2,clozapine,Rat,Male,24 hr,0,É M,Control,,100.0
5298,03,1,clozapine,Rat,Male,24 hr,120,É M,Low,,45.4
5298,03,2,clozapine,Rat,Male,24 hr,120,É M,Low,,38.8
5299,01,1,nefazodone,Rat,Male,24 hr,0,É g/kg,Control,,99.9
5299,01,2,nefazodone,Rat,Male,24 hr,0,É g/kg,Control,,100.1
5299,03,1,nefazodone,Rat,Male,24 hr,70,É g/kg,Low,,96.1
5299,03,2,nefazodone,Rat,Male,24 hr,70,É g/kg,Low,,97.8
5314,01,1,alpidem,Human,Male,24 hr,0,É M,Control,,100.4
5314,01,2,alpidem,Human,Male,24 hr,0,É M,Control,,99.6
5314,02,1,alpidem,Human,Male,24 hr,3,É M,Middle,,101.2
5314,02,2,alpidem,Human,Male,24 hr,3,É M,Middle,,99.6
5314,03,1,alpidem,Human,Male,24 hr,10,É M,High,,100.8
5314,03,2,alpidem,Human,Male,24 hr,10,É M,High,,99.2
5315,01,1,venlafaxine,Human,Male,24 hr,0,É M,Control,,98.1
5315,01,2,venlafaxine,Human,Male,24 hr,0,É M,Control,,101.9
5315,02,1,venlafaxine,Human,Male,24 hr,240,É M,Middle,,101.0
5315,02,2,venlafaxine,Human,Male,24 hr,240,É M,Middle,,101.4
5315,03,1,venlafaxine,Human,Male,24 hr,1200,É M,High,,77.5
5315,03,2,venlafaxine,Human,Male,24 hr,1200,É M,High,,78.5
5317,01,1,clozapine,Human,Male,24 hr,0,É M,Control,,96.6
5317,01,2,clozapine,Human,Male,24 hr,0,É M,Control,,103.4
5317,02,1,clozapine,Human,Male,24 hr,10,É M,Middle,,104.3
5317,02,2,clozapine,Human,Male,24 hr,10,É M,Middle,,103.4
5317,03,1,clozapine,Human,Male,24 hr,50,É M,High,,98.9
5317,03,2,clozapine,Human,Male,24 hr,50,É M,High,,94.8
5319,01,1,buspirone,Human,Male,24 hr,0,É M,Control,,97.9
5319,01,2,buspirone,Human,Male,24 hr,0,É M,Control,,102.1
5319,02,1,buspirone,Human,Male,24 hr,6,É M,Middle,,105.2
5319,02,2,buspirone,Human,Male,24 hr,6,É M,Middle,,105.7
5319,03,1,buspirone,Human,Male,24 hr,30,É M,High,,104.1
5319,03,2,buspirone,Human,Male,24 hr,30,É M,High,,104.1
5320,01,1,nefazodone,Human,Male,24 hr,0,É M,Control,,96.3
5320,01,2,nefazodone,Human,Male,24 hr,0,É M,Control,,103.7
5320,02,1,nefazodone,Human,Male,24 hr,6,É M,Middle,,105.8
5320,02,2,nefazodone,Human,Male,24 hr,6,É M,Middle,,104.8
5320,03,1,nefazodone,Human,Male,24 hr,30,É M,High,,94.2
5320,03,2,nefazodone,Human,Male,24 hr,30,É M,High,,94.7
5321,01,1,triazolam,Human,Male,8 hr,0,É M,Control,,99.5
5321,01,2,triazolam,Human,Male,8 hr,0,É M,Control,,100.5
5321,02,1,triazolam,Human,Male,24 hr,0,É M,Control,,100.4
5321,02,2,triazolam,Human,Male,24 hr,0,É M,Control,,99.6
5321,03,1,triazolam,Human,Male,8 hr,0,É M,Low,,101.7
5321,03,2,triazolam,Human,Male,8 hr,0,É M,Low,,101.1
5321,04,1,triazolam,Human,Male,24 hr,0,É M,Low,,99.3
5321,04,2,triazolam,Human,Male,24 hr,0,É M,Low,,99.3
5321,05,1,triazolam,Human,Male,8 hr,2,É M,Middle,,101.7
5321,05,2,triazolam,Human,Male,8 hr,2,É M,Middle,,101.7
5321,06,1,triazolam,Human,Male,24 hr,2,É M,Middle,,99.9
5321,06,2,triazolam,Human,Male,24 hr,2,É M,Middle,,100.4
5321,07,1,triazolam,Human,Male,8 hr,10,É M,High,,101.7
5321,07,2,triazolam,Human,Male,8 hr,10,É M,High,,102.9
5321,08,1,triazolam,Human,Male,24 hr,10,É M,High,,100.1
5321,08,2,triazolam,Human,Male,24 hr,10,É M,High,,100.7
5322,01,1,trimethadione,Human,Male,8 hr,0,É M,Control,,96.6
5322,01,2,trimethadione,Human,Male,8 hr,0,É M,Control,,103.4
5322,02,1,trimethadione,Human,Male,24 hr,0,É M,Control,,96.6
5322,02,2,trimethadione,Human,Male,24 hr,0,É M,Control,,103.4
5322,03,1,trimethadione,Human,Male,8 hr,400,É M,Low,,103.7
5322,03,2,trimethadione,Human,Male,8 hr,400,É M,Low,,103.7
5322,04,1,trimethadione,Human,Male,24 hr,400,É M,Low,,104.3
5322,04,2,trimethadione,Human,Male,24 hr,400,É M,Low,,104.6
5322,05,1,trimethadione,Human,Male,8 hr,2000,É M,Middle,,103.4
5322,05,2,trimethadione,Human,Male,8 hr,2000,É M,Middle,,103.7
5322,06,1,trimethadione,Human,Male,24 hr,2000,É M,Middle,,104.8
5322,06,2,trimethadione,Human,Male,24 hr,2000,É M,Middle,,104.8
5322,07,1,trimethadione,Human,Male,8 hr,10000,É M,High,,104.0
5322,07,2,trimethadione,Human,Male,8 hr,10000,É M,High,,104.0
5322,08,1,trimethadione,Human,Male,24 hr,10000,É M,High,,104.8
5322,08,2,trimethadione,Human,Male,24 hr,10000,É M,High,,104.6
5323,01,1,bromoethylamine,Human,Male,8 hr,0,É M,Control,,96.1
5323,01,2,bromoethylamine,Human,Male,8 hr,0,É M,Control,,103.9
5323,02,1,bromoethylamine,Human,Male,24 hr,0,É M,Control,,97.1
5323,02,2,bromoethylamine,Human,Male,24 hr,0,É M,Control,,102.9
5323,03,1,bromoethylamine,Human,Male,8 hr,20,É M,Low,,103.1
5323,03,2,bromoethylamine,Human,Male,8 hr,20,É M,Low,,103.9
5323,04,1,bromoethylamine,Human,Male,24 hr,20,É M,Low,,103.8
5323,04,2,bromoethylamine,Human,Male,24 hr,20,É M,Low,,104.1
5323,05,1,bromoethylamine,Human,Male,8 hr,100,É M,Middle,,103.9
5323,05,2,bromoethylamine,Human,Male,8 hr,100,É M,Middle,,105.1
5323,06,1,bromoethylamine,Human,Male,24 hr,100,É M,Middle,,103.8
5323,06,2,bromoethylamine,Human,Male,24 hr,100,É M,Middle,,104.1
5323,07,1,bromoethylamine,Human,Male,8 hr,500,É M,High,,102.7
5323,07,2,bromoethylamine,Human,Male,8 hr,500,É M,High,,103.5
5323,08,1,bromoethylamine,Human,Male,24 hr,500,É M,High,,95.3
5323,08,2,bromoethylamine,Human,Male,24 hr,500,É M,High,,97.1
5324,01,1,cyclosporine A,Human,Male,8 hr,0,É M,Control,,97.4
5324,01,2,cyclosporine A,Human,Male,8 hr,0,É M,Control,,102.6
5324,02,1,cyclosporine A,Human,Male,24 hr,0,É M,Control,,97.2
5324,02,2,cyclosporine A,Human,Male,24 hr,0,É M,Control,,102.8
5324,03,1,cyclosporine A,Human,Male,8 hr,0,É M,Low,,101.7
5324,03,2,cyclosporine A,Human,Male,8 hr,0,É M,Low,,101.7
5324,04,1,cyclosporine A,Human,Male,24 hr,0,É M,Low,,103.6
5324,04,2,cyclosporine A,Human,Male,24 hr,0,É M,Low,,99.0
5324,05,1,cyclosporine A,Human,Male,8 hr,1,É M,Middle,,102.0
5324,05,2,cyclosporine A,Human,Male,8 hr,1,É M,Middle,,100.8
5324,06,1,cyclosporine A,Human,Male,24 hr,1,É M,Middle,,102.3
5324,06,2,cyclosporine A,Human,Male,24 hr,1,É M,Middle,,101.5
5324,07,1,cyclosporine A,Human,Male,8 hr,6,É M,High,,101.1
5324,07,2,cyclosporine A,Human,Male,8 hr,6,É M,High,,100.5
5324,08,1,cyclosporine A,Human,Male,24 hr,6,É M,High,,100.3
5324,08,2,cyclosporine A,Human,Male,24 hr,6,É M,High,,100.5
5325,01,1,doxorubicin,Human,Male,8 hr,0,É M,Control,,93.8
5325,01,2,doxorubicin,Human,Male,8 hr,0,É M,Control,,106.2
5325,02,1,doxorubicin,Human,Male,24 hr,0,É M,Control,,95.1
5325,02,2,doxorubicin,Human,Male,24 hr,0,É M,Control,,104.9
5325,03,1,doxorubicin,Human,Male,8 hr,0,É M,Low,,106.6
5325,03,2,doxorubicin,Human,Male,8 hr,0,É M,Low,,107.1
5325,04,1,doxorubicin,Human,Male,24 hr,0,É M,Low,,104.5
5325,04,2,doxorubicin,Human,Male,24 hr,0,É M,Low,,104.5
5325,05,1,doxorubicin,Human,Male,8 hr,2,É M,Middle,,107.1
5325,05,2,doxorubicin,Human,Male,8 hr,2,É M,Middle,,107.1
5325,06,1,doxorubicin,Human,Male,24 hr,2,É M,Middle,,103.0
5325,06,2,doxorubicin,Human,Male,24 hr,2,É M,Middle,,102.2
5325,07,1,doxorubicin,Human,Male,8 hr,10,É M,High,,108.0
5325,07,2,doxorubicin,Human,Male,8 hr,10,É M,High,,108.0
5325,08,1,doxorubicin,Human,Male,24 hr,10,É M,High,,101.9
5325,08,2,doxorubicin,Human,Male,24 hr,10,É M,High,,103.0
5326,01,1,cycloheximide,Human,Male,8 hr,0,É M,Control,,99.7
5326,01,2,cycloheximide,Human,Male,8 hr,0,É M,Control,,100.3
5326,02,1,cycloheximide,Human,Male,24 hr,0,É M,Control,,98.6
5326,02,2,cycloheximide,Human,Male,24 hr,0,É M,Control,,101.4
5326,03,1,cycloheximide,Human,Male,8 hr,4,É M,Low,,100.9
5326,03,2,cycloheximide,Human,Male,8 hr,4,É M,Low,,97.8
5326,04,1,cycloheximide,Human,Male,24 hr,4,É M,Low,,98.6
5326,04,2,cycloheximide,Human,Male,24 hr,4,É M,Low,,97.7
5326,05,1,cycloheximide,Human,Male,8 hr,20,É M,Middle,,100.9
5326,05,2,cycloheximide,Human,Male,8 hr,20,É M,Middle,,100.3
5326,06,1,cycloheximide,Human,Male,24 hr,20,É M,Middle,,96.7
5326,06,2,cycloheximide,Human,Male,24 hr,20,É M,Middle,,97.2
5326,07,1,cycloheximide,Human,Male,8 hr,100,É M,High,,100.9
5326,07,2,cycloheximide,Human,Male,8 hr,100,É M,High,,100.3
5326,08,1,cycloheximide,Human,Male,24 hr,100,É M,High,,95.8
5326,08,2,cycloheximide,Human,Male,24 hr,100,É M,High,,94.4
5327,01,1,phorone,Human,Male,8 hr,0,É M,Control,,98.4
5327,01,2,phorone,Human,Male,8 hr,0,É M,Control,,101.6
5327,02,1,phorone,Human,Male,24 hr,0,É M,Control,,99.1
5327,02,2,phorone,Human,Male,24 hr,0,É M,Control,,100.9
5327,03,1,phorone,Human,Male,8 hr,200,É M,Low,,99.7
5327,03,2,phorone,Human,Male,8 hr,200,É M,Low,,100.9
5327,04,1,phorone,Human,Male,24 hr,200,É M,Low,,101.6
5327,04,2,phorone,Human,Male,24 hr,200,É M,Low,,101.9
5327,05,1,phorone,Human,Male,8 hr,1000,É M,Middle,,96.6
5327,05,2,phorone,Human,Male,8 hr,1000,É M,Middle,,97.8
5327,06,1,phorone,Human,Male,24 hr,1000,É M,Middle,,102.9
5327,06,2,phorone,Human,Male,24 hr,1000,É M,Middle,,102.6
5327,07,1,phorone,Human,Male,8 hr,5000,É M,High,,55.8
5327,07,2,phorone,Human,Male,8 hr,5000,É M,High,,-6.3
5327,08,1,phorone,Human,Male,24 hr,5000,É M,High,,34.9
5327,08,2,phorone,Human,Male,24 hr,5000,É M,High,,35.2
5328,01,1,bendazac,Human,Male,8 hr,0,É M,Control,,98.4
5328,01,2,bendazac,Human,Male,8 hr,0,É M,Control,,101.6
5328,02,1,bendazac,Human,Male,24 hr,0,É M,Control,,97.5
5328,02,2,bendazac,Human,Male,24 hr,0,É M,Control,,102.5
5328,03,1,bendazac,Human,Male,8 hr,8,É M,Low,,100.2
5328,03,2,bendazac,Human,Male,8 hr,8,É M,Low,,101.1
5328,04,1,bendazac,Human,Male,24 hr,8,É M,Low,,103.2
5328,04,2,bendazac,Human,Male,24 hr,8,É M,Low,,104.0
5328,05,1,bendazac,Human,Male,8 hr,40,É M,Middle,,100.2
5328,05,2,bendazac,Human,Male,8 hr,40,É M,Middle,,99.3
5328,06,1,bendazac,Human,Male,24 hr,40,É M,Middle,,104.0
5328,06,2,bendazac,Human,Male,24 hr,40,É M,Middle,,103.6
5328,07,1,bendazac,Human,Male,8 hr,200,É M,High,,99.8
5328,07,2,bendazac,Human,Male,8 hr,200,É M,High,,100.2
5328,08,1,bendazac,Human,Male,24 hr,200,É M,High,,100.9
5328,08,2,bendazac,Human,Male,24 hr,200,É M,High,,101.7
5329,01,1,tunicamycin,Human,Male,8 hr,0,É g/mL,Control,,98.8
5329,01,2,tunicamycin,Human,Male,8 hr,0,É g/mL,Control,,101.2
5329,02,1,tunicamycin,Human,Male,24 hr,0,É g/mL,Control,,97.8
5329,02,2,tunicamycin,Human,Male,24 hr,0,É g/mL,Control,,102.2
5329,03,1,tunicamycin,Human,Male,8 hr,0,É g/mL,Low,,100.7
5329,03,2,tunicamycin,Human,Male,8 hr,0,É g/mL,Low,,100.2
5329,04,1,tunicamycin,Human,Male,24 hr,0,É g/mL,Low,,104.3
5329,04,2,tunicamycin,Human,Male,24 hr,0,É g/mL,Low,,101.7
5329,05,1,tunicamycin,Human,Male,8 hr,2,É g/mL,Middle,,101.2
5329,05,2,tunicamycin,Human,Male,8 hr,2,É g/mL,Middle,,100.7
5329,06,1,tunicamycin,Human,Male,24 hr,2,É g/mL,Middle,,103.4
5329,06,2,tunicamycin,Human,Male,24 hr,2,É g/mL,Middle,,102.6
5329,07,1,tunicamycin,Human,Male,8 hr,10,É g/mL,High,,98.8
5329,07,2,tunicamycin,Human,Male,8 hr,10,É g/mL,High,,95.9
5329,08,1,tunicamycin,Human,Male,24 hr,10,É g/mL,High,,98.3
5329,08,2,tunicamycin,Human,Male,24 hr,10,É g/mL,High,,97.4
5330,01,1,buthionine sulfoximine,Human,Male,8 hr,0,É M,Control,,98.5
5330,01,2,buthionine sulfoximine,Human,Male,8 hr,0,É M,Control,,101.5
5330,02,1,buthionine sulfoximine,Human,Male,24 hr,0,É M,Control,,99.1
5330,02,2,buthionine sulfoximine,Human,Male,24 hr,0,É M,Control,,100.9
5330,03,1,buthionine sulfoximine,Human,Male,8 hr,400,É M,Low,,102.5
5330,03,2,buthionine sulfoximine,Human,Male,8 hr,400,É M,Low,,101.0
5330,04,1,buthionine sulfoximine,Human,Male,24 hr,400,É M,Low,,100.4
5330,04,2,buthionine sulfoximine,Human,Male,24 hr,400,É M,Low,,101.8
5330,05,1,buthionine sulfoximine,Human,Male,8 hr,2000,É M,Middle,,101.0
5330,05,2,buthionine sulfoximine,Human,Male,8 hr,2000,É M,Middle,,101.5
5330,06,1,buthionine sulfoximine,Human,Male,24 hr,2000,É M,Middle,,99.1
5330,06,2,buthionine sulfoximine,Human,Male,24 hr,2000,É M,Middle,,100.4
5330,07,1,buthionine sulfoximine,Human,Male,8 hr,10000,É M,High,,101.0
5330,07,2,buthionine sulfoximine,Human,Male,8 hr,10000,É M,High,,101.0
5330,08,1,buthionine sulfoximine,Human,Male,24 hr,10000,É M,High,,99.1
5330,08,2,buthionine sulfoximine,Human,Male,24 hr,10000,É M,High,,100.0
5331,01,1,diethyl maleate,Human,Male,8 hr,0,É M,Control,,100.0
5331,01,2,diethyl maleate,Human,Male,8 hr,0,É M,Control,,100.0
5331,02,1,diethyl maleate,Human,Male,24 hr,0,É M,Control,,99.3
5331,02,2,diethyl maleate,Human,Male,24 hr,0,É M,Control,,100.7
5331,03,1,diethyl maleate,Human,Male,8 hr,60,É M,Low,,101.2
5331,03,2,diethyl maleate,Human,Male,8 hr,60,É M,Low,,100.8
5331,04,1,diethyl maleate,Human,Male,24 hr,60,É M,Low,,100.7
5331,04,2,diethyl maleate,Human,Male,24 hr,60,É M,Low,,100.2
5331,05,1,diethyl maleate,Human,Male,8 hr,300,É M,Middle,,100.0
5331,05,2,diethyl maleate,Human,Male,8 hr,300,É M,Middle,,100.4
5331,06,1,diethyl maleate,Human,Male,24 hr,300,É M,Middle,,103.9
5331,06,2,diethyl maleate,Human,Male,24 hr,300,É M,Middle,,102.5
5331,07,1,diethyl maleate,Human,Male,8 hr,1500,É M,High,,97.1
5331,07,2,diethyl maleate,Human,Male,8 hr,1500,É M,High,,97.1
5331,08,1,diethyl maleate,Human,Male,24 hr,1500,É M,High,,99.3
5331,08,2,diethyl maleate,Human,Male,24 hr,1500,É M,High,,102.1
5332,01,1,galactosamine,Human,Male,8 hr,0,É M,Control,,98.7
5332,01,2,galactosamine,Human,Male,8 hr,0,É M,Control,,101.3
5332,02,1,galactosamine,Human,Male,24 hr,0,É M,Control,,100.4
5332,02,2,galactosamine,Human,Male,24 hr,0,É M,Control,,99.6
5332,03,1,galactosamine,Human,Male,8 hr,400,É M,Low,,100.4
5332,03,2,galactosamine,Human,Male,8 hr,400,É M,Low,,101.3
5332,04,1,galactosamine,Human,Male,24 hr,400,É M,Low,,98.4
5332,04,2,galactosamine,Human,Male,24 hr,400,É M,Low,,98.8
5332,05,1,galactosamine,Human,Male,8 hr,2000,É M,Middle,,100.0
5332,05,2,galactosamine,Human,Male,8 hr,2000,É M,Middle,,100.9
5332,06,1,galactosamine,Human,Male,24 hr,2000,É M,Middle,,98.4
5332,06,2,galactosamine,Human,Male,24 hr,2000,É M,Middle,,98.4
5332,07,1,galactosamine,Human,Male,8 hr,10000,É M,High,,97.4
5332,07,2,galactosamine,Human,Male,8 hr,10000,É M,High,,100.9
5332,08,1,galactosamine,Human,Male,24 hr,10000,É M,High,,94.9
5332,08,2,galactosamine,Human,Male,24 hr,10000,É M,High,,96.8
5333,01,1,LPS,Human,Male,8 hr,0,É g/mL,Control,,99.6
5333,01,2,LPS,Human,Male,8 hr,0,É g/mL,Control,,100.4
5333,02,1,LPS,Human,Male,24 hr,0,É g/mL,Control,,98.9
5333,02,2,LPS,Human,Male,24 hr,0,É g/mL,Control,,101.1
5333,03,1,LPS,Human,Male,8 hr,12,É g/mL,Low,,100.0
5333,03,2,LPS,Human,Male,8 hr,12,É g/mL,Low,,101.2
5333,04,1,LPS,Human,Male,24 hr,12,É g/mL,Low,,98.9
5333,04,2,LPS,Human,Male,24 hr,12,É g/mL,Low,,100.0
5333,05,1,LPS,Human,Male,8 hr,60,É g/mL,Middle,,100.4
5333,05,2,LPS,Human,Male,8 hr,60,É g/mL,Middle,,100.0
5333,06,1,LPS,Human,Male,24 hr,60,É g/mL,Middle,,99.3
5333,06,2,LPS,Human,Male,24 hr,60,É g/mL,Middle,,98.9
5333,07,1,LPS,Human,Male,8 hr,300,É g/mL,High,,101.6
5333,07,2,LPS,Human,Male,8 hr,300,É g/mL,High,,102.4
5333,08,1,LPS,Human,Male,24 hr,300,É g/mL,High,,100.7
5333,08,2,LPS,Human,Male,24 hr,300,É g/mL,High,,101.9
5334,01,1,TNFÉø,Human,Male,8 hr,0,ng/mL,Control,,99.5
5334,01,2,TNFÉø,Human,Male,8 hr,0,ng/mL,Control,,100.5
5334,02,1,TNFÉø,Human,Male,24 hr,0,ng/mL,Control,,98.9
5334,02,2,TNFÉø,Human,Male,24 hr,0,ng/mL,Control,,101.1
5334,03,1,TNFÉø,Human,Male,8 hr,2,ng/mL,Low,,100.8
5334,03,2,TNFÉø,Human,Male,8 hr,2,ng/mL,Low,,99.8
5334,04,1,TNFÉø,Human,Male,24 hr,2,ng/mL,Low,,98.0
5334,04,2,TNFÉø,Human,Male,24 hr,2,ng/mL,Low,,100.8
5334,05,1,TNFÉø,Human,Male,8 hr,10,ng/mL,Middle,,99.5
5334,05,2,TNFÉø,Human,Male,8 hr,10,ng/mL,Middle,,99.2
5334,06,1,TNFÉø,Human,Male,24 hr,10,ng/mL,Middle,,97.7
5334,06,2,TNFÉø,Human,Male,24 hr,10,ng/mL,Middle,,98.3
5334,07,1,TNFÉø,Human,Male,8 hr,50,ng/mL,High,,100.2
5334,07,2,TNFÉø,Human,Male,8 hr,50,ng/mL,High,,100.8
5334,08,1,TNFÉø,Human,Male,24 hr,50,ng/mL,High,,97.0
5334,08,2,TNFÉø,Human,Male,24 hr,50,ng/mL,High,,98.3
5335,01,1,phalloidin,Human,Male,8 hr,0,É g/mL,Control,,99.4
5335,01,2,phalloidin,Human,Male,8 hr,0,É g/mL,Control,,100.6
5335,02,1,phalloidin,Human,Male,24 hr,0,É g/mL,Control,,99.0
5335,02,2,phalloidin,Human,Male,24 hr,0,É g/mL,Control,,101.0
5335,03,1,phalloidin,Human,Male,8 hr,16,É g/mL,Low,,100.3
5335,03,2,phalloidin,Human,Male,8 hr,16,É g/mL,Low,,101.2
5335,04,1,phalloidin,Human,Male,24 hr,16,É g/mL,Low,,99.7
5335,04,2,phalloidin,Human,Male,24 hr,16,É g/mL,Low,,102.8
5335,05,1,phalloidin,Human,Male,8 hr,80,É g/mL,Middle,,100.6
5335,05,2,phalloidin,Human,Male,8 hr,80,É g/mL,Middle,,100.9
5335,06,1,phalloidin,Human,Male,24 hr,80,É g/mL,Middle,,100.3
5335,06,2,phalloidin,Human,Male,24 hr,80,É g/mL,Middle,,102.8
5335,07,1,phalloidin,Human,Male,8 hr,400,É g/mL,High,,100.6
5335,07,2,phalloidin,Human,Male,8 hr,400,É g/mL,High,,102.1
5335,08,1,phalloidin,Human,Male,24 hr,400,É g/mL,High,,101.7
5335,08,2,phalloidin,Human,Male,24 hr,400,É g/mL,High,,100.7
5336,01,1,"interferon alpha, human",Human,Male,2 hr,0,ng/mL,Control,,98.4
5336,01,2,"interferon alpha, human",Human,Male,2 hr,0,ng/mL,Control,,101.6
5336,02,1,"interferon alpha, human",Human,Male,8 hr,0,ng/mL,Control,,98.4
5336,02,2,"interferon alpha, human",Human,Male,8 hr,0,ng/mL,Control,,101.6
5336,04,1,"interferon alpha, human",Human,Male,2 hr,2,ng/mL,Low,,100.7
5336,04,2,"interferon alpha, human",Human,Male,2 hr,2,ng/mL,Low,,100.2
5336,05,1,"interferon alpha, human",Human,Male,8 hr,2,ng/mL,Low,,102.5
5336,05,2,"interferon alpha, human",Human,Male,8 hr,2,ng/mL,Low,,103.4
5336,07,1,"interferon alpha, human",Human,Male,2 hr,10,ng/mL,Middle,,101.6
5336,07,2,"interferon alpha, human",Human,Male,2 hr,10,ng/mL,Middle,,101.2
5336,08,1,"interferon alpha, human",Human,Male,8 hr,10,ng/mL,Middle,,103.9
5336,08,2,"interferon alpha, human",Human,Male,8 hr,10,ng/mL,Middle,,103.0
5336,10,1,"interferon alpha, human",Human,Male,2 hr,50,ng/mL,High,,101.2
5336,10,2,"interferon alpha, human",Human,Male,2 hr,50,ng/mL,High,,101.2
5336,11,1,"interferon alpha, human",Human,Male,8 hr,50,ng/mL,High,,103.4
5336,11,2,"interferon alpha, human",Human,Male,8 hr,50,ng/mL,High,,103.0
5337,01,1,"interleukin 1 beta, human",Human,Male,2 hr,0,ng/mL,Control,,99.7
5337,01,2,"interleukin 1 beta, human",Human,Male,2 hr,0,ng/mL,Control,,100.3
5337,02,1,"interleukin 1 beta, human",Human,Male,8 hr,0,ng/mL,Control,,97.5
5337,02,2,"interleukin 1 beta, human",Human,Male,8 hr,0,ng/mL,Control,,102.5
5337,03,1,"interleukin 1 beta, human",Human,Male,24 hr,0,ng/mL,Control,,97.7
5337,03,2,"interleukin 1 beta, human",Human,Male,24 hr,0,ng/mL,Control,,102.3
5337,04,1,"interleukin 1 beta, human",Human,Male,2 hr,2,ng/mL,Low,,101.0
5337,04,2,"interleukin 1 beta, human",Human,Male,2 hr,2,ng/mL,Low,,100.3
5337,05,1,"interleukin 1 beta, human",Human,Male,8 hr,2,ng/mL,Low,,101.8
5337,05,2,"interleukin 1 beta, human",Human,Male,8 hr,2,ng/mL,Low,,103.2
5337,06,1,"interleukin 1 beta, human",Human,Male,24 hr,2,ng/mL,Low,,102.3
5337,06,2,"interleukin 1 beta, human",Human,Male,24 hr,2,ng/mL,Low,,102.9
5337,07,1,"interleukin 1 beta, human",Human,Male,2 hr,10,ng/mL,Middle,,101.0
5337,07,2,"interleukin 1 beta, human",Human,Male,2 hr,10,ng/mL,Middle,,101.0
5337,08,1,"interleukin 1 beta, human",Human,Male,8 hr,10,ng/mL,Middle,,102.5
5337,08,2,"interleukin 1 beta, human",Human,Male,8 hr,10,ng/mL,Middle,,102.5
5337,09,1,"interleukin 1 beta, human",Human,Male,24 hr,10,ng/mL,Middle,,101.7
5337,09,2,"interleukin 1 beta, human",Human,Male,24 hr,10,ng/mL,Middle,,101.1
5337,10,1,"interleukin 1 beta, human",Human,Male,2 hr,50,ng/mL,High,,100.3
5337,10,2,"interleukin 1 beta, human",Human,Male,2 hr,50,ng/mL,High,,102.3
5337,11,1,"interleukin 1 beta, human",Human,Male,8 hr,50,ng/mL,High,,101.8
5337,11,2,"interleukin 1 beta, human",Human,Male,8 hr,50,ng/mL,High,,100.4
5337,12,1,"interleukin 1 beta, human",Human,Male,24 hr,50,ng/mL,High,,101.1
5337,12,2,"interleukin 1 beta, human",Human,Male,24 hr,50,ng/mL,High,,100.6
5338,01,1,"interleukin 6, human",Human,Male,2 hr,0,ng/mL,Control,,99.6
5338,01,2,"interleukin 6, human",Human,Male,2 hr,0,ng/mL,Control,,100.4
5338,02,1,"interleukin 6, human",Human,Male,8 hr,0,ng/mL,Control,,96.3
5338,02,2,"interleukin 6, human",Human,Male,8 hr,0,ng/mL,Control,,103.7
5338,03,1,"interleukin 6, human",Human,Male,24 hr,0,ng/mL,Control,,99.0
5338,03,2,"interleukin 6, human",Human,Male,24 hr,0,ng/mL,Control,,101.0
5338,04,1,"interleukin 6, human",Human,Male,2 hr,2,ng/mL,Low,,100.4
5338,04,2,"interleukin 6, human",Human,Male,2 hr,2,ng/mL,Low,,100.4
5338,05,1,"interleukin 6, human",Human,Male,8 hr,2,ng/mL,Low,,100.9
5338,05,2,"interleukin 6, human",Human,Male,8 hr,2,ng/mL,Low,,100.0
5338,06,1,"interleukin 6, human",Human,Male,24 hr,2,ng/mL,Low,,102.3
5338,06,2,"interleukin 6, human",Human,Male,24 hr,2,ng/mL,Low,,100.3
5338,07,1,"interleukin 6, human",Human,Male,2 hr,10,ng/mL,Middle,,98.7
5338,07,2,"interleukin 6, human",Human,Male,2 hr,10,ng/mL,Middle,,100.4
5338,08,1,"interleukin 6, human",Human,Male,8 hr,10,ng/mL,Middle,,100.9
5338,08,2,"interleukin 6, human",Human,Male,8 hr,10,ng/mL,Middle,,100.0
5338,09,1,"interleukin 6, human",Human,Male,24 hr,10,ng/mL,Middle,,99.0
5338,09,2,"interleukin 6, human",Human,Male,24 hr,10,ng/mL,Middle,,100.3
5338,10,1,"interleukin 6, human",Human,Male,2 hr,50,ng/mL,High,,101.3
5338,10,2,"interleukin 6, human",Human,Male,2 hr,50,ng/mL,High,,100.4
5338,11,1,"interleukin 6, human",Human,Male,8 hr,50,ng/mL,High,,100.9
5338,11,2,"interleukin 6, human",Human,Male,8 hr,50,ng/mL,High,,103.7
5338,12,1,"interleukin 6, human",Human,Male,24 hr,50,ng/mL,High,,101.0
5338,12,2,"interleukin 6, human",Human,Male,24 hr,50,ng/mL,High,,101.0
5339,01,1,transforming growth factor beta 1,Human,Male,2 hr,0,ng/mL,Control,,100.2
5339,01,2,transforming growth factor beta 1,Human,Male,2 hr,0,ng/mL,Control,,99.8
5339,02,1,transforming growth factor beta 1,Human,Male,8 hr,0,ng/mL,Control,,99.5
5339,02,2,transforming growth factor beta 1,Human,Male,8 hr,0,ng/mL,Control,,100.5
5339,03,1,transforming growth factor beta 1,Human,Male,24 hr,0,ng/mL,Control,,100.0
5339,03,2,transforming growth factor beta 1,Human,Male,24 hr,0,ng/mL,Control,,100.0
5339,04,1,transforming growth factor beta 1,Human,Male,2 hr,2,ng/mL,Low,,101.0
5339,04,2,transforming growth factor beta 1,Human,Male,2 hr,2,ng/mL,Low,,99.4
5339,05,1,transforming growth factor beta 1,Human,Male,8 hr,2,ng/mL,Low,,100.0
5339,05,2,transforming growth factor beta 1,Human,Male,8 hr,2,ng/mL,Low,,98.6
5339,06,1,transforming growth factor beta 1,Human,Male,24 hr,2,ng/mL,Low,,101.2
5339,06,2,transforming growth factor beta 1,Human,Male,24 hr,2,ng/mL,Low,,101.7
5339,07,1,transforming growth factor beta 1,Human,Male,2 hr,10,ng/mL,Middle,,100.6
5339,07,2,transforming growth factor beta 1,Human,Male,2 hr,10,ng/mL,Middle,,100.6
5339,08,1,transforming growth factor beta 1,Human,Male,8 hr,10,ng/mL,Middle,,99.0
5339,08,2,transforming growth factor beta 1,Human,Male,8 hr,10,ng/mL,Middle,,100.0
5339,09,1,transforming growth factor beta 1,Human,Male,24 hr,10,ng/mL,Middle,,102.5
5339,09,2,transforming growth factor beta 1,Human,Male,24 hr,10,ng/mL,Middle,,101.7
5339,10,1,transforming growth factor beta 1,Human,Male,2 hr,50,ng/mL,High,,100.6
5339,11,1,transforming growth factor beta 1,Human,Male,8 hr,50,ng/mL,High,,99.5
5339,11,2,transforming growth factor beta 1,Human,Male,8 hr,50,ng/mL,High,,99.0
5339,12,1,transforming growth factor beta 1,Human,Male,24 hr,50,ng/mL,High,,101.7
5339,12,2,transforming growth factor beta 1,Human,Male,24 hr,50,ng/mL,High,,100.8
5340,01,1,"hepatocyte growth factor, human",Human,Male,2 hr,0,ng/mL,Control,,100.0
5340,01,2,"hepatocyte growth factor, human",Human,Male,2 hr,0,ng/mL,Control,,100.0
5340,02,1,"hepatocyte growth factor, human",Human,Male,8 hr,0,ng/mL,Control,,99.6
5340,02,2,"hepatocyte growth factor, human",Human,Male,8 hr,0,ng/mL,Control,,100.4
5340,03,1,"hepatocyte growth factor, human",Human,Male,24 hr,0,ng/mL,Control,,100.5
5340,03,2,"hepatocyte growth factor, human",Human,Male,24 hr,0,ng/mL,Control,,99.5
5340,05,1,"hepatocyte growth factor, human",Human,Male,8 hr,2,ng/mL,Low,,101.3
5340,05,2,"hepatocyte growth factor, human",Human,Male,8 hr,2,ng/mL,Low,,101.3
5340,06,1,"hepatocyte growth factor, human",Human,Male,24 hr,2,ng/mL,Low,,100.0
5340,06,2,"hepatocyte growth factor, human",Human,Male,24 hr,2,ng/mL,Low,,100.5
5340,07,1,"hepatocyte growth factor, human",Human,Male,2 hr,10,ng/mL,Middle,,99.4
5340,07,2,"hepatocyte growth factor, human",Human,Male,2 hr,10,ng/mL,Middle,,99.4
5340,08,1,"hepatocyte growth factor, human",Human,Male,8 hr,10,ng/mL,Middle,,91.6
5340,08,2,"hepatocyte growth factor, human",Human,Male,8 hr,10,ng/mL,Middle,,102.2
5340,09,1,"hepatocyte growth factor, human",Human,Male,24 hr,10,ng/mL,Middle,,100.0
5340,09,2,"hepatocyte growth factor, human",Human,Male,24 hr,10,ng/mL,Middle,,99.0
5340,10,1,"hepatocyte growth factor, human",Human,Male,2 hr,50,ng/mL,High,,100.0
5340,11,1,"hepatocyte growth factor, human",Human,Male,8 hr,50,ng/mL,High,,99.6
5340,11,2,"hepatocyte growth factor, human",Human,Male,8 hr,50,ng/mL,High,,98.7
5340,12,1,"hepatocyte growth factor, human",Human,Male,24 hr,50,ng/mL,High,,98.5
5340,12,2,"hepatocyte growth factor, human",Human,Male,24 hr,50,ng/mL,High,,98.5
5341,01,1,rotenone,Human,Male,8 hr,0,É M,Control,,100.0
5341,01,2,rotenone,Human,Male,8 hr,0,É M,Control,,100.0
5341,02,1,rotenone,Human,Male,24 hr,0,É M,Control,,97.2
5341,02,2,rotenone,Human,Male,24 hr,0,É M,Control,,102.8
5341,03,1,rotenone,Human,Male,8 hr,0,É M,Low,,100.5
5341,03,2,rotenone,Human,Male,8 hr,0,É M,Low,,100.5
5341,04,1,rotenone,Human,Male,24 hr,0,É M,Low,,102.8
5341,04,2,rotenone,Human,Male,24 hr,0,É M,Low,,103.6
5341,05,1,rotenone,Human,Male,8 hr,0,É M,Middle,,100.5
5341,05,2,rotenone,Human,Male,8 hr,0,É M,Middle,,100.0
5341,06,1,rotenone,Human,Male,24 hr,0,É M,Middle,,104.0
5341,06,2,rotenone,Human,Male,24 hr,0,É M,Middle,,104.4
5341,07,1,rotenone,Human,Male,8 hr,2,É M,High,,99.0
5341,07,2,rotenone,Human,Male,8 hr,2,É M,High,,100.5
5341,08,1,rotenone,Human,Male,24 hr,2,É M,High,,104.4
5341,08,2,rotenone,Human,Male,24 hr,2,É M,High,,105.2
5342,01,1,methylene dianiline,Human,Male,8 hr,0,É M,Control,,96.1
5342,01,2,methylene dianiline,Human,Male,8 hr,0,É M,Control,,103.9
5342,02,1,methylene dianiline,Human,Male,24 hr,0,É M,Control,,96.5
5342,02,2,methylene dianiline,Human,Male,24 hr,0,É M,Control,,103.5
5342,03,1,methylene dianiline,Human,Male,8 hr,24,É M,Low,,104.8
5342,03,2,methylene dianiline,Human,Male,8 hr,24,É M,Low,,105.3
5342,04,1,methylene dianiline,Human,Male,24 hr,24,É M,Low,,103.1
5342,04,2,methylene dianiline,Human,Male,24 hr,24,É M,Low,,103.1
5342,05,1,methylene dianiline,Human,Male,8 hr,120,É M,Middle,,103.9
5342,05,2,methylene dianiline,Human,Male,8 hr,120,É M,Middle,,104.8
5342,06,1,methylene dianiline,Human,Male,24 hr,120,É M,Middle,,104.3
5342,06,2,methylene dianiline,Human,Male,24 hr,120,É M,Middle,,104.7
5342,07,1,methylene dianiline,Human,Male,8 hr,600,É M,High,,106.2
5342,07,2,methylene dianiline,Human,Male,8 hr,600,É M,High,,107.6
5342,08,1,methylene dianiline,Human,Male,24 hr,600,É M,High,,104.3
5342,08,2,methylene dianiline,Human,Male,24 hr,600,É M,High,,106.3
5343,01,1,butylated hydroxyanisole,Human,Male,8 hr,0,É M,Control,,96.7
5343,01,2,butylated hydroxyanisole,Human,Male,8 hr,0,É M,Control,,103.3
5343,02,1,butylated hydroxyanisole,Human,Male,24 hr,0,É M,Control,,98.9
5343,02,2,butylated hydroxyanisole,Human,Male,24 hr,0,É M,Control,,101.1
5343,03,1,butylated hydroxyanisole,Human,Male,8 hr,8,É M,Low,,104.7
5343,03,2,butylated hydroxyanisole,Human,Male,8 hr,8,É M,Low,,103.8
5343,04,1,butylated hydroxyanisole,Human,Male,24 hr,8,É M,Low,,101.1
5343,04,2,butylated hydroxyanisole,Human,Male,24 hr,8,É M,Low,,99.8
5343,05,1,butylated hydroxyanisole,Human,Male,8 hr,40,É M,Middle,,103.8
5343,05,2,butylated hydroxyanisole,Human,Male,8 hr,40,É M,Middle,,106.0
5343,06,1,butylated hydroxyanisole,Human,Male,24 hr,40,É M,Middle,,101.1
5343,06,2,butylated hydroxyanisole,Human,Male,24 hr,40,É M,Middle,,102.8
5343,07,1,butylated hydroxyanisole,Human,Male,8 hr,200,É M,High,,102.0
5343,07,2,butylated hydroxyanisole,Human,Male,8 hr,200,É M,High,,102.0
5343,08,1,butylated hydroxyanisole,Human,Male,24 hr,200,É M,High,,98.9
5343,08,2,butylated hydroxyanisole,Human,Male,24 hr,200,É M,High,,100.2
5344,01,1,amphotericin B,Human,Male,8 hr,0,É M,Control,,97.4
5344,01,2,amphotericin B,Human,Male,8 hr,0,É M,Control,,102.6
5344,02,1,amphotericin B,Human,Male,24 hr,0,É M,Control,,100.0
5344,02,2,amphotericin B,Human,Male,24 hr,0,É M,Control,,100.0
5344,03,1,amphotericin B,Human,Male,8 hr,0,É M,Low,,103.4
5344,03,2,amphotericin B,Human,Male,8 hr,0,É M,Low,,103.8
5344,04,1,amphotericin B,Human,Male,24 hr,0,É M,Low,,101.6
5344,04,2,amphotericin B,Human,Male,24 hr,0,É M,Low,,100.8
5344,05,1,amphotericin B,Human,Male,8 hr,0,É M,Middle,,103.8
5344,05,2,amphotericin B,Human,Male,8 hr,0,É M,Middle,,102.2
5344,06,1,amphotericin B,Human,Male,24 hr,0,É M,Middle,,100.4
5344,06,2,amphotericin B,Human,Male,24 hr,0,É M,Middle,,99.2
5344,07,1,amphotericin B,Human,Male,8 hr,2,É M,High,,99.8
5344,07,2,amphotericin B,Human,Male,8 hr,2,É M,High,,99.8
5344,08,1,amphotericin B,Human,Male,24 hr,2,É M,High,,94.5
5344,08,2,amphotericin B,Human,Male,24 hr,2,É M,High,,96.1
5345,01,1,"2,4-dinitrophenol",Human,Male,8 hr,0,É M,Control,,96.6
5345,01,2,"2,4-dinitrophenol",Human,Male,8 hr,0,É M,Control,,103.4
5345,02,1,"2,4-dinitrophenol",Human,Male,24 hr,0,É M,Control,,97.3
5345,02,2,"2,4-dinitrophenol",Human,Male,24 hr,0,É M,Control,,102.7
5345,03,1,"2,4-dinitrophenol",Human,Male,8 hr,4,É M,Low,,104.2
5345,03,2,"2,4-dinitrophenol",Human,Male,8 hr,4,É M,Low,,103.8
5345,04,1,"2,4-dinitrophenol",Human,Male,24 hr,4,É M,Low,,103.7
5345,04,2,"2,4-dinitrophenol",Human,Male,24 hr,4,É M,Low,,103.7
5345,05,1,"2,4-dinitrophenol",Human,Male,8 hr,20,É M,Middle,,104.2
5345,05,2,"2,4-dinitrophenol",Human,Male,8 hr,20,É M,Middle,,104.2
5345,06,1,"2,4-dinitrophenol",Human,Male,24 hr,20,É M,Middle,,103.7
5345,06,2,"2,4-dinitrophenol",Human,Male,24 hr,20,É M,Middle,,103.1
5345,07,1,"2,4-dinitrophenol",Human,Male,8 hr,100,É M,High,,101.4
5345,07,2,"2,4-dinitrophenol",Human,Male,8 hr,100,É M,High,,101.4
5345,08,1,"2,4-dinitrophenol",Human,Male,24 hr,100,É M,High,,95.6
5345,08,2,"2,4-dinitrophenol",Human,Male,24 hr,100,É M,High,,97.3
5346,01,1,fluoxetine hydrochloride,Human,Male,8 hr,0,É M,Control,,97.0
5346,01,2,fluoxetine hydrochloride,Human,Male,8 hr,0,É M,Control,,103.0
5346,02,1,fluoxetine hydrochloride,Human,Male,24 hr,0,É M,Control,,97.2
5346,02,2,fluoxetine hydrochloride,Human,Male,24 hr,0,É M,Control,,102.8
5346,03,1,fluoxetine hydrochloride,Human,Male,8 hr,4,É M,Low,,102.7
5346,03,2,fluoxetine hydrochloride,Human,Male,8 hr,4,É M,Low,,102.0
5346,04,1,fluoxetine hydrochloride,Human,Male,24 hr,4,É M,Low,,103.5
5346,04,2,fluoxetine hydrochloride,Human,Male,24 hr,4,É M,Low,,103.2
5346,05,1,fluoxetine hydrochloride,Human,Male,8 hr,8,É M,Middle,,101.3
5346,05,2,fluoxetine hydrochloride,Human,Male,8 hr,8,É M,Middle,,101.3
5346,06,1,fluoxetine hydrochloride,Human,Male,24 hr,8,É M,Middle,,102.8
5346,06,2,fluoxetine hydrochloride,Human,Male,24 hr,8,É M,Middle,,102.5
5346,07,1,fluoxetine hydrochloride,Human,Male,8 hr,20,É M,High,,99.3
5346,07,2,fluoxetine hydrochloride,Human,Male,8 hr,20,É M,High,,99.0
5346,08,1,fluoxetine hydrochloride,Human,Male,24 hr,20,É M,High,,95.7
5346,08,2,fluoxetine hydrochloride,Human,Male,24 hr,20,É M,High,,96.1
5347,01,1,dexamethasone,Human,Male,8 hr,0,É M,Control,,99.4
5347,01,2,dexamethasone,Human,Male,8 hr,0,É M,Control,,100.6
5347,02,1,dexamethasone,Human,Male,24 hr,0,É M,Control,,100.2
5347,02,2,dexamethasone,Human,Male,24 hr,0,É M,Control,,99.8
5347,05,1,dexamethasone,Human,Male,8 hr,12,É M,Low,,99.8
5347,05,2,dexamethasone,Human,Male,8 hr,12,É M,Low,,100.6
5347,06,1,dexamethasone,Human,Male,24 hr,12,É M,Low,,100.9
5347,06,2,dexamethasone,Human,Male,24 hr,12,É M,Low,,100.5
5347,07,1,dexamethasone,Human,Male,8 hr,60,É M,Middle,,100.2
5347,07,2,dexamethasone,Human,Male,8 hr,60,É M,Middle,,100.6
5347,08,1,dexamethasone,Human,Male,24 hr,60,É M,Middle,,101.6
5347,08,2,dexamethasone,Human,Male,24 hr,60,É M,Middle,,100.9
5347,09,1,dexamethasone,Human,Male,8 hr,300,É M,High,,101.8
5347,09,2,dexamethasone,Human,Male,8 hr,300,É M,High,,101.0
5347,10,1,dexamethasone,Human,Male,24 hr,300,É M,High,,101.9
5347,10,2,dexamethasone,Human,Male,24 hr,300,É M,High,,101.6
5348,01,1,rosiglitazone maleate,Human,Male,8 hr,0,É g/kg,Control,,99.8
5348,01,2,rosiglitazone maleate,Human,Male,8 hr,0,É g/kg,Control,,100.2
5348,02,1,rosiglitazone maleate,Human,Male,24 hr,0,É g/kg,Control,,99.8
5348,02,2,rosiglitazone maleate,Human,Male,24 hr,0,É g/kg,Control,,100.2
5348,05,1,rosiglitazone maleate,Human,Male,8 hr,12,É g/kg,Low,,97.9
5348,05,2,rosiglitazone maleate,Human,Male,8 hr,12,É g/kg,Low,,99.8
5348,06,1,rosiglitazone maleate,Human,Male,24 hr,12,É g/kg,Low,,100.2
5348,06,2,rosiglitazone maleate,Human,Male,24 hr,12,É g/kg,Low,,100.5
5348,07,1,rosiglitazone maleate,Human,Male,8 hr,60,É g/kg,Middle,,99.8
5348,07,2,rosiglitazone maleate,Human,Male,8 hr,60,É g/kg,Middle,,100.6
5348,08,1,rosiglitazone maleate,Human,Male,24 hr,60,É g/kg,Middle,,100.9
5348,08,2,rosiglitazone maleate,Human,Male,24 hr,60,É g/kg,Middle,,100.5
5348,09,1,rosiglitazone maleate,Human,Male,8 hr,300,É g/kg,High,,98.3
5348,09,2,rosiglitazone maleate,Human,Male,8 hr,300,É g/kg,High,,100.2
5348,10,1,rosiglitazone maleate,Human,Male,24 hr,300,É g/kg,High,,102.2
5348,10,2,rosiglitazone maleate,Human,Male,24 hr,300,É g/kg,High,,101.2
5351,01,1,N-nitrosomorpholine,Human,Male,8 hr,0,É M,Control,,99.8
5351,01,2,N-nitrosomorpholine,Human,Male,8 hr,0,É M,Control,,100.2
5351,02,1,N-nitrosomorpholine,Human,Male,24 hr,0,É M,Control,,100.0
5351,02,2,N-nitrosomorpholine,Human,Male,24 hr,0,É M,Control,,100.0
5351,03,1,N-nitrosomorpholine,Human,Male,8 hr,400,É M,Low,,99.4
5351,03,2,N-nitrosomorpholine,Human,Male,8 hr,400,É M,Low,,100.2
5351,04,1,N-nitrosomorpholine,Human,Male,24 hr,400,É M,Low,,98.9
5351,04,2,N-nitrosomorpholine,Human,Male,24 hr,400,É M,Low,,100.0
5351,05,1,N-nitrosomorpholine,Human,Male,8 hr,2000,É M,Middle,,99.4
5351,05,2,N-nitrosomorpholine,Human,Male,8 hr,2000,É M,Middle,,99.4
5351,06,1,N-nitrosomorpholine,Human,Male,24 hr,2000,É M,Middle,,99.3
5351,06,2,N-nitrosomorpholine,Human,Male,24 hr,2000,É M,Middle,,98.9
5351,07,1,N-nitrosomorpholine,Human,Male,8 hr,10000,É M,High,,98.7
5351,07,2,N-nitrosomorpholine,Human,Male,8 hr,10000,É M,High,,100.2
5351,08,1,N-nitrosomorpholine,Human,Male,24 hr,10000,É M,High,,97.8
5351,08,2,N-nitrosomorpholine,Human,Male,24 hr,10000,É M,High,,97.8
5352,01,1,propranolol,Human,Male,8 hr,0,É g/kg,Control,,99.4
5352,01,2,propranolol,Human,Male,8 hr,0,É g/kg,Control,,100.6
5352,02,1,propranolol,Human,Male,24 hr,0,É g/kg,Control,,99.7
5352,02,2,propranolol,Human,Male,24 hr,0,É g/kg,Control,,100.3
5352,05,1,propranolol,Human,Male,8 hr,6,É g/kg,Low,,100.2
5352,05,2,propranolol,Human,Male,8 hr,6,É g/kg,Low,,101.0
5352,06,1,propranolol,Human,Male,24 hr,6,É g/kg,Low,,100.8
5352,06,2,propranolol,Human,Male,24 hr,6,É g/kg,Low,,100.3
5352,07,1,propranolol,Human,Male,8 hr,30,É g/kg,Middle,,100.2
5352,07,2,propranolol,Human,Male,8 hr,30,É g/kg,Middle,,100.2
5352,08,1,propranolol,Human,Male,24 hr,30,É g/kg,Middle,,98.6
5352,08,2,propranolol,Human,Male,24 hr,30,É g/kg,Middle,,99.7
5352,09,1,propranolol,Human,Male,8 hr,100,É g/kg,High,,94.4
5352,09,2,propranolol,Human,Male,8 hr,100,É g/kg,High,,95.9
5352,10,1,propranolol,Human,Male,24 hr,100,É g/kg,High,,85.6
5352,10,2,propranolol,Human,Male,24 hr,100,É g/kg,High,,87.9
5353,01,1,2-nitrofluorene,Human,Male,8 hr,0,É M,Control,,99.5
5353,01,2,2-nitrofluorene,Human,Male,8 hr,0,É M,Control,,100.5
5353,02,1,2-nitrofluorene,Human,Male,24 hr,0,É M,Control,,99.5
5353,02,2,2-nitrofluorene,Human,Male,24 hr,0,É M,Control,,100.5
5353,05,1,2-nitrofluorene,Human,Male,8 hr,4,É M,Low,,99.8
5353,05,2,2-nitrofluorene,Human,Male,8 hr,4,É M,Low,,100.5
5353,06,1,2-nitrofluorene,Human,Male,24 hr,4,É M,Low,,101.1
5353,06,2,2-nitrofluorene,Human,Male,24 hr,4,É M,Low,,100.5
5353,07,1,2-nitrofluorene,Human,Male,8 hr,20,É M,Middle,,100.5
5353,07,2,2-nitrofluorene,Human,Male,8 hr,20,É M,Middle,,101.3
5353,08,1,2-nitrofluorene,Human,Male,24 hr,20,É M,Middle,,100.5
5353,08,2,2-nitrofluorene,Human,Male,24 hr,20,É M,Middle,,101.6
5353,09,1,2-nitrofluorene,Human,Male,8 hr,100,É M,High,,100.9
5353,09,2,2-nitrofluorene,Human,Male,8 hr,100,É M,High,,101.3
5353,10,1,2-nitrofluorene,Human,Male,24 hr,100,É M,High,,98.9
5353,10,2,2-nitrofluorene,Human,Male,24 hr,100,É M,High,,100.5
5354,01,1,N-methyl-N-nitrosourea,Human,Male,8 hr,0,É M,Control,,99.5
5354,01,2,N-methyl-N-nitrosourea,Human,Male,8 hr,0,É M,Control,,100.5
5354,02,1,N-methyl-N-nitrosourea,Human,Male,24 hr,0,É M,Control,,100.0
5354,02,2,N-methyl-N-nitrosourea,Human,Male,24 hr,0,É M,Control,,100.0
5354,05,1,N-methyl-N-nitrosourea,Human,Male,8 hr,1200,É M,Low,,100.0
5354,05,2,N-methyl-N-nitrosourea,Human,Male,8 hr,1200,É M,Low,,103.2
5354,06,1,N-methyl-N-nitrosourea,Human,Male,24 hr,1200,É M,Low,,100.4
5354,06,2,N-methyl-N-nitrosourea,Human,Male,24 hr,1200,É M,Low,,101.3
5354,07,1,N-methyl-N-nitrosourea,Human,Male,8 hr,6000,É M,Middle,,102.7
5354,07,2,N-methyl-N-nitrosourea,Human,Male,8 hr,6000,É M,Middle,,102.7
5354,08,1,N-methyl-N-nitrosourea,Human,Male,24 hr,6000,É M,Middle,,102.6
5354,08,2,N-methyl-N-nitrosourea,Human,Male,24 hr,6000,É M,Middle,,103.4
5354,09,1,N-methyl-N-nitrosourea,Human,Male,8 hr,10000,É M,High,,100.5
5354,09,2,N-methyl-N-nitrosourea,Human,Male,8 hr,10000,É M,High,,100.5
5354,10,1,N-methyl-N-nitrosourea,Human,Male,24 hr,10000,É M,High,,103.4
5354,10,2,N-methyl-N-nitrosourea,Human,Male,24 hr,10000,É M,High,,104.3
5355,01,1,aflatoxin B1,Human,Male,8 hr,0,É g/mL,Control,,99.0
5355,01,2,aflatoxin B1,Human,Male,8 hr,0,É g/mL,Control,,101.0
5355,02,1,aflatoxin B1,Human,Male,24 hr,0,É g/mL,Control,,99.5
5355,02,2,aflatoxin B1,Human,Male,24 hr,0,É g/mL,Control,,100.5
5355,03,1,aflatoxin B1,Human,Male,8 hr,0,É g/mL,Low,,99.5
5355,03,2,aflatoxin B1,Human,Male,8 hr,0,É g/mL,Low,,99.0
5355,04,1,aflatoxin B1,Human,Male,24 hr,0,É g/mL,Low,,99.5
5355,04,2,aflatoxin B1,Human,Male,24 hr,0,É g/mL,Low,,99.0
5355,05,1,aflatoxin B1,Human,Male,8 hr,1,É g/mL,Middle,,99.5
5355,05,2,aflatoxin B1,Human,Male,8 hr,1,É g/mL,Middle,,99.0
5355,06,1,aflatoxin B1,Human,Male,24 hr,1,É g/mL,Middle,,96.1
5355,06,2,aflatoxin B1,Human,Male,24 hr,1,É g/mL,Middle,,96.1
5355,07,1,aflatoxin B1,Human,Male,8 hr,6,É g/mL,High,,98.4
5355,07,2,aflatoxin B1,Human,Male,8 hr,6,É g/mL,High,,97.4
5355,08,1,aflatoxin B1,Human,Male,24 hr,6,É g/mL,High,,87.3
5355,08,2,aflatoxin B1,Human,Male,24 hr,6,É g/mL,High,,88.3
5356,01,1,acetamide,Human,Male,8 hr,0,É M,Control,,98.8
5356,01,2,acetamide,Human,Male,8 hr,0,É M,Control,,101.2
5356,02,1,acetamide,Human,Male,24 hr,0,É M,Control,,99.4
5356,02,2,acetamide,Human,Male,24 hr,0,É M,Control,,100.6
5356,03,1,acetamide,Human,Male,8 hr,400,É M,Low,,98.0
5356,03,2,acetamide,Human,Male,8 hr,400,É M,Low,,99.6
5356,04,1,acetamide,Human,Male,24 hr,400,É M,Low,,100.6
5356,04,2,acetamide,Human,Male,24 hr,400,É M,Low,,100.0
5356,05,1,acetamide,Human,Male,8 hr,2000,É M,Middle,,97.2
5356,05,2,acetamide,Human,Male,8 hr,2000,É M,Middle,,99.6
5356,06,1,acetamide,Human,Male,24 hr,2000,É M,Middle,,101.2
5356,06,2,acetamide,Human,Male,24 hr,2000,É M,Middle,,101.2
5356,07,1,acetamide,Human,Male,8 hr,10000,É M,High,,97.2
5356,07,2,acetamide,Human,Male,8 hr,10000,É M,High,,97.2
5356,08,1,acetamide,Human,Male,24 hr,10000,É M,High,,98.8
5356,08,2,acetamide,Human,Male,24 hr,10000,É M,High,,100.6
