n,r,m
"(:Drug {iupac_name: N-hydroxy-3-[3-(phenylsulfamoyl)phenyl]prop-2-enamide, drug_name: Belinostat, smiles: C1=CC=C(C=C1)NS(=O)(=O)C2=CC=CC(=C2)C=CC(=O)NO, h_donor: 3, h_acceptor: 5, tpsa: 104, molecular_weight: 318.3, chembl_id: CHEMBL408513, logp: 1.7, cid: 53437714})",[:HAS_STUDY_OVERVIEW],(:StudyOverview {name: Belinostat Study Overview})
"(:Drug {iupac_name: N-hydroxy-3-[3-(phenylsulfamoyl)phenyl]prop-2-enamide, drug_name: Belinostat, smiles: C1=CC=C(C=C1)NS(=O)(=O)C2=CC=CC(=C2)C=CC(=O)NO, h_donor: 3, h_acceptor: 5, tpsa: 104, molecular_weight: 318.3, chembl_id: CHEMBL408513, logp: 1.7, cid: 53437714})",[:HAS_CLINICAL_DATA],(:ClinicalData {name: Belinostat Clinical Data})
"(:Drug {iupac_name: N-hydroxy-3-[3-(phenylsulfamoyl)phenyl]prop-2-enamide, drug_name: Belinostat, smiles: C1=CC=C(C=C1)NS(=O)(=O)C2=CC=CC(=C2)C=CC(=O)NO, h_donor: 3, h_acceptor: 5, tpsa: 104, molecular_weight: 318.3, chembl_id: CHEMBL408513, logp: 1.7, cid: 53437714})",[:HAS_PRECLINICAL_DATA],(:PreClinicalData {name: Belinostat Pre-Clinical Data})
"(:Drug {iupac_name: N-hydroxy-3-[3-(phenylsulfamoyl)phenyl]prop-2-enamide, drug_name: Belinostat, smiles: C1=CC=C(C=C1)NS(=O)(=O)C2=CC=CC(=C2)C=CC(=O)NO, h_donor: 3, h_acceptor: 5, tpsa: 104, molecular_weight: 318.3, chembl_id: CHEMBL408513, logp: 1.7, cid: 53437714})",[:HAS_DRUG_PRODUCT_INFO],(:DrugProductInfo {name: Belinostat Drug Product Info})
"(:Drug {iupac_name: N-hydroxy-3-[3-(phenylsulfamoyl)phenyl]prop-2-enamide, drug_name: Belinostat, smiles: C1=CC=C(C=C1)NS(=O)(=O)C2=CC=CC(=C2)C=CC(=O)NO, h_donor: 3, h_acceptor: 5, tpsa: 104, molecular_weight: 318.3, chembl_id: CHEMBL408513, logp: 1.7, cid: 53437714})",[:HAS_SAFETY_EFFICACY],(:SafetyEfficacy {name: Belinostat Safety & Efficacy})
"(:Drug {iupac_name: N-hydroxy-3-[3-(phenylsulfamoyl)phenyl]prop-2-enamide, drug_name: Belinostat, smiles: C1=CC=C(C=C1)NS(=O)(=O)C2=CC=CC(=C2)C=CC(=O)NO, h_donor: 3, h_acceptor: 5, tpsa: 104, molecular_weight: 318.3, chembl_id: CHEMBL408513, logp: 1.7, cid: 53437714})",[:HAS_ADVERSE_EVENTS],(:AdverseEvents {name: Belinostat Adverse Events})
"(:Drug {iupac_name: N-hydroxy-3-[3-(phenylsulfamoyl)phenyl]prop-2-enamide, drug_name: Belinostat, smiles: C1=CC=C(C=C1)NS(=O)(=O)C2=CC=CC(=C2)C=CC(=O)NO, h_donor: 3, h_acceptor: 5, tpsa: 104, molecular_weight: 318.3, chembl_id: CHEMBL408513, logp: 1.7, cid: 53437714})",[:HAS_RECOMMENDED_DOSE],"(:RecommendedDose {administration_days: Days 1-5, unit: mg/m², dose: 1000, route: IV infusion, infusion_duration: 30 minutes, cycle_length: 21 days, frequency: Every 21-day cycle})"
"(:Drug {iupac_name: N-hydroxy-3-[3-(phenylsulfamoyl)phenyl]prop-2-enamide, drug_name: Belinostat, smiles: C1=CC=C(C=C1)NS(=O)(=O)C2=CC=CC(=C2)C=CC(=O)NO, h_donor: 3, h_acceptor: 5, tpsa: 104, molecular_weight: 318.3, chembl_id: CHEMBL408513, logp: 1.7, cid: 53437714})",[:HAS_TRANSCRIPTOMIC_DATA],(:TranscriptomicData {name: Belinostat LINCS Transcriptomic Data})
"(:Drug {iupac_name: N-hydroxy-3-[3-(phenylsulfamoyl)phenyl]prop-2-enamide, drug_name: Belinostat, smiles: C1=CC=C(C=C1)NS(=O)(=O)C2=CC=CC(=C2)C=CC(=O)NO, h_donor: 3, h_acceptor: 5, tpsa: 104, molecular_weight: 318.3, chembl_id: CHEMBL408513, logp: 1.7, cid: 53437714})","[:SIMILAR_TO {score: 0.78, metric: Tanimoto, rank: 1, shared_structural_features: Highly Similar. Shares both the rare sulfonamide linker and the N-hydroxycinnamamide Zinc-Binding Group (ZBG). The only major difference is a pyrrole ring in place of a phenyl ring, and an added solubility group.}]",(:Drug {drug_name: Resminostat})
"(:Drug {iupac_name: N-hydroxy-3-[3-(phenylsulfamoyl)phenyl]prop-2-enamide, drug_name: Belinostat, smiles: C1=CC=C(C=C1)NS(=O)(=O)C2=CC=CC(=C2)C=CC(=O)NO, h_donor: 3, h_acceptor: 5, tpsa: 104, molecular_weight: 318.3, chembl_id: CHEMBL408513, logp: 1.7, cid: 53437714})","[:SIMILAR_TO {score: 0.52, metric: Tanimoto, rank: 2, shared_structural_features: Moderately Similar. Contains the exact same N-hydroxycinnamamide bioactive fragment as Belinostat. However, it lacks the sulfonamide linker, relying on a different core structure.}]",(:Drug {drug_name: Dacinostat})
"(:Drug {iupac_name: N-hydroxy-3-[3-(phenylsulfamoyl)phenyl]prop-2-enamide, drug_name: Belinostat, smiles: C1=CC=C(C=C1)NS(=O)(=O)C2=CC=CC(=C2)C=CC(=O)NO, h_donor: 3, h_acceptor: 5, tpsa: 104, molecular_weight: 318.3, chembl_id: CHEMBL408513, logp: 1.7, cid: 53437714})","[:SIMILAR_TO {score: 0.48, metric: Tanimoto, rank: 3, shared_structural_features: Moderately Similar. Also contains the N-hydroxycinnamamide bioactive fragment. It utilizes a bulkier benzimidazole cap instead of Belinostat's simpler phenyl-sulfonamide cap.}]",(:Drug {drug_name: Pracinostat})
"(:Drug {iupac_name: N-hydroxy-3-[3-(phenylsulfamoyl)phenyl]prop-2-enamide, drug_name: Belinostat, smiles: C1=CC=C(C=C1)NS(=O)(=O)C2=CC=CC(=C2)C=CC(=O)NO, h_donor: 3, h_acceptor: 5, tpsa: 104, molecular_weight: 318.3, chembl_id: CHEMBL408513, logp: 1.7, cid: 53437714})","[:SIMILAR_TO {score: 0.42, metric: Tanimoto, rank: 4, shared_structural_features: Moderately Similar. Like Belinostat, it is built on the N-hydroxycinnamamide fragment. The similarity drops because Panobinostat uses a much larger methyl-indole cap and an ethylamine linker.}]",(:Drug {drug_name: Panobinostat})
"(:Drug {iupac_name: N-hydroxy-3-[3-(phenylsulfamoyl)phenyl]prop-2-enamide, drug_name: Belinostat, smiles: C1=CC=C(C=C1)NS(=O)(=O)C2=CC=CC(=C2)C=CC(=O)NO, h_donor: 3, h_acceptor: 5, tpsa: 104, molecular_weight: 318.3, chembl_id: CHEMBL408513, logp: 1.7, cid: 53437714})","[:SIMILAR_TO {score: 0.32, metric: Tanimoto, rank: 5, shared_structural_features: Distantly Similar. Both are hydroxamic acids with a phenyl cap. However, Vorinostat uses a long, flexible, linear aliphatic chain to connect them, completely lacking the rigid double-bond (alkene) and sulfonamide found in Belinostat.}]",(:Drug {drug_name: Vorinostat})
"(:StudyMetadata {sponsor: Spectrum Pharmaceuticals, study_design: Uncontrolled, IV Monotherapy, study_ids: [CLN-19, CLN-20, SPI-BEL-103, SPI-BEL-1014, SPI-BEL-104], study_phase: Phase 2, status: Completed})",null,null
"(:PopulationCharacteristics {age_range: 29-81, median_age: 63.0, sample_size: 1186, disease_subtype: Relapsed or refractory PTCL, female_percent: 46.5, male_percent: 53.5, disease_indication: Peripheral T-Cell Lymphoma})",null,null
"(:DosingAdministration {schedule: Days 1-5 q 21 days, route: IV, dose_level: 500, infusion_duration: 30 minutes, cycle_length: 21 days})",null,null
"(:Pharmacokinetics {half_life: 1.1 hours, protein_binding_percent: 94, clearance: 1,240 mL/min, metabolism: UGT1A1, auc: 21,057 to 31,358 h*ng/mL (at 1,000 mg/m2), cmax: -0.00001772})",null,null
"(:EligibilityCriteria {creatinine_clearance: >=45 mL/min/1.73 m2, anc: >=1.0 x 10^9/L (to resume treatment), bilirubin: <=1.5 x ULN, platelet: >=50 x 10^9/L (to resume treatment), alt_ast: Monitoring required})",null,null
"(:TreatmentManagement {supportive_care: [Antiemetics, Growth factors], platelet_nadir_threshold: <25 x 10^9/L (reduce 25%), dose_reductions: [1500 mg/m², 1000 mg/m², 750 mg/m², 500 mg/m², 750 mg/day], anc_nadir_threshold: <0.5 x 10^9/L (reduce 25%)})",null,null
"(:MechanismOfAction {cellular_effects: Belinostat caused accumulation of acetylated histones and proteins, inducing cell cycle arrest and/or apoptosis of transformed cells, description: HDAC inhibitor, molecular_targets: [HDAC1, HDAC2, HDAC3, HDAC8, HDAC4, HDAC7, HDAC9, HDAC6]})",null,null
"(:PreclinicalToxicology {summary: Systemic exposures increase with dose; plasma levels decline rapidly with elimination half-life between 0.35-1.23 hours in rats and 0.45-1.61 hours in dogs., species: [Rat, Dog], target_organs: [Liver, Bone marrow]})",null,null
(:Genotoxicity {conclusion: Belinostat is a genotoxic agent targeting rapidly dividing cells.}),null,null
(:Carcinogenicity {studies_conducted: No}),null,null
(:StudyOverview {name: Belinostat Study Overview}),[:HAS_STUDY_METADATA],"(:StudyMetadata {sponsor: Spectrum Pharmaceuticals, study_design: Uncontrolled, IV Monotherapy, study_ids: [CLN-19, CLN-20, SPI-BEL-103, SPI-BEL-1014, SPI-BEL-104], study_phase: Phase 2, status: Completed})"
(:StudyOverview {name: Belinostat Study Overview}),[:HAS_POPULATION_CHARACTERISTICS],"(:PopulationCharacteristics {age_range: 29-81, median_age: 63.0, sample_size: 1186, disease_subtype: Relapsed or refractory PTCL, female_percent: 46.5, male_percent: 53.5, disease_indication: Peripheral T-Cell Lymphoma})"
(:StudyOverview {name: Belinostat Study Overview}),[:HAS_DOSING_ADMINISTRATION],"(:DosingAdministration {schedule: Days 1-5 q 21 days, route: IV, dose_level: 500, infusion_duration: 30 minutes, cycle_length: 21 days})"
(:ClinicalData {name: Belinostat Clinical Data}),[:HAS_PHARMACOKINETICS],"(:Pharmacokinetics {half_life: 1.1 hours, protein_binding_percent: 94, clearance: 1,240 mL/min, metabolism: UGT1A1, auc: 21,057 to 31,358 h*ng/mL (at 1,000 mg/m2), cmax: -0.00001772})"
(:ClinicalData {name: Belinostat Clinical Data}),[:HAS_ELIGIBILITY_CRITERIA],"(:EligibilityCriteria {creatinine_clearance: >=45 mL/min/1.73 m2, anc: >=1.0 x 10^9/L (to resume treatment), bilirubin: <=1.5 x ULN, platelet: >=50 x 10^9/L (to resume treatment), alt_ast: Monitoring required})"
(:ClinicalData {name: Belinostat Clinical Data}),[:HAS_TREATMENT_MANAGEMENT],"(:TreatmentManagement {supportive_care: [Antiemetics, Growth factors], platelet_nadir_threshold: <25 x 10^9/L (reduce 25%), dose_reductions: [1500 mg/m², 1000 mg/m², 750 mg/m², 500 mg/m², 750 mg/day], anc_nadir_threshold: <0.5 x 10^9/L (reduce 25%)})"
(:PreClinicalData {name: Belinostat Pre-Clinical Data}),[:HAS_MECHANISM_OF_ACTION],"(:MechanismOfAction {cellular_effects: Belinostat caused accumulation of acetylated histones and proteins, inducing cell cycle arrest and/or apoptosis of transformed cells, description: HDAC inhibitor, molecular_targets: [HDAC1, HDAC2, HDAC3, HDAC8, HDAC4, HDAC7, HDAC9, HDAC6]})"
(:PreClinicalData {name: Belinostat Pre-Clinical Data}),[:HAS_PRECLINICAL_TOXICOLOGY],"(:PreclinicalToxicology {summary: Systemic exposures increase with dose; plasma levels decline rapidly with elimination half-life between 0.35-1.23 hours in rats and 0.45-1.61 hours in dogs., species: [Rat, Dog], target_organs: [Liver, Bone marrow]})"
(:PreClinicalData {name: Belinostat Pre-Clinical Data}),[:HAS_GENOTOXICITY],(:Genotoxicity {conclusion: Belinostat is a genotoxic agent targeting rapidly dividing cells.})
(:PreClinicalData {name: Belinostat Pre-Clinical Data}),[:HAS_CARCINOGENICITY],(:Carcinogenicity {studies_conducted: No})
(:PreClinicalData {name: Belinostat Pre-Clinical Data}),[:HAS_REPRODUCTIVE_TOXICITY],"(:ReproductiveToxicity {warnings: Belinostat belongs to the histone deacetylase inhibitor class known to cause developmental toxicity., developmental_warnings: Belinostat is indicated for advanced cancer treatment; reproductive studies deemed unnecessary per ICH S9 guidance.})"
(:PreClinicalData {name: Belinostat Pre-Clinical Data}),[:TESTED_IN],(:Species {name: Rat})
(:PreClinicalData {name: Belinostat Pre-Clinical Data}),[:TESTED_IN],(:Species {name: Dog})
(:PreClinicalData {name: Belinostat Pre-Clinical Data}),[:HAS_CLINICAL_CHEMISTRY],"(:ClinicalChemistry {unit: ALT fold-change, parameter: Alanine Aminotransferase, name: Belinostat ALT Clinical Chemistry})"
"(:ReproductiveToxicity {warnings: Belinostat belongs to the histone deacetylase inhibitor class known to cause developmental toxicity., developmental_warnings: Belinostat is indicated for advanced cancer treatment; reproductive studies deemed unnecessary per ICH S9 guidance.})",null,null
(:DrugProductInfo {name: Belinostat Drug Product Info}),[:HAS_FORMULATION_STABILITY],"(:FormulationStability {stability_after_reconstitution: 12 hours at ambient temperature (15℃-25℃; 59ºF-77°F), storage: 20º to 25℃ (68° to 77ºF), type: Lyophilized powder for injection, excipients: [L-Arginine, Mannitol, Sodium hydroxide], shelf_life: 36 months})"
(:DrugProductInfo {name: Belinostat Drug Product Info}),[:HAS_DRUG_INTERACTIONS],"(:DrugInteractions {cyp_interactions: Interaction with CYP3A4 enzymes., clinical_significance: Potential for increased plasma levels of co-administered drugs metabolized by CYP3A4., interacting_drugs: [5-FU, carboplatin, paclitaxel, bortezomib, docetaxel, erlotinib, trabectedin, sorafenib, Warfarin, CYP3A4 substrates]})"
(:DrugProductInfo {name: Belinostat Drug Product Info}),[:HAS_CONTRAINDICATIONS],"(:Contraindications {list: [Severe hepatic impairment, Hypersensitivity], rationale: Risk of severe toxicity in hepatic impairment and allergic reactions.})"
(:DrugProductInfo {name: Belinostat Drug Product Info}),[:HAS_SPECIAL_POPULATIONS],"(:SpecialPopulations {pregnancy: Developmental toxicity warnings, hepatic_impairment: Moderate/severe impairment excluded, pediatric: No pediatric patients included})"
"(:FormulationStability {stability_after_reconstitution: 12 hours at ambient temperature (15℃-25℃; 59ºF-77°F), storage: 20º to 25℃ (68° to 77ºF), type: Lyophilized powder for injection, excipients: [L-Arginine, Mannitol, Sodium hydroxide], shelf_life: 36 months})",null,null
"(:DrugInteractions {cyp_interactions: Interaction with CYP3A4 enzymes., clinical_significance: Potential for increased plasma levels of co-administered drugs metabolized by CYP3A4., interacting_drugs: [5-FU, carboplatin, paclitaxel, bortezomib, docetaxel, erlotinib, trabectedin, sorafenib, Warfarin, CYP3A4 substrates]})",null,null
"(:Contraindications {list: [Severe hepatic impairment, Hypersensitivity], rationale: Risk of severe toxicity in hepatic impairment and allergic reactions.})",null,null
"(:SpecialPopulations {pregnancy: Developmental toxicity warnings, hepatic_impairment: Moderate/severe impairment excluded, pediatric: No pediatric patients included})",null,null
(:SafetyEfficacy {name: Belinostat Safety & Efficacy}),[:HAS_SAFETY_DATA],"(:SafetyData {death_count: 22, qtc_change: No significant QTc prolongation, total_aes: 205, hepatotoxicity_warning: One patient died with hepatic failure, which was considered related to belinostat treatment.})"
(:SafetyEfficacy {name: Belinostat Safety & Efficacy}),[:HAS_EFFICACY_OUTCOMES],"(:EfficacyOutcomes {median_duration_of_response: 13.6 months, pr_rate_percent: 15.0, cr_rate_percent: 10.8, median_time_to_response: 6 weeks, orr_percent: 25.8})"
(:SafetyEfficacy {name: Belinostat Safety & Efficacy}),[:HAS_SUBGROUP_EFFICACY],"(:SubgroupEfficacy {aitl_percent: 45.5, ptcl_nos_percent: 23.4})"
"(:SafetyData {death_count: 22, qtc_change: No significant QTc prolongation, total_aes: 205, hepatotoxicity_warning: One patient died with hepatic failure, which was considered related to belinostat treatment.})",null,null
"(:EfficacyOutcomes {median_duration_of_response: 13.6 months, pr_rate_percent: 15.0, cr_rate_percent: 10.8, median_time_to_response: 6 weeks, orr_percent: 25.8})",null,null
"(:SubgroupEfficacy {aitl_percent: 45.5, ptcl_nos_percent: 23.4})",null,null
(:AdverseEvents {name: Belinostat Adverse Events}),[:HAS_EVENT],"(:AdverseEvent {grade34_percents: [0.8, 0.8], teae: true, sae: false, counts: [54, 55, 50], name: Nausea, percents: [41.9, 42.6, 38.8], grade34_counts: [1, 1]})"
(:AdverseEvents {name: Belinostat Adverse Events}),[:HAS_EVENT],"(:AdverseEvent {grade34_percents: [5.4, 3.1], teae: true, sae: false, counts: [48, 48, 37], name: Fatigue, percents: [37.2, 37.2, 28.7, 5.4], grade34_counts: [7, 4]})"
(:AdverseEvents {name: Belinostat Adverse Events}),[:HAS_EVENT],"(:AdverseEvent {grade34_percents: [2.3], teae: true, sae: false, counts: [45, 47], name: Pyrexia, percents: [34.9, 36.4], grade34_counts: [3]})"
(:AdverseEvents {name: Belinostat Adverse Events}),[:HAS_EVENT],"(:AdverseEvent {grade34_percents: [10.9, 11.6], teae: true, sae: false, counts: [41, 41], name: Anemia, percents: [31.8, 11.6], grade34_counts: [14, 15]})"
(:AdverseEvents {name: Belinostat Adverse Events}),[:HAS_EVENT],"(:AdverseEvent {grade34_percents: [7.0, 7.8], teae: true, sae: false, counts: [14, 21], name: Thrombocytopenia, percents: [10.9, 7.8, 16.3], grade34_counts: [9, 10]})"
(:AdverseEvents {name: Belinostat Adverse Events}),[:HAS_EVENT],"(:AdverseEvent {grade34_percents: [6.2, 7.0], teae: true, sae: false, counts: [29], name: Dyspnea, percents: [7.0, 22.5], grade34_counts: [8, 9]})"
(:AdverseEvents {name: Belinostat Adverse Events}),[:HAS_EVENT],"(:AdverseEvent {grade34_percents: [6.2], teae: true, sae: false, counts: [13], name: Neutropenia, percents: [6.2, 10.1], grade34_counts: [8]})"
(:AdverseEvents {name: Belinostat Adverse Events}),[:HAS_EVENT],"(:AdverseEvent {grade34_percents: [5.4], teae: true, sae: true, counts: [], name: Pneumonia, percents: [], grade34_counts: [7]})"
(:AdverseEvents {name: Belinostat Adverse Events}),[:HAS_EVENT],"(:AdverseEvent {grade34_percents: [0.8], teae: true, sae: false, counts: [37], name: Vomiting, percents: [28.7], grade34_counts: [1]})"
(:AdverseEvents {name: Belinostat Adverse Events}),[:HAS_EVENT],"(:AdverseEvent {grade34_percents: [0.8], teae: true, sae: false, counts: [30], name: Constipation, percents: [23.3], grade34_counts: [1]})"
(:AdverseEvents {name: Belinostat Adverse Events}),[:HAS_EVENT],"(:AdverseEvent {grade34_percents: [1.6], teae: true, sae: false, counts: [28], name: Diarrhea, percents: [21.7], grade34_counts: [2]})"
(:AdverseEvents {name: Belinostat Adverse Events}),[:HAS_EVENT],"(:AdverseEvent {grade34_percents: [0], teae: true, sae: false, counts: [27], name: Edema Peripheral, percents: [20.9], grade34_counts: [0]})"
(:AdverseEvents {name: Belinostat Adverse Events}),[:HAS_EVENT],"(:AdverseEvent {grade34_percents: [0.8], teae: true, sae: false, counts: [26], name: Rash, percents: [20.2], grade34_counts: [1]})"
(:AdverseEvents {name: Belinostat Adverse Events}),[:HAS_EVENT],"(:AdverseEvent {grade34_percents: [0], teae: true, sae: false, counts: [25], name: Cough, percents: [19.4], grade34_counts: [0]})"
(:AdverseEvents {name: Belinostat Adverse Events}),[:HAS_EVENT],"(:AdverseEvent {grade34_percents: [1.6], teae: true, sae: false, counts: [21], name: Chills, percents: [16.3], grade34_counts: [2]})"
(:AdverseEvents {name: Belinostat Adverse Events}),[:HAS_EVENT],"(:AdverseEvent {grade34_percents: [3.1], teae: true, sae: false, counts: [21], name: Pruritus, percents: [16.3], grade34_counts: [4]})"
(:AdverseEvents {name: Belinostat Adverse Events}),[:HAS_EVENT],"(:AdverseEvent {grade34_percents: [5.4], teae: true, sae: false, counts: [17], name: Hypokalemia, percents: [5.4, 13.2], grade34_counts: [7]})"
(:AdverseEvents {name: Belinostat Adverse Events}),[:HAS_EVENT],"(:AdverseEvent {grade34_percents: [1.6], teae: true, sae: false, counts: [20], name: Blood Lactate Dehydrogenase Increased, percents: [15.5], grade34_counts: [2]})"
(:AdverseEvents {name: Belinostat Adverse Events}),[:HAS_EVENT],"(:AdverseEvent {grade34_percents: [2.3], teae: true, sae: false, counts: [20], name: Decreased Appetite, percents: [15.5], grade34_counts: [3]})"
(:AdverseEvents {name: Belinostat Adverse Events}),[:HAS_EVENT],"(:AdverseEvent {grade34_percents: [0], teae: true, sae: false, counts: [19], name: Headache, percents: [14.7], grade34_counts: [0]})"
(:AdverseEvents {name: Belinostat Adverse Events}),[:HAS_EVENT],"(:AdverseEvent {grade34_percents: [0], teae: true, sae: false, counts: [18], name: Infusion Site Pain, percents: [14.0], grade34_counts: [0]})"
(:AdverseEvents {name: Belinostat Adverse Events}),[:HAS_EVENT],"(:AdverseEvent {grade34_percents: [3.9], teae: true, sae: false, counts: [15], name: Electrocardiogram QT Prolonged, percents: [11.6], grade34_counts: [5]})"
(:AdverseEvents {name: Belinostat Adverse Events}),[:HAS_EVENT],"(:AdverseEvent {grade34_percents: [0.8], teae: true, sae: false, counts: [14], name: Abdominal Pain, percents: [10.9], grade34_counts: [1]})"
(:AdverseEvents {name: Belinostat Adverse Events}),[:HAS_EVENT],"(:AdverseEvent {grade34_percents: [3.1], teae: true, sae: false, counts: [14], name: Hypotension, percents: [10.9], grade34_counts: [4]})"
(:AdverseEvents {name: Belinostat Adverse Events}),[:HAS_EVENT],"(:AdverseEvent {grade34_percents: [0], teae: true, sae: false, counts: [13], name: Dizziness, percents: [10.1], grade34_counts: [0]})"
(:AdverseEvents {name: Belinostat Adverse Events}),[:HAS_EVENT],"(:AdverseEvent {grade34_percents: [2.3], teae: true, sae: false, counts: [13], name: Leukopenia, percents: [10.1], grade34_counts: [3]})"
"(:AdverseEvent {grade34_percents: [0.8, 0.8], teae: true, sae: false, counts: [54, 55, 50], name: Nausea, percents: [41.9, 42.6, 38.8], grade34_counts: [1, 1]})",null,null
"(:AdverseEvent {grade34_percents: [5.4, 3.1], teae: true, sae: false, counts: [48, 48, 37], name: Fatigue, percents: [37.2, 37.2, 28.7, 5.4], grade34_counts: [7, 4]})",null,null
"(:AdverseEvent {grade34_percents: [2.3], teae: true, sae: false, counts: [45, 47], name: Pyrexia, percents: [34.9, 36.4], grade34_counts: [3]})",null,null
"(:AdverseEvent {grade34_percents: [10.9, 11.6], teae: true, sae: false, counts: [41, 41], name: Anemia, percents: [31.8, 11.6], grade34_counts: [14, 15]})",null,null
"(:AdverseEvent {grade34_percents: [7.0, 7.8], teae: true, sae: false, counts: [14, 21], name: Thrombocytopenia, percents: [10.9, 7.8, 16.3], grade34_counts: [9, 10]})",null,null
"(:AdverseEvent {grade34_percents: [6.2, 7.0], teae: true, sae: false, counts: [29], name: Dyspnea, percents: [7.0, 22.5], grade34_counts: [8, 9]})",null,null
"(:AdverseEvent {grade34_percents: [6.2], teae: true, sae: false, counts: [13], name: Neutropenia, percents: [6.2, 10.1], grade34_counts: [8]})",null,null
"(:AdverseEvent {grade34_percents: [5.4], teae: true, sae: true, counts: [], name: Pneumonia, percents: [], grade34_counts: [7]})",null,null
"(:AdverseEvent {grade34_percents: [0.8], teae: true, sae: false, counts: [37], name: Vomiting, percents: [28.7], grade34_counts: [1]})",null,null
"(:AdverseEvent {grade34_percents: [0.8], teae: true, sae: false, counts: [30], name: Constipation, percents: [23.3], grade34_counts: [1]})",null,null
"(:AdverseEvent {grade34_percents: [1.6], teae: true, sae: false, counts: [28], name: Diarrhea, percents: [21.7], grade34_counts: [2]})",null,null
"(:AdverseEvent {grade34_percents: [0], teae: true, sae: false, counts: [27], name: Edema Peripheral, percents: [20.9], grade34_counts: [0]})",null,null
"(:AdverseEvent {grade34_percents: [0.8], teae: true, sae: false, counts: [26], name: Rash, percents: [20.2], grade34_counts: [1]})",null,null
"(:AdverseEvent {grade34_percents: [0], teae: true, sae: false, counts: [25], name: Cough, percents: [19.4], grade34_counts: [0]})",null,null
"(:AdverseEvent {grade34_percents: [1.6], teae: true, sae: false, counts: [21], name: Chills, percents: [16.3], grade34_counts: [2]})",null,null
"(:AdverseEvent {grade34_percents: [3.1], teae: true, sae: false, counts: [21], name: Pruritus, percents: [16.3], grade34_counts: [4]})",null,null
"(:AdverseEvent {grade34_percents: [5.4], teae: true, sae: false, counts: [17], name: Hypokalemia, percents: [5.4, 13.2], grade34_counts: [7]})",null,null
"(:AdverseEvent {grade34_percents: [1.6], teae: true, sae: false, counts: [20], name: Blood Lactate Dehydrogenase Increased, percents: [15.5], grade34_counts: [2]})",null,null
"(:AdverseEvent {grade34_percents: [2.3], teae: true, sae: false, counts: [20], name: Decreased Appetite, percents: [15.5], grade34_counts: [3]})",null,null
"(:AdverseEvent {grade34_percents: [0], teae: true, sae: false, counts: [19], name: Headache, percents: [14.7], grade34_counts: [0]})",null,null
"(:AdverseEvent {grade34_percents: [0], teae: true, sae: false, counts: [18], name: Infusion Site Pain, percents: [14.0], grade34_counts: [0]})",null,null
"(:AdverseEvent {grade34_percents: [3.9], teae: true, sae: false, counts: [15], name: Electrocardiogram QT Prolonged, percents: [11.6], grade34_counts: [5]})",null,null
"(:AdverseEvent {grade34_percents: [0.8], teae: true, sae: false, counts: [14], name: Abdominal Pain, percents: [10.9], grade34_counts: [1]})",null,null
"(:AdverseEvent {grade34_percents: [3.1], teae: true, sae: false, counts: [14], name: Hypotension, percents: [10.9], grade34_counts: [4]})",null,null
"(:AdverseEvent {grade34_percents: [0], teae: true, sae: false, counts: [13], name: Dizziness, percents: [10.1], grade34_counts: [0]})",null,null
"(:AdverseEvent {grade34_percents: [2.3], teae: true, sae: false, counts: [13], name: Leukopenia, percents: [10.1], grade34_counts: [3]})",null,null
"(:RecommendedDose {administration_days: Days 1-5, unit: mg/m², dose: 1000, route: IV infusion, infusion_duration: 30 minutes, cycle_length: 21 days, frequency: Every 21-day cycle})",null,null
(:TranscriptomicData {name: Belinostat LINCS Transcriptomic Data}),[:HAS_SIGNATURE],"(:Signature {signature_id: LINCSCP_112515, stitch_id: CID6918638, lincspertid: LSM-43181, cell_line: HEPG2, gene_targets: [HDAC1, HDAC2, HDAC3, HDAC4, HDAC5, HDAC6, HDAC7, HDAC8, HDAC9, HDAC10, HDAC11], concentration: 10uM, tissue: liver, perturbagen_id: BRD-K17743125, time: 24h, pubchem_id: 6918638})"
(:TranscriptomicData {name: Belinostat LINCS Transcriptomic Data}),[:HAS_SIGNATURE],"(:Signature {signature_id: LINCSCP_112516, stitch_id: CID6918638, lincspertid: LSM-43181, cell_line: HEPG2, gene_targets: [HDAC1, HDAC2, HDAC3, HDAC4, HDAC5, HDAC6, HDAC7, HDAC8, HDAC9, HDAC10, HDAC11], concentration: 3.33uM, tissue: liver, perturbagen_id: BRD-K17743125, time: 24h, pubchem_id: 6918638})"
(:TranscriptomicData {name: Belinostat LINCS Transcriptomic Data}),[:HAS_SIGNATURE],"(:Signature {signature_id: LINCSCP_112517, stitch_id: CID6918638, lincspertid: LSM-43181, cell_line: HEPG2, gene_targets: [HDAC1, HDAC2, HDAC3, HDAC4, HDAC5, HDAC6, HDAC7, HDAC8, HDAC9, HDAC10, HDAC11], concentration: 1.11uM, tissue: liver, perturbagen_id: BRD-K17743125, time: 24h, pubchem_id: 6918638})"
(:TranscriptomicData {name: Belinostat LINCS Transcriptomic Data}),[:HAS_SIGNATURE],"(:Signature {signature_id: LINCSCP_112518, stitch_id: CID6918638, lincspertid: LSM-43181, cell_line: HEPG2, gene_targets: [HDAC1, HDAC2, HDAC3, HDAC4, HDAC5, HDAC6, HDAC7, HDAC8, HDAC9, HDAC10, HDAC11], concentration: 0.37uM, tissue: liver, perturbagen_id: BRD-K17743125, time: 24h, pubchem_id: 6918638})"
(:TranscriptomicData {name: Belinostat LINCS Transcriptomic Data}),[:HAS_SIGNATURE],"(:Signature {signature_id: LINCSCP_112519, stitch_id: CID6918638, lincspertid: LSM-43181, cell_line: HEPG2, gene_targets: [HDAC1, HDAC2, HDAC3, HDAC4, HDAC5, HDAC6, HDAC7, HDAC8, HDAC9, HDAC10, HDAC11], concentration: 0.12uM, tissue: liver, perturbagen_id: BRD-K17743125, time: 24h, pubchem_id: 6918638})"
(:TranscriptomicData {name: Belinostat LINCS Transcriptomic Data}),[:HAS_SIGNATURE],"(:Signature {signature_id: LINCSCP_112520, stitch_id: CID6918638, lincspertid: LSM-43181, cell_line: HEPG2, gene_targets: [HDAC1, HDAC2, HDAC3, HDAC4, HDAC5, HDAC6, HDAC7, HDAC8, HDAC9, HDAC10, HDAC11], concentration: 0.04uM, tissue: liver, perturbagen_id: BRD-K17743125, time: 24h, pubchem_id: 6918638})"
(:TranscriptomicData {name: Belinostat LINCS Transcriptomic Data}),[:HAS_SIGNATURE],"(:Signature {signature_id: LINCSCP_22329, stitch_id: CID6918638, lincspertid: LSM-43181, cell_line: HEPG2, gene_targets: [HDAC1, HDAC2, HDAC3, HDAC4, HDAC5, HDAC6, HDAC7, HDAC8, HDAC9, HDAC10, HDAC11], concentration: 10uM, tissue: liver, perturbagen_id: BRD-K17743125, time: 6h, is_exemplar: true, pubchem_id: 6918638})"
"(:Signature {signature_id: LINCSCP_112515, stitch_id: CID6918638, lincspertid: LSM-43181, cell_line: HEPG2, gene_targets: [HDAC1, HDAC2, HDAC3, HDAC4, HDAC5, HDAC6, HDAC7, HDAC8, HDAC9, HDAC10, HDAC11], concentration: 10uM, tissue: liver, perturbagen_id: BRD-K17743125, time: 24h, pubchem_id: 6918638})",[:HAS_DIFFERENTIAL_EXPRESSION],"(:DifferentialExpression {p_value: 0.00159102980978787, logFC: 2.86584, gene_symbol: AARS, gene_id: 16})"
"(:Signature {signature_id: LINCSCP_112515, stitch_id: CID6918638, lincspertid: LSM-43181, cell_line: HEPG2, gene_targets: [HDAC1, HDAC2, HDAC3, HDAC4, HDAC5, HDAC6, HDAC7, HDAC8, HDAC9, HDAC10, HDAC11], concentration: 10uM, tissue: liver, perturbagen_id: BRD-K17743125, time: 24h, pubchem_id: 6918638})",[:HAS_DIFFERENTIAL_EXPRESSION],"(:DifferentialExpression {p_value: 0.12344004958868, logFC: -0.719101, gene_symbol: ABCF1, gene_id: 23})"
"(:Signature {signature_id: LINCSCP_112515, stitch_id: CID6918638, lincspertid: LSM-43181, cell_line: HEPG2, gene_targets: [HDAC1, HDAC2, HDAC3, HDAC4, HDAC5, HDAC6, HDAC7, HDAC8, HDAC9, HDAC10, HDAC11], concentration: 10uM, tissue: liver, perturbagen_id: BRD-K17743125, time: 24h, pubchem_id: 6918638})",[:HAS_DIFFERENTIAL_EXPRESSION],"(:DifferentialExpression {p_value: 0.0534232333302498, logFC: -1.09127, gene_symbol: ABL1, gene_id: 25})"
"(:Signature {signature_id: LINCSCP_112515, stitch_id: CID6918638, lincspertid: LSM-43181, cell_line: HEPG2, gene_targets: [HDAC1, HDAC2, HDAC3, HDAC4, HDAC5, HDAC6, HDAC7, HDAC8, HDAC9, HDAC10, HDAC11], concentration: 10uM, tissue: liver, perturbagen_id: BRD-K17743125, time: 24h, pubchem_id: 6918638})",[:HAS_DIFFERENTIAL_EXPRESSION],"(:DifferentialExpression {p_value: 0.428902357816696, logFC: -0.422714, gene_symbol: ACAA1, gene_id: 30})"
"(:Signature {signature_id: LINCSCP_112515, stitch_id: CID6918638, lincspertid: LSM-43181, cell_line: HEPG2, gene_targets: [HDAC1, HDAC2, HDAC3, HDAC4, HDAC5, HDAC6, HDAC7, HDAC8, HDAC9, HDAC10, HDAC11], concentration: 10uM, tissue: liver, perturbagen_id: BRD-K17743125, time: 24h, pubchem_id: 6918638})",[:HAS_DIFFERENTIAL_EXPRESSION],"(:DifferentialExpression {p_value: 0.281458884477615, logFC: -0.519469, gene_symbol: ACAT2, gene_id: 39})"
"(:Signature {signature_id: LINCSCP_112516, stitch_id: CID6918638, lincspertid: LSM-43181, cell_line: HEPG2, gene_targets: [HDAC1, HDAC2, HDAC3, HDAC4, HDAC5, HDAC6, HDAC7, HDAC8, HDAC9, HDAC10, HDAC11], concentration: 3.33uM, tissue: liver, perturbagen_id: BRD-K17743125, time: 24h, pubchem_id: 6918638})",null,null
"(:Signature {signature_id: LINCSCP_112517, stitch_id: CID6918638, lincspertid: LSM-43181, cell_line: HEPG2, gene_targets: [HDAC1, HDAC2, HDAC3, HDAC4, HDAC5, HDAC6, HDAC7, HDAC8, HDAC9, HDAC10, HDAC11], concentration: 1.11uM, tissue: liver, perturbagen_id: BRD-K17743125, time: 24h, pubchem_id: 6918638})",null,null
"(:Signature {signature_id: LINCSCP_112518, stitch_id: CID6918638, lincspertid: LSM-43181, cell_line: HEPG2, gene_targets: [HDAC1, HDAC2, HDAC3, HDAC4, HDAC5, HDAC6, HDAC7, HDAC8, HDAC9, HDAC10, HDAC11], concentration: 0.37uM, tissue: liver, perturbagen_id: BRD-K17743125, time: 24h, pubchem_id: 6918638})",null,null
"(:Signature {signature_id: LINCSCP_112519, stitch_id: CID6918638, lincspertid: LSM-43181, cell_line: HEPG2, gene_targets: [HDAC1, HDAC2, HDAC3, HDAC4, HDAC5, HDAC6, HDAC7, HDAC8, HDAC9, HDAC10, HDAC11], concentration: 0.12uM, tissue: liver, perturbagen_id: BRD-K17743125, time: 24h, pubchem_id: 6918638})",null,null
"(:Signature {signature_id: LINCSCP_112520, stitch_id: CID6918638, lincspertid: LSM-43181, cell_line: HEPG2, gene_targets: [HDAC1, HDAC2, HDAC3, HDAC4, HDAC5, HDAC6, HDAC7, HDAC8, HDAC9, HDAC10, HDAC11], concentration: 0.04uM, tissue: liver, perturbagen_id: BRD-K17743125, time: 24h, pubchem_id: 6918638})",null,null
"(:Signature {signature_id: LINCSCP_22329, stitch_id: CID6918638, lincspertid: LSM-43181, cell_line: HEPG2, gene_targets: [HDAC1, HDAC2, HDAC3, HDAC4, HDAC5, HDAC6, HDAC7, HDAC8, HDAC9, HDAC10, HDAC11], concentration: 10uM, tissue: liver, perturbagen_id: BRD-K17743125, time: 6h, is_exemplar: true, pubchem_id: 6918638})",null,null
"(:DifferentialExpression {p_value: 0.00159102980978787, logFC: 2.86584, gene_symbol: AARS, gene_id: 16})",null,null
"(:DifferentialExpression {p_value: 0.12344004958868, logFC: -0.719101, gene_symbol: ABCF1, gene_id: 23})",null,null
"(:DifferentialExpression {p_value: 0.0534232333302498, logFC: -1.09127, gene_symbol: ABL1, gene_id: 25})",null,null
"(:DifferentialExpression {p_value: 0.428902357816696, logFC: -0.422714, gene_symbol: ACAA1, gene_id: 30})",null,null
"(:DifferentialExpression {p_value: 0.281458884477615, logFC: -0.519469, gene_symbol: ACAT2, gene_id: 39})",null,null
(:Drug {drug_name: Resminostat}),[:HAS_CLINICAL_DATA],"(:ClinicalData {phase: Phase I, ae_term: Thrombocytopenia / Anorexia, sponsor: Academic/Industry, median_duration_of_response: Median PFS 3.1 mo; OS 8.8 mo, study_id: PMID:29995287, source_link: https://pubmed.ncbi.nlm.nih.gov/29995287/, schedule: Days 1–5, 8–12, supportive_care: Supportive care given, ae_percentage: ~69%, route: Oral, sample_size: 27, disease_subtype: Advanced solid tumors, dose_level: 200 mg/day, study_design: Open-label, dose escalation, name: Resminostat Clinical Data, platelet: Thrombocytopenia, cycle_length: 21-day cycle, indication: Biliary tract / Pancreatic cancer, status: Completed, ae_count: 11})"
(:Drug {drug_name: Resminostat}),[:HAS_PRECLINICAL_DATA],(:PreClinicalData {name: Resminostat Pre-Clinical Data})
(:Drug {drug_name: Resminostat}),[:HAS_TRANSCRIPTOMIC_DATA],(:TranscriptomicData {name: Resminostat LINCS Transcriptomic Data})
(:Drug {drug_name: Dacinostat}),[:HAS_CLINICAL_DATA],"(:ClinicalData {phase: Phase I, ae_term: Nausea / Vomiting / Fatigue, sponsor: Novartis, study_id: PMC3795372, source_link: https://pmc.ncbi.nlm.nih.gov/articles/PMC3795372/, schedule: Days 1–3, route: Intravenous, sample_size: 39, dose_level: IV dose escalation, study_design: Dose escalation, name: Dacinostat Clinical Data, cycle_length: 21-day cycle, indication: Advanced solid tumors, status: Completed})"
(:Drug {drug_name: Dacinostat}),[:HAS_PRECLINICAL_DATA],(:PreClinicalData {name: Dacinostat Pre-Clinical Data})
(:Drug {drug_name: Dacinostat}),[:HAS_TRANSCRIPTOMIC_DATA],(:TranscriptomicData {name: Dacinostat LINCS Transcriptomic Data})
(:Drug {drug_name: Pracinostat}),[:HAS_CLINICAL_DATA],"(:ClinicalData {phase: Phase II, ae_term: Infections / Cytopenias, sponsor: MEI Pharma, median_duration_of_response: Median OS 19.1 mo; PFS 12.6 mo, grade34_aes: Grade ≥3 reported, source_link: https://pubmed.ncbi.nlm.nih.gov/30760466/, schedule: 3x weekly, supportive_care: Supportive care required, route: Oral, disease_subtype: Older unfit AML, dose_level: 60 mg, study_design: Interventional, anc: Neutropenia / Thrombocytopenia, name: Pracinostat Clinical Data, cycle_length: 28-day cycle, orr_percent: 42%, indication: Acute Myeloid Leukemia, status: Completed})"
(:Drug {drug_name: Pracinostat}),[:HAS_PRECLINICAL_DATA],(:PreClinicalData {name: Pracinostat Pre-Clinical Data})
(:Drug {drug_name: Pracinostat}),[:HAS_TRANSCRIPTOMIC_DATA],(:TranscriptomicData {name: Pracinostat LINCS Transcriptomic Data})
(:Drug {drug_name: Panobinostat}),[:HAS_CLINICAL_DATA],"(:ClinicalData {sponsor: Novartis, pr_rate_percent: 55, common_ae: Diarrhea, fatigue, grade34_aes: Hematologic, cardiac, study_id: PANORAMA-1, male_percent: 55, cmax: Affected by CYP3A inhibitors, age_range: Adult, sample_size: 768, infusion_duration: NA, clearance: Hepatic dependent, bilirubin_elevation: Observed, orr_percent: 60, dose_reductions_required: Common, phase: III, platelet_decrease: Thrombocytopenia frequent, median_age: 63, sae_reported: Yes, median_duration_of_response: Reported, protein_binding: Moderate, creatinine_clearance_impact: Minimal, cr_rate_percent: 5, median_time_to_response: Reported, auc: Increased with CYP3A inhibitors, source_link: https://www.accessdata.fda.gov/drugsatfda_docs/label/2015/205353s000lbl.pdf, schedule: 3x weekly (combo), supportive_care: Hematologic support, alt_elevation: Observed, ast_elevation: Observed, death_count_study: Higher vs control arm, route: Oral, half_life: ≈30 hrs, disease_subtype: Relapsed/Refractory MM, dose_level: 20 mg, study_design: Randomized, multicenter, anc_decrease: Neutropenia frequent, name: Panobinostat Clinical Data, cycle_length: 21-day cycles, metabolism: CYP3A metabolism, indication: Multiple Myeloma, female_percent: 45, status: Completed})"
(:Drug {drug_name: Panobinostat}),[:HAS_PRECLINICAL_DATA],(:PreClinicalData {name: Panobinostat Pre-Clinical Data})
(:Drug {drug_name: Panobinostat}),[:HAS_TRANSCRIPTOMIC_DATA],(:TranscriptomicData {name: Panobinostat LINCS Transcriptomic Data})
(:Drug {drug_name: Vorinostat}),[:HAS_CLINICAL_DATA],"(:ClinicalData {sponsor: Merck, pr_rate_percent: 28, common_ae: Fatigue, nausea, grade34_aes: Hematologic, study_id: Phase II CTCL Trial, male_percent: 60, cmax: ≈1.2 µM, age_range: 18–85, sample_size: 74, infusion_duration: NA, clearance: Not fully reported, bilirubin_elevation: Rare, orr_percent: 30, dose_reductions_required: Yes (hematologic), phase: II, platelet_decrease: Thrombocytopenia common, median_age: 60, sae_reported: Yes, median_duration_of_response: Not consistently reported, protein_binding: ≈71%, creatinine_clearance_impact: Minimal impact, cr_rate_percent: 2, median_time_to_response: ≈8 weeks, auc: ≈6.0 µM·hr, source_link: https://www.accessdata.fda.gov/drugsatfda_docs/label/2018/021991s009lbl.pdf, schedule: Once daily, supportive_care: Growth factors, transfusions, alt_elevation: Observed, ast_elevation: Observed, death_count_study: Low, route: Oral, half_life: ≈2 hrs, disease_subtype: Cutaneous T-cell Lymphoma, dose_level: 400 mg, study_design: Single-arm, multicenter, anc_decrease: Neutropenia observed, name: Vorinostat Clinical Data, cycle_length: 28 days, metabolism: Glucuronidation, hydrolysis, indication: CTCL, female_percent: 40, status: Completed})"
(:Drug {drug_name: Vorinostat}),[:HAS_PRECLINICAL_DATA],(:PreClinicalData {name: Vorinostat Pre-Clinical Data})
(:Drug {drug_name: Vorinostat}),[:HAS_TRANSCRIPTOMIC_DATA],(:TranscriptomicData {name: Vorinostat LINCS Transcriptomic Data})
(:TranscriptomicData {name: Resminostat LINCS Transcriptomic Data}),[:HAS_SIGNATURE],"(:Signature {signature_id: LINCSCP_104045, stitch_id: CID11609955, lincspertid: LSM-45663, cell_line: HELA, concentration: 10uM, tissue: large intestine, perturbagen_id: BRD-K28822270, time: 24h, pubchem_id: 11609955})"
(:TranscriptomicData {name: Resminostat LINCS Transcriptomic Data}),[:HAS_SIGNATURE],"(:Signature {signature_id: LINCSCP_104046, stitch_id: CID11609955, lincspertid: LSM-45663, cell_line: HELA, concentration: 3.33uM, tissue: large intestine, perturbagen_id: BRD-K28822270, time: 24h, pubchem_id: 11609955})"
(:TranscriptomicData {name: Resminostat LINCS Transcriptomic Data}),[:HAS_SIGNATURE],"(:Signature {signature_id: LINCSCP_104047, stitch_id: CID11609955, lincspertid: LSM-45663, cell_line: HELA, concentration: 1.11uM, tissue: large intestine, perturbagen_id: BRD-K28822270, time: 24h, pubchem_id: 11609955})"
(:TranscriptomicData {name: Resminostat LINCS Transcriptomic Data}),[:HAS_SIGNATURE],"(:Signature {signature_id: LINCSCP_104048, stitch_id: CID11609955, lincspertid: LSM-45663, cell_line: HELA, concentration: 0.37uM, tissue: large intestine, perturbagen_id: BRD-K28822270, time: 24h, pubchem_id: 11609955})"
(:TranscriptomicData {name: Resminostat LINCS Transcriptomic Data}),[:HAS_SIGNATURE],"(:Signature {signature_id: LINCSCP_104049, stitch_id: CID11609955, lincspertid: LSM-45663, cell_line: HELA, concentration: 0.12uM, tissue: large intestine, perturbagen_id: BRD-K28822270, time: 24h, pubchem_id: 11609955})"
"(:Signature {signature_id: LINCSCP_104045, stitch_id: CID11609955, lincspertid: LSM-45663, cell_line: HELA, concentration: 10uM, tissue: large intestine, perturbagen_id: BRD-K28822270, time: 24h, pubchem_id: 11609955})",[:HAS_DIFFERENTIAL_EXPRESSION],"(:DifferentialExpression {p_value: 0.485809, logFC: 0.34576, gene_symbol: AARS, gene_id: 16})"
"(:Signature {signature_id: LINCSCP_104045, stitch_id: CID11609955, lincspertid: LSM-45663, cell_line: HELA, concentration: 10uM, tissue: large intestine, perturbagen_id: BRD-K28822270, time: 24h, pubchem_id: 11609955})",[:HAS_DIFFERENTIAL_EXPRESSION],"(:DifferentialExpression {p_value: 0.67892, logFC: 0.157361, gene_symbol: ABCF1, gene_id: 23})"
"(:Signature {signature_id: LINCSCP_104045, stitch_id: CID11609955, lincspertid: LSM-45663, cell_line: HELA, concentration: 10uM, tissue: large intestine, perturbagen_id: BRD-K28822270, time: 24h, pubchem_id: 11609955})",[:HAS_DIFFERENTIAL_EXPRESSION],"(:DifferentialExpression {p_value: 0.00083, logFC: -2.61855, gene_symbol: ABL1, gene_id: 25})"
"(:Signature {signature_id: LINCSCP_104045, stitch_id: CID11609955, lincspertid: LSM-45663, cell_line: HELA, concentration: 10uM, tissue: large intestine, perturbagen_id: BRD-K28822270, time: 24h, pubchem_id: 11609955})",[:HAS_DIFFERENTIAL_EXPRESSION],"(:DifferentialExpression {p_value: 0.00218, logFC: 2.68185, gene_symbol: ACAA1, gene_id: 30})"
"(:Signature {signature_id: LINCSCP_104045, stitch_id: CID11609955, lincspertid: LSM-45663, cell_line: HELA, concentration: 10uM, tissue: large intestine, perturbagen_id: BRD-K28822270, time: 24h, pubchem_id: 11609955})",[:HAS_DIFFERENTIAL_EXPRESSION],"(:DifferentialExpression {p_value: 0.000803, logFC: -4.64135, gene_symbol: ACAT2, gene_id: 39})"
"(:Signature {signature_id: LINCSCP_104046, stitch_id: CID11609955, lincspertid: LSM-45663, cell_line: HELA, concentration: 3.33uM, tissue: large intestine, perturbagen_id: BRD-K28822270, time: 24h, pubchem_id: 11609955})",null,null
"(:Signature {signature_id: LINCSCP_104047, stitch_id: CID11609955, lincspertid: LSM-45663, cell_line: HELA, concentration: 1.11uM, tissue: large intestine, perturbagen_id: BRD-K28822270, time: 24h, pubchem_id: 11609955})",null,null
"(:Signature {signature_id: LINCSCP_104048, stitch_id: CID11609955, lincspertid: LSM-45663, cell_line: HELA, concentration: 0.37uM, tissue: large intestine, perturbagen_id: BRD-K28822270, time: 24h, pubchem_id: 11609955})",null,null
"(:Signature {signature_id: LINCSCP_104049, stitch_id: CID11609955, lincspertid: LSM-45663, cell_line: HELA, concentration: 0.12uM, tissue: large intestine, perturbagen_id: BRD-K28822270, time: 24h, pubchem_id: 11609955})",null,null
"(:DifferentialExpression {p_value: 0.485809, logFC: 0.34576, gene_symbol: AARS, gene_id: 16})",null,null
"(:DifferentialExpression {p_value: 0.67892, logFC: 0.157361, gene_symbol: ABCF1, gene_id: 23})",null,null
"(:DifferentialExpression {p_value: 0.00083, logFC: -2.61855, gene_symbol: ABL1, gene_id: 25})",null,null
"(:DifferentialExpression {p_value: 0.00218, logFC: 2.68185, gene_symbol: ACAA1, gene_id: 30})",null,null
"(:DifferentialExpression {p_value: 0.000803, logFC: -4.64135, gene_symbol: ACAT2, gene_id: 39})",null,null
(:TranscriptomicData {name: Dacinostat LINCS Transcriptomic Data}),[:HAS_SIGNATURE],"(:Signature {signature_id: LINCSCP_22566, stitch_id: CID6445533, lincspertid: LSM-43097, cell_line: HEPG2, gene_targets: [HDAC1], concentration: 10uM, tissue: liver, perturbagen_id: BRD-K56957086, time: 6h, pubchem_id: 6445533})"
(:TranscriptomicData {name: Dacinostat LINCS Transcriptomic Data}),[:HAS_SIGNATURE],"(:Signature {signature_id: LINCSCP_22567, stitch_id: CID6445533, lincspertid: LSM-43097, cell_line: HEPG2, gene_targets: [HDAC1], concentration: 10uM, tissue: liver, perturbagen_id: BRD-K56957086, time: 6h, pubchem_id: 6445533})"
(:TranscriptomicData {name: Dacinostat LINCS Transcriptomic Data}),[:HAS_SIGNATURE],"(:Signature {signature_id: LINCSCP_106256, stitch_id: CID6445533, lincspertid: LSM-43097, cell_line: HELA, gene_targets: [HDAC1], concentration: 10uM, tissue: large intestine, perturbagen_id: BRD-K56957086, time: 24h, pubchem_id: 6445533})"
(:TranscriptomicData {name: Dacinostat LINCS Transcriptomic Data}),[:HAS_SIGNATURE],"(:Signature {signature_id: LINCSCP_106257, stitch_id: CID6445533, lincspertid: LSM-43097, cell_line: HELA, gene_targets: [HDAC1], concentration: 3.33uM, tissue: large intestine, perturbagen_id: BRD-K56957086, time: 24h, pubchem_id: 6445533})"
(:TranscriptomicData {name: Dacinostat LINCS Transcriptomic Data}),[:HAS_SIGNATURE],"(:Signature {signature_id: LINCSCP_106258, stitch_id: CID6445533, lincspertid: LSM-43097, cell_line: HELA, gene_targets: [HDAC1], concentration: 1.11uM, tissue: large intestine, perturbagen_id: BRD-K56957086, time: 24h, pubchem_id: 6445533})"
"(:Signature {signature_id: LINCSCP_22566, stitch_id: CID6445533, lincspertid: LSM-43097, cell_line: HEPG2, gene_targets: [HDAC1], concentration: 10uM, tissue: liver, perturbagen_id: BRD-K56957086, time: 6h, pubchem_id: 6445533})",null,null
"(:Signature {signature_id: LINCSCP_22567, stitch_id: CID6445533, lincspertid: LSM-43097, cell_line: HEPG2, gene_targets: [HDAC1], concentration: 10uM, tissue: liver, perturbagen_id: BRD-K56957086, time: 6h, pubchem_id: 6445533})",null,null
"(:Signature {signature_id: LINCSCP_106256, stitch_id: CID6445533, lincspertid: LSM-43097, cell_line: HELA, gene_targets: [HDAC1], concentration: 10uM, tissue: large intestine, perturbagen_id: BRD-K56957086, time: 24h, pubchem_id: 6445533})",[:HAS_DIFFERENTIAL_EXPRESSION],"(:DifferentialExpression {p_value: 0.080848, logFC: 0.878283, gene_symbol: AARS, gene_id: 16})"
"(:Signature {signature_id: LINCSCP_106256, stitch_id: CID6445533, lincspertid: LSM-43097, cell_line: HELA, gene_targets: [HDAC1], concentration: 10uM, tissue: large intestine, perturbagen_id: BRD-K56957086, time: 24h, pubchem_id: 6445533})",[:HAS_DIFFERENTIAL_EXPRESSION],"(:DifferentialExpression {p_value: 0.078137, logFC: 0.910177, gene_symbol: ABCF1, gene_id: 23})"
"(:Signature {signature_id: LINCSCP_106256, stitch_id: CID6445533, lincspertid: LSM-43097, cell_line: HELA, gene_targets: [HDAC1], concentration: 10uM, tissue: large intestine, perturbagen_id: BRD-K56957086, time: 24h, pubchem_id: 6445533})",[:HAS_DIFFERENTIAL_EXPRESSION],"(:DifferentialExpression {p_value: 0.00673, logFC: -4.89028, gene_symbol: ABL1, gene_id: 25})"
"(:Signature {signature_id: LINCSCP_106256, stitch_id: CID6445533, lincspertid: LSM-43097, cell_line: HELA, gene_targets: [HDAC1], concentration: 10uM, tissue: large intestine, perturbagen_id: BRD-K56957086, time: 24h, pubchem_id: 6445533})",[:HAS_DIFFERENTIAL_EXPRESSION],"(:DifferentialExpression {p_value: 0.007814, logFC: 4.15218, gene_symbol: ACAA1, gene_id: 30})"
"(:Signature {signature_id: LINCSCP_106256, stitch_id: CID6445533, lincspertid: LSM-43097, cell_line: HELA, gene_targets: [HDAC1], concentration: 10uM, tissue: large intestine, perturbagen_id: BRD-K56957086, time: 24h, pubchem_id: 6445533})",[:HAS_DIFFERENTIAL_EXPRESSION],"(:DifferentialExpression {p_value: 0.01497, logFC: -3.43662, gene_symbol: ACAT2, gene_id: 39})"
"(:Signature {signature_id: LINCSCP_106257, stitch_id: CID6445533, lincspertid: LSM-43097, cell_line: HELA, gene_targets: [HDAC1], concentration: 3.33uM, tissue: large intestine, perturbagen_id: BRD-K56957086, time: 24h, pubchem_id: 6445533})",null,null
"(:Signature {signature_id: LINCSCP_106258, stitch_id: CID6445533, lincspertid: LSM-43097, cell_line: HELA, gene_targets: [HDAC1], concentration: 1.11uM, tissue: large intestine, perturbagen_id: BRD-K56957086, time: 24h, pubchem_id: 6445533})",null,null
"(:DifferentialExpression {p_value: 0.080848, logFC: 0.878283, gene_symbol: AARS, gene_id: 16})",null,null
"(:DifferentialExpression {p_value: 0.078137, logFC: 0.910177, gene_symbol: ABCF1, gene_id: 23})",null,null
"(:DifferentialExpression {p_value: 0.00673, logFC: -4.89028, gene_symbol: ABL1, gene_id: 25})",null,null
"(:DifferentialExpression {p_value: 0.007814, logFC: 4.15218, gene_symbol: ACAA1, gene_id: 30})",null,null
"(:DifferentialExpression {p_value: 0.01497, logFC: -3.43662, gene_symbol: ACAT2, gene_id: 39})",null,null
(:TranscriptomicData {name: Pracinostat LINCS Transcriptomic Data}),[:HAS_SIGNATURE],"(:Signature {signature_id: LINCSCP_100628, stitch_id: CID49855250, lincspertid: LSM-43290, cell_line: HCC515, concentration: 10uM, tissue: lung, perturbagen_id: BRD-K86797399, time: 24h, pubchem_id: 49855250})"
(:TranscriptomicData {name: Pracinostat LINCS Transcriptomic Data}),[:HAS_SIGNATURE],"(:Signature {signature_id: LINCSCP_112461, stitch_id: CID49855250, lincspertid: LSM-43290, cell_line: HEPG2, concentration: 10uM, tissue: liver, perturbagen_id: BRD-K86797399, time: 24h, pubchem_id: 49855250})"
(:TranscriptomicData {name: Pracinostat LINCS Transcriptomic Data}),[:HAS_SIGNATURE],"(:Signature {signature_id: LINCSCP_112462, stitch_id: CID49855250, lincspertid: LSM-43290, cell_line: HEPG2, concentration: 3.33uM, tissue: liver, perturbagen_id: BRD-K86797399, time: 24h, pubchem_id: 49855250})"
(:TranscriptomicData {name: Pracinostat LINCS Transcriptomic Data}),[:HAS_SIGNATURE],"(:Signature {signature_id: LINCSCP_112463, stitch_id: CID49855250, lincspertid: LSM-43290, cell_line: HEPG2, concentration: 1.11uM, tissue: liver, perturbagen_id: BRD-K86797399, time: 24h, pubchem_id: 49855250})"
(:TranscriptomicData {name: Pracinostat LINCS Transcriptomic Data}),[:HAS_SIGNATURE],"(:Signature {signature_id: LINCSCP_112464, stitch_id: CID49855250, lincspertid: LSM-43290, cell_line: HEPG2, concentration: 0.37uM, tissue: liver, perturbagen_id: BRD-K86797399, time: 24h, pubchem_id: 49855250})"
"(:Signature {signature_id: LINCSCP_100628, stitch_id: CID49855250, lincspertid: LSM-43290, cell_line: HCC515, concentration: 10uM, tissue: lung, perturbagen_id: BRD-K86797399, time: 24h, pubchem_id: 49855250})",[:HAS_DIFFERENTIAL_EXPRESSION],"(:DifferentialExpression {p_value: 0.045269, logFC: -1.3134, gene_symbol: AARS, gene_id: 16})"
"(:Signature {signature_id: LINCSCP_100628, stitch_id: CID49855250, lincspertid: LSM-43290, cell_line: HCC515, concentration: 10uM, tissue: lung, perturbagen_id: BRD-K86797399, time: 24h, pubchem_id: 49855250})",[:HAS_DIFFERENTIAL_EXPRESSION],"(:DifferentialExpression {p_value: 0.658554, logFC: -0.22085, gene_symbol: ABCF1, gene_id: 23})"
"(:Signature {signature_id: LINCSCP_100628, stitch_id: CID49855250, lincspertid: LSM-43290, cell_line: HCC515, concentration: 10uM, tissue: lung, perturbagen_id: BRD-K86797399, time: 24h, pubchem_id: 49855250})",[:HAS_DIFFERENTIAL_EXPRESSION],"(:DifferentialExpression {p_value: 0.60497, logFC: -0.268, gene_symbol: ABL1, gene_id: 25})"
"(:Signature {signature_id: LINCSCP_100628, stitch_id: CID49855250, lincspertid: LSM-43290, cell_line: HCC515, concentration: 10uM, tissue: lung, perturbagen_id: BRD-K86797399, time: 24h, pubchem_id: 49855250})",[:HAS_DIFFERENTIAL_EXPRESSION],"(:DifferentialExpression {p_value: 0.72804, logFC: 0.14565, gene_symbol: ACAA1, gene_id: 30})"
"(:Signature {signature_id: LINCSCP_100628, stitch_id: CID49855250, lincspertid: LSM-43290, cell_line: HCC515, concentration: 10uM, tissue: lung, perturbagen_id: BRD-K86797399, time: 24h, pubchem_id: 49855250})",[:HAS_DIFFERENTIAL_EXPRESSION],"(:DifferentialExpression {p_value: 0.682304, logFC: 0.17285, gene_symbol: ACAT2, gene_id: 39})"
"(:Signature {signature_id: LINCSCP_112461, stitch_id: CID49855250, lincspertid: LSM-43290, cell_line: HEPG2, concentration: 10uM, tissue: liver, perturbagen_id: BRD-K86797399, time: 24h, pubchem_id: 49855250})",null,null
"(:Signature {signature_id: LINCSCP_112462, stitch_id: CID49855250, lincspertid: LSM-43290, cell_line: HEPG2, concentration: 3.33uM, tissue: liver, perturbagen_id: BRD-K86797399, time: 24h, pubchem_id: 49855250})",null,null
"(:Signature {signature_id: LINCSCP_112463, stitch_id: CID49855250, lincspertid: LSM-43290, cell_line: HEPG2, concentration: 1.11uM, tissue: liver, perturbagen_id: BRD-K86797399, time: 24h, pubchem_id: 49855250})",null,null
"(:Signature {signature_id: LINCSCP_112464, stitch_id: CID49855250, lincspertid: LSM-43290, cell_line: HEPG2, concentration: 0.37uM, tissue: liver, perturbagen_id: BRD-K86797399, time: 24h, pubchem_id: 49855250})",null,null
"(:DifferentialExpression {p_value: 0.045269, logFC: -1.3134, gene_symbol: AARS, gene_id: 16})",null,null
"(:DifferentialExpression {p_value: 0.658554, logFC: -0.22085, gene_symbol: ABCF1, gene_id: 23})",null,null
"(:DifferentialExpression {p_value: 0.60497, logFC: -0.268, gene_symbol: ABL1, gene_id: 25})",null,null
"(:DifferentialExpression {p_value: 0.72804, logFC: 0.14565, gene_symbol: ACAA1, gene_id: 30})",null,null
"(:DifferentialExpression {p_value: 0.682304, logFC: 0.17285, gene_symbol: ACAT2, gene_id: 39})",null,null
(:TranscriptomicData {name: Panobinostat LINCS Transcriptomic Data}),[:HAS_SIGNATURE],"(:Signature {signature_id: LINCSCP_10694, stitch_id: CID6918837, lincspertid: LSM-43059, cell_line: ASC, gene_targets: [HDAC1, HDAC2, HDAC3, HDAC4, HDAC5, HDAC6, HDAC7, HDAC8, HDAC9, HDAC10, HDAC11], concentration: 10uM, tissue: adipose, perturbagen_id: BRD-K02130563, time: 24h, pubchem_id: 6918837})"
(:TranscriptomicData {name: Panobinostat LINCS Transcriptomic Data}),[:HAS_SIGNATURE],"(:Signature {signature_id: LINCSCP_23842, stitch_id: CID6918837, lincspertid: LSM-43059, cell_line: HEPG2, gene_targets: [HDAC1, HDAC2, HDAC3, HDAC4, HDAC5, HDAC6, HDAC7, HDAC8, HDAC9, HDAC10, HDAC11], concentration: 0.04uM, tissue: liver, perturbagen_id: BRD-K02130563, time: 24h, pubchem_id: 6918837})"
(:TranscriptomicData {name: Panobinostat LINCS Transcriptomic Data}),[:HAS_SIGNATURE],"(:Signature {signature_id: LINCSCP_23843, stitch_id: CID6918837, lincspertid: LSM-43059, cell_line: HEPG2, gene_targets: [HDAC1, HDAC2, HDAC3, HDAC4, HDAC5, HDAC6, HDAC7, HDAC8, HDAC9, HDAC10, HDAC11], concentration: 0.12uM, tissue: liver, perturbagen_id: BRD-K02130563, time: 24h, pubchem_id: 6918837})"
(:TranscriptomicData {name: Panobinostat LINCS Transcriptomic Data}),[:HAS_SIGNATURE],"(:Signature {signature_id: LINCSCP_23844, stitch_id: CID6918837, lincspertid: LSM-43059, cell_line: HEPG2, gene_targets: [HDAC1, HDAC2, HDAC3, HDAC4, HDAC5, HDAC6, HDAC7, HDAC8, HDAC9, HDAC10, HDAC11], concentration: 0.37uM, tissue: liver, perturbagen_id: BRD-K02130563, time: 24h, pubchem_id: 6918837})"
(:TranscriptomicData {name: Panobinostat LINCS Transcriptomic Data}),[:HAS_SIGNATURE],"(:Signature {signature_id: LINCSCP_23845, stitch_id: CID6918837, lincspertid: LSM-43059, cell_line: HEPG2, gene_targets: [HDAC1, HDAC2, HDAC3, HDAC4, HDAC5, HDAC6, HDAC7, HDAC8, HDAC9, HDAC10, HDAC11], concentration: 10uM, tissue: liver, perturbagen_id: BRD-K02130563, time: 24h, pubchem_id: 6918837})"
"(:Signature {signature_id: LINCSCP_10694, stitch_id: CID6918837, lincspertid: LSM-43059, cell_line: ASC, gene_targets: [HDAC1, HDAC2, HDAC3, HDAC4, HDAC5, HDAC6, HDAC7, HDAC8, HDAC9, HDAC10, HDAC11], concentration: 10uM, tissue: adipose, perturbagen_id: BRD-K02130563, time: 24h, pubchem_id: 6918837})",[:HAS_DIFFERENTIAL_EXPRESSION],"(:DifferentialExpression {p_value: 0.007347, logFC: -1.37741, gene_symbol: AARS, gene_id: 16})"
"(:Signature {signature_id: LINCSCP_10694, stitch_id: CID6918837, lincspertid: LSM-43059, cell_line: ASC, gene_targets: [HDAC1, HDAC2, HDAC3, HDAC4, HDAC5, HDAC6, HDAC7, HDAC8, HDAC9, HDAC10, HDAC11], concentration: 10uM, tissue: adipose, perturbagen_id: BRD-K02130563, time: 24h, pubchem_id: 6918837})",[:HAS_DIFFERENTIAL_EXPRESSION],"(:DifferentialExpression {p_value: 0.577723, logFC: -0.28937, gene_symbol: ABCF1, gene_id: 23})"
"(:Signature {signature_id: LINCSCP_10694, stitch_id: CID6918837, lincspertid: LSM-43059, cell_line: ASC, gene_targets: [HDAC1, HDAC2, HDAC3, HDAC4, HDAC5, HDAC6, HDAC7, HDAC8, HDAC9, HDAC10, HDAC11], concentration: 10uM, tissue: adipose, perturbagen_id: BRD-K02130563, time: 24h, pubchem_id: 6918837})",[:HAS_DIFFERENTIAL_EXPRESSION],"(:DifferentialExpression {p_value: 0.032895, logFC: -0.73304, gene_symbol: ABL1, gene_id: 25})"
"(:Signature {signature_id: LINCSCP_10694, stitch_id: CID6918837, lincspertid: LSM-43059, cell_line: ASC, gene_targets: [HDAC1, HDAC2, HDAC3, HDAC4, HDAC5, HDAC6, HDAC7, HDAC8, HDAC9, HDAC10, HDAC11], concentration: 10uM, tissue: adipose, perturbagen_id: BRD-K02130563, time: 24h, pubchem_id: 6918837})",[:HAS_DIFFERENTIAL_EXPRESSION],"(:DifferentialExpression {p_value: 0.015378, logFC: 1.27741, gene_symbol: ACAA1, gene_id: 30})"
"(:Signature {signature_id: LINCSCP_10694, stitch_id: CID6918837, lincspertid: LSM-43059, cell_line: ASC, gene_targets: [HDAC1, HDAC2, HDAC3, HDAC4, HDAC5, HDAC6, HDAC7, HDAC8, HDAC9, HDAC10, HDAC11], concentration: 10uM, tissue: adipose, perturbagen_id: BRD-K02130563, time: 24h, pubchem_id: 6918837})",[:HAS_DIFFERENTIAL_EXPRESSION],"(:DifferentialExpression {p_value: 0.03423, logFC: -2.39774, gene_symbol: ACAT2, gene_id: 39})"
"(:Signature {signature_id: LINCSCP_23842, stitch_id: CID6918837, lincspertid: LSM-43059, cell_line: HEPG2, gene_targets: [HDAC1, HDAC2, HDAC3, HDAC4, HDAC5, HDAC6, HDAC7, HDAC8, HDAC9, HDAC10, HDAC11], concentration: 0.04uM, tissue: liver, perturbagen_id: BRD-K02130563, time: 24h, pubchem_id: 6918837})",null,null
"(:Signature {signature_id: LINCSCP_23843, stitch_id: CID6918837, lincspertid: LSM-43059, cell_line: HEPG2, gene_targets: [HDAC1, HDAC2, HDAC3, HDAC4, HDAC5, HDAC6, HDAC7, HDAC8, HDAC9, HDAC10, HDAC11], concentration: 0.12uM, tissue: liver, perturbagen_id: BRD-K02130563, time: 24h, pubchem_id: 6918837})",null,null
"(:Signature {signature_id: LINCSCP_23844, stitch_id: CID6918837, lincspertid: LSM-43059, cell_line: HEPG2, gene_targets: [HDAC1, HDAC2, HDAC3, HDAC4, HDAC5, HDAC6, HDAC7, HDAC8, HDAC9, HDAC10, HDAC11], concentration: 0.37uM, tissue: liver, perturbagen_id: BRD-K02130563, time: 24h, pubchem_id: 6918837})",null,null
"(:Signature {signature_id: LINCSCP_23845, stitch_id: CID6918837, lincspertid: LSM-43059, cell_line: HEPG2, gene_targets: [HDAC1, HDAC2, HDAC3, HDAC4, HDAC5, HDAC6, HDAC7, HDAC8, HDAC9, HDAC10, HDAC11], concentration: 10uM, tissue: liver, perturbagen_id: BRD-K02130563, time: 24h, pubchem_id: 6918837})",null,null
"(:DifferentialExpression {p_value: 0.007347, logFC: -1.37741, gene_symbol: AARS, gene_id: 16})",null,null
"(:DifferentialExpression {p_value: 0.577723, logFC: -0.28937, gene_symbol: ABCF1, gene_id: 23})",null,null
"(:DifferentialExpression {p_value: 0.032895, logFC: -0.73304, gene_symbol: ABL1, gene_id: 25})",null,null
"(:DifferentialExpression {p_value: 0.015378, logFC: 1.27741, gene_symbol: ACAA1, gene_id: 30})",null,null
"(:DifferentialExpression {p_value: 0.03423, logFC: -2.39774, gene_symbol: ACAT2, gene_id: 39})",null,null
(:TranscriptomicData {name: Vorinostat LINCS Transcriptomic Data}),[:HAS_SIGNATURE],"(:Signature {signature_id: LINCSCP_111895, stitch_id: CID5311, lincspertid: LSM-3828, cell_line: HEPG2, gene_targets: [HDAC1, HDAC2, HDAC3, HDAC6, HDAC8], concentration: 10uM, tissue: liver, perturbagen_id: BRD-K81418486, time: 24h, pubchem_id: 5311})"
(:TranscriptomicData {name: Vorinostat LINCS Transcriptomic Data}),[:HAS_SIGNATURE],"(:Signature {signature_id: LINCSCP_112253, stitch_id: CID5311, lincspertid: LSM-3828, cell_line: HEPG2, gene_targets: [HDAC1, HDAC2, HDAC3, HDAC6, HDAC8], concentration: 10uM, tissue: liver, perturbagen_id: BRD-K81418486, time: 24h, pubchem_id: 5311})"
(:TranscriptomicData {name: Vorinostat LINCS Transcriptomic Data}),[:HAS_SIGNATURE],"(:Signature {signature_id: LINCSCP_112389, stitch_id: CID5311, lincspertid: LSM-3828, cell_line: HEPG2, gene_targets: [HDAC1, HDAC2, HDAC3, HDAC6, HDAC8], concentration: 10uM, tissue: liver, perturbagen_id: BRD-K81418486, time: 24h, pubchem_id: 5311})"
(:TranscriptomicData {name: Vorinostat LINCS Transcriptomic Data}),[:HAS_SIGNATURE],"(:Signature {signature_id: LINCSCP_112390, stitch_id: CID5311, lincspertid: LSM-3828, cell_line: HEPG2, gene_targets: [HDAC1, HDAC2, HDAC3, HDAC6, HDAC8], concentration: 3.33uM, tissue: liver, perturbagen_id: BRD-K81418486, time: 24h, pubchem_id: 5311})"
(:TranscriptomicData {name: Vorinostat LINCS Transcriptomic Data}),[:HAS_SIGNATURE],"(:Signature {signature_id: LINCSCP_112391, stitch_id: CID5311, lincspertid: LSM-3828, cell_line: HEPG2, gene_targets: [HDAC1, HDAC2, HDAC3, HDAC6, HDAC8], concentration: 1.11uM, tissue: liver, perturbagen_id: BRD-K81418486, time: 24h, pubchem_id: 5311})"
"(:Signature {signature_id: LINCSCP_111895, stitch_id: CID5311, lincspertid: LSM-3828, cell_line: HEPG2, gene_targets: [HDAC1, HDAC2, HDAC3, HDAC6, HDAC8], concentration: 10uM, tissue: liver, perturbagen_id: BRD-K81418486, time: 24h, pubchem_id: 5311})",null,null
"(:Signature {signature_id: LINCSCP_112253, stitch_id: CID5311, lincspertid: LSM-3828, cell_line: HEPG2, gene_targets: [HDAC1, HDAC2, HDAC3, HDAC6, HDAC8], concentration: 10uM, tissue: liver, perturbagen_id: BRD-K81418486, time: 24h, pubchem_id: 5311})",null,null
"(:Signature {signature_id: LINCSCP_112389, stitch_id: CID5311, lincspertid: LSM-3828, cell_line: HEPG2, gene_targets: [HDAC1, HDAC2, HDAC3, HDAC6, HDAC8], concentration: 10uM, tissue: liver, perturbagen_id: BRD-K81418486, time: 24h, pubchem_id: 5311})",null,null
"(:Signature {signature_id: LINCSCP_112390, stitch_id: CID5311, lincspertid: LSM-3828, cell_line: HEPG2, gene_targets: [HDAC1, HDAC2, HDAC3, HDAC6, HDAC8], concentration: 3.33uM, tissue: liver, perturbagen_id: BRD-K81418486, time: 24h, pubchem_id: 5311})",null,null
"(:Signature {signature_id: LINCSCP_112391, stitch_id: CID5311, lincspertid: LSM-3828, cell_line: HEPG2, gene_targets: [HDAC1, HDAC2, HDAC3, HDAC6, HDAC8], concentration: 1.11uM, tissue: liver, perturbagen_id: BRD-K81418486, time: 24h, pubchem_id: 5311})",null,null
(:PreClinicalData {name: Resminostat Pre-Clinical Data}),[:HAS_PRECLINICAL_STUDY],"(:PreclinicalStudy {strain: Wistar, loael: 40, t_half: 3.6, ast: 64, noael: 10, tmax: 1.2, sex: M, alt: 58, source: ChEMBL1201103, auc: 1500, cmax: 210, drug: Resminostat, primary_histopath: GI emesis/distress, dose: 20, route: PO, species: Rat})"
(:PreClinicalData {name: Resminostat Pre-Clinical Data}),[:HAS_PRECLINICAL_STUDY],"(:PreclinicalStudy {strain: Wistar, loael: 40, t_half: 4, ast: 72, noael: 10, tmax: 1.2, sex: F, alt: 64, source: ChEMBL1201103, auc: 1340, cmax: 180, drug: Resminostat, primary_histopath: GI emesis/distress, dose: 20, route: PO, species: Rat})"
(:PreClinicalData {name: Dacinostat Pre-Clinical Data}),[:HAS_PRECLINICAL_STUDY],"(:PreclinicalStudy {strain: Sprague-Dawley, loael: 15, t_half: 1.1, ast: 94, noael: 5, tmax: 0.08, sex: M, alt: 82, source: ChEMBL817, auc: 1210, cmax: 295, drug: Dacinostat, primary_histopath: Splenic atrophy, dose: 10, route: IV, species: Rat})"
(:PreClinicalData {name: Dacinostat Pre-Clinical Data}),[:HAS_PRECLINICAL_STUDY],"(:PreclinicalStudy {strain: Sprague-Dawley, loael: 15, t_half: 1.3, ast: 102, noael: 5, tmax: 0.08, sex: F, alt: 89, source: ChEMBL817, auc: 1090, cmax: 265, drug: Dacinostat, primary_histopath: Body weight loss, dose: 10, route: IV, species: Rat})"
(:PreClinicalData {name: Pracinostat Pre-Clinical Data}),[:HAS_PRECLINICAL_STUDY],"(:PreclinicalStudy {strain: Beagle, loael: 25, t_half: 4.6, ast: 62, noael: 10, tmax: 1.5, sex: M, alt: 74, source: PubChem-49855250, auc: 1410, cmax: 225, drug: Pracinostat, primary_histopath: GI hemorrhage, dose: 10, route: PO, species: Dog})"
(:PreClinicalData {name: Pracinostat Pre-Clinical Data}),[:HAS_PRECLINICAL_STUDY],"(:PreclinicalStudy {strain: Beagle, loael: 25, t_half: 5, ast: 69, noael: 10, tmax: 1.5, sex: F, alt: 79, source: PubChem-49855250, auc: 1290, cmax: 195, drug: Pracinostat, primary_histopath: GI hemorrhage, dose: 10, route: PO, species: Dog})"
(:PreClinicalData {name: Panobinostat Pre-Clinical Data}),[:HAS_PRECLINICAL_STUDY],"(:PreclinicalStudy {strain: Beagle, loael: 5, t_half: 15.5, ast: 95, noael: 1.5, tmax: 2, sex: M, alt: 112, source: https://www.accessdata.fda.gov/drugsatfda_docs/nda/2015/205353Orig1s000PharmR.pdf, auc: 1290, cmax: 325, drug: Panobinostat, primary_histopath: Testicular atrophy, dose: 1.5, route: PO, species: Dog})"
(:PreClinicalData {name: Panobinostat Pre-Clinical Data}),[:HAS_PRECLINICAL_STUDY],"(:PreclinicalStudy {strain: Beagle, loael: 5, t_half: 16.5, ast: 108, noael: 1.5, tmax: 2, sex: F, alt: 124, source: https://www.accessdata.fda.gov/drugsatfda_docs/nda/2015/205353Orig1s000PharmR.pdf, auc: 1190, cmax: 295, drug: Panobinostat, primary_histopath: Thyroid atrophy, dose: 1.5, route: PO, species: Dog})"
(:PreClinicalData {name: Vorinostat Pre-Clinical Data}),[:HAS_PRECLINICAL_STUDY],"(:PreclinicalStudy {strain: Beagle, loael: 160, t_half: 1.4, ast: 72, noael: 60, tmax: 1.5, sex: M, alt: 88, source: https://www.accessdata.fda.gov/drugsatfda_docs/nda/2006/021991s000_Zolinza_PharmR.pdf, auc: 1910, cmax: 442, drug: Vorinostat, primary_histopath: Lymphoid depletion, dose: 60, route: PO, species: Dog})"
(:PreClinicalData {name: Vorinostat Pre-Clinical Data}),[:HAS_PRECLINICAL_STUDY],"(:PreclinicalStudy {strain: Beagle, loael: 160, t_half: 1.6, ast: 81, noael: 60, tmax: 1.5, sex: F, alt: 94, source: https://www.accessdata.fda.gov/drugsatfda_docs/nda/2006/021991s000_Zolinza_PharmR.pdf, auc: 1790, cmax: 398, drug: Vorinostat, primary_histopath: GI mucosal thinning, dose: 60, route: PO, species: Dog})"
"(:PreclinicalStudy {strain: Beagle, loael: 160, t_half: 1.4, ast: 72, noael: 60, tmax: 1.5, sex: M, alt: 88, source: https://www.accessdata.fda.gov/drugsatfda_docs/nda/2006/021991s000_Zolinza_PharmR.pdf, auc: 1910, cmax: 442, drug: Vorinostat, primary_histopath: Lymphoid depletion, dose: 60, route: PO, species: Dog})",null,null
"(:PreclinicalStudy {strain: Beagle, loael: 160, t_half: 1.6, ast: 81, noael: 60, tmax: 1.5, sex: F, alt: 94, source: https://www.accessdata.fda.gov/drugsatfda_docs/nda/2006/021991s000_Zolinza_PharmR.pdf, auc: 1790, cmax: 398, drug: Vorinostat, primary_histopath: GI mucosal thinning, dose: 60, route: PO, species: Dog})",null,null
"(:PreclinicalStudy {strain: Beagle, loael: 5, t_half: 15.5, ast: 95, noael: 1.5, tmax: 2, sex: M, alt: 112, source: https://www.accessdata.fda.gov/drugsatfda_docs/nda/2015/205353Orig1s000PharmR.pdf, auc: 1290, cmax: 325, drug: Panobinostat, primary_histopath: Testicular atrophy, dose: 1.5, route: PO, species: Dog})",null,null
"(:PreclinicalStudy {strain: Beagle, loael: 5, t_half: 16.5, ast: 108, noael: 1.5, tmax: 2, sex: F, alt: 124, source: https://www.accessdata.fda.gov/drugsatfda_docs/nda/2015/205353Orig1s000PharmR.pdf, auc: 1190, cmax: 295, drug: Panobinostat, primary_histopath: Thyroid atrophy, dose: 1.5, route: PO, species: Dog})",null,null
"(:PreclinicalStudy {strain: Beagle, loael: 25, t_half: 4.6, ast: 62, noael: 10, tmax: 1.5, sex: M, alt: 74, source: PubChem-49855250, auc: 1410, cmax: 225, drug: Pracinostat, primary_histopath: GI hemorrhage, dose: 10, route: PO, species: Dog})",null,null
"(:PreclinicalStudy {strain: Beagle, loael: 25, t_half: 5, ast: 69, noael: 10, tmax: 1.5, sex: F, alt: 79, source: PubChem-49855250, auc: 1290, cmax: 195, drug: Pracinostat, primary_histopath: GI hemorrhage, dose: 10, route: PO, species: Dog})",null,null
"(:PreclinicalStudy {strain: Sprague-Dawley, loael: 15, t_half: 1.1, ast: 94, noael: 5, tmax: 0.08, sex: M, alt: 82, source: ChEMBL817, auc: 1210, cmax: 295, drug: Dacinostat, primary_histopath: Splenic atrophy, dose: 10, route: IV, species: Rat})",null,null
"(:PreclinicalStudy {strain: Sprague-Dawley, loael: 15, t_half: 1.3, ast: 102, noael: 5, tmax: 0.08, sex: F, alt: 89, source: ChEMBL817, auc: 1090, cmax: 265, drug: Dacinostat, primary_histopath: Body weight loss, dose: 10, route: IV, species: Rat})",null,null
"(:PreclinicalStudy {strain: Wistar, loael: 40, t_half: 3.6, ast: 64, noael: 10, tmax: 1.2, sex: M, alt: 58, source: ChEMBL1201103, auc: 1500, cmax: 210, drug: Resminostat, primary_histopath: GI emesis/distress, dose: 20, route: PO, species: Rat})",null,null
"(:PreclinicalStudy {strain: Wistar, loael: 40, t_half: 4, ast: 72, noael: 10, tmax: 1.2, sex: F, alt: 64, source: ChEMBL1201103, auc: 1340, cmax: 180, drug: Resminostat, primary_histopath: GI emesis/distress, dose: 20, route: PO, species: Rat})",null,null
(:Species {name: Rat}),[:HAS_EXPERIMENTAL_DESIGN],"(:ExperimentalDesign {study_type: Dose escalation toxicology, name: Belinostat Rat Experimental Design})"
(:Species {name: Rat}),[:HAS_EXPOSURE],(:Exposure {name: Rat Exposure})
(:Species {name: Rat}),[:HAS_TOXICITY],(:Toxicity {name: Rat Toxicity})
(:Species {name: Rat}),[:HAS_TOXICOKINETIC_PARAMETERS],"(:ToxicokineticParameters {study: PXD101, name: Rat Toxicokinetic Parameters})"
(:Species {name: Rat}),[:HAS_MICROSCOPIC_FINDINGS],"(:MicroscopicFindings {study: PXD101, name: Rat Microscopic Findings})"
(:Species {name: Dog}),[:HAS_EXPOSURE],(:Exposure {name: Dog Exposure})
(:Species {name: Dog}),[:HAS_TOXICITY],(:Toxicity {name: Dog Toxicity})
(:Species {name: Dog}),[:HAS_TOXICOKINETIC_PARAMETERS],"(:ToxicokineticParameters {study: PXD101, name: Dog Toxicokinetic Parameters})"
(:Species {name: Dog}),[:HAS_MICROSCOPIC_FINDINGS],"(:MicroscopicFindings {study: PXD101, name: Dog Microscopic Findings})"
"(:ExperimentalDesign {study_type: Dose escalation toxicology, name: Belinostat Rat Experimental Design})",[:HAS_GROUP],"(:ExperimentalGroup {recovery_f: 5, tk_m: 0, group_number: 1, terminal_m: 10, tk_f: 0, dose_mg_per_kg_per_day: 0, terminal_f: 10, recovery_m: 5})"
"(:ExperimentalDesign {study_type: Dose escalation toxicology, name: Belinostat Rat Experimental Design})",[:HAS_GROUP],"(:ExperimentalGroup {recovery_f: 0, tk_m: 8, group_number: 2, terminal_m: 10, tk_f: 8, dose_mg_per_kg_per_day: 10, terminal_f: 10, recovery_m: 0})"
"(:ExperimentalDesign {study_type: Dose escalation toxicology, name: Belinostat Rat Experimental Design})",[:HAS_GROUP],"(:ExperimentalGroup {recovery_f: 0, tk_m: 8, group_number: 3, terminal_m: 10, tk_f: 8, dose_mg_per_kg_per_day: 25, terminal_f: 10, recovery_m: 0})"
"(:ExperimentalDesign {study_type: Dose escalation toxicology, name: Belinostat Rat Experimental Design})",[:HAS_GROUP],"(:ExperimentalGroup {recovery_f: 5, tk_m: 8, group_number: 4, terminal_m: 10, tk_f: 8, dose_mg_per_kg_per_day: 100, terminal_f: 10, recovery_m: 5})"
"(:ExperimentalGroup {recovery_f: 5, tk_m: 0, group_number: 1, terminal_m: 10, tk_f: 0, dose_mg_per_kg_per_day: 0, terminal_f: 10, recovery_m: 5})",null,null
"(:ExperimentalGroup {recovery_f: 0, tk_m: 8, group_number: 2, terminal_m: 10, tk_f: 8, dose_mg_per_kg_per_day: 10, terminal_f: 10, recovery_m: 0})",null,null
"(:ExperimentalGroup {recovery_f: 0, tk_m: 8, group_number: 3, terminal_m: 10, tk_f: 8, dose_mg_per_kg_per_day: 25, terminal_f: 10, recovery_m: 0})",null,null
"(:ExperimentalGroup {recovery_f: 5, tk_m: 8, group_number: 4, terminal_m: 10, tk_f: 8, dose_mg_per_kg_per_day: 100, terminal_f: 10, recovery_m: 5})",null,null
"(:ClinicalChemistry {unit: ALT fold-change, parameter: Alanine Aminotransferase, name: Belinostat ALT Clinical Chemistry})",[:HAS_CYCLE_DATA],"(:ClinicalChemistryCycle {dose25_m: 16.4, dose10_m: 3.6, parameter: Alanine Aminotransferase, dose100_f: 17.5, dose25_f: 10, cycle: Cycle 2, dose100_m: 25.5, dose10_f: 12.5})"
"(:ClinicalChemistry {unit: ALT fold-change, parameter: Alanine Aminotransferase, name: Belinostat ALT Clinical Chemistry})",[:HAS_CYCLE_DATA],"(:ClinicalChemistryCycle {dose25_m: 15.2, dose10_m: 6.5, parameter: Alanine Aminotransferase, dose100_f: 20.5, dose25_f: 10.3, cycle: Cycle 4, dose100_m: 21.7, dose10_f: 0})"
"(:ClinicalChemistry {unit: ALT fold-change, parameter: Alanine Aminotransferase, name: Belinostat ALT Clinical Chemistry})",[:HAS_CYCLE_DATA],"(:ClinicalChemistryCycle {dose25_m: 25.5, dose10_m: 12.7, parameter: Alanine Aminotransferase, dose100_f: 30.8, dose25_f: 10.2, cycle: Cycle 8, dose100_m: 43.6, dose10_f: 0})"
"(:ClinicalChemistry {unit: ALT fold-change, parameter: Alanine Aminotransferase, name: Belinostat ALT Clinical Chemistry})",[:HAS_CYCLE_DATA],"(:ClinicalChemistryCycle {parameter: Alanine Aminotransferase, dose100_f: 7.3, cycle: Recovery, dose100_m: 24.5})"
"(:ClinicalChemistryCycle {dose25_m: 16.4, dose10_m: 3.6, parameter: Alanine Aminotransferase, dose100_f: 17.5, dose25_f: 10, cycle: Cycle 2, dose100_m: 25.5, dose10_f: 12.5})",null,null
"(:ClinicalChemistryCycle {dose25_m: 15.2, dose10_m: 6.5, parameter: Alanine Aminotransferase, dose100_f: 20.5, dose25_f: 10.3, cycle: Cycle 4, dose100_m: 21.7, dose10_f: 0})",null,null
"(:ClinicalChemistryCycle {dose25_m: 25.5, dose10_m: 12.7, parameter: Alanine Aminotransferase, dose100_f: 30.8, dose25_f: 10.2, cycle: Cycle 8, dose100_m: 43.6, dose10_f: 0})",null,null
"(:ClinicalChemistryCycle {parameter: Alanine Aminotransferase, dose100_f: 7.3, cycle: Recovery, dose100_m: 24.5})",null,null
(:Exposure {name: Dog Exposure}),[:HAS_MEASUREMENT],"(:ExposureMeasurement {species: Dog, cmax_ug_per_mL: 3.9, sex: F, auc_ug_h_per_mL: 1.6, dose_mg_per_kg: 10, day: 1})"
(:Exposure {name: Dog Exposure}),[:HAS_MEASUREMENT],"(:ExposureMeasurement {species: Dog, cmax_ug_per_mL: 3.8, sex: F, auc_ug_h_per_mL: 2.2, dose_mg_per_kg: 10, day: 151})"
(:Exposure {name: Dog Exposure}),[:HAS_MEASUREMENT],"(:ExposureMeasurement {species: Dog, cmax_ug_per_mL: 8.5, sex: F, auc_ug_h_per_mL: 4.4, dose_mg_per_kg: 25, day: 1})"
(:Exposure {name: Dog Exposure}),[:HAS_MEASUREMENT],"(:ExposureMeasurement {species: Dog, cmax_ug_per_mL: 11.2, sex: F, auc_ug_h_per_mL: 5.8, dose_mg_per_kg: 25, day: 151})"
(:Exposure {name: Dog Exposure}),[:HAS_MEASUREMENT],"(:ExposureMeasurement {species: Dog, cmax_ug_per_mL: 20, sex: F, auc_ug_h_per_mL: 8.7, dose_mg_per_kg: 50, day: 1})"
(:Exposure {name: Dog Exposure}),[:HAS_MEASUREMENT],"(:ExposureMeasurement {species: Dog, cmax_ug_per_mL: 23.4, sex: F, auc_ug_h_per_mL: 13.8, dose_mg_per_kg: 50, day: 151})"
(:Exposure {name: Dog Exposure}),[:HAS_MEASUREMENT],"(:ExposureMeasurement {species: Dog, cmax_ug_per_mL: 2.9, sex: M, auc_ug_h_per_mL: 1.3, dose_mg_per_kg: 10, day: 1})"
(:Exposure {name: Dog Exposure}),[:HAS_MEASUREMENT],"(:ExposureMeasurement {species: Dog, cmax_ug_per_mL: 4.2, sex: M, auc_ug_h_per_mL: 2.7, dose_mg_per_kg: 10, day: 151})"
(:Exposure {name: Dog Exposure}),[:HAS_MEASUREMENT],"(:ExposureMeasurement {species: Dog, cmax_ug_per_mL: 10.5, sex: M, auc_ug_h_per_mL: 4.3, dose_mg_per_kg: 25, day: 1})"
(:Exposure {name: Dog Exposure}),[:HAS_MEASUREMENT],"(:ExposureMeasurement {species: Dog, cmax_ug_per_mL: 10.3, sex: M, auc_ug_h_per_mL: 6.1, dose_mg_per_kg: 25, day: 151})"
(:Exposure {name: Dog Exposure}),[:HAS_MEASUREMENT],"(:ExposureMeasurement {species: Dog, cmax_ug_per_mL: 17.7, sex: M, auc_ug_h_per_mL: 9, dose_mg_per_kg: 50, day: 1})"
(:Exposure {name: Dog Exposure}),[:HAS_MEASUREMENT],"(:ExposureMeasurement {species: Dog, cmax_ug_per_mL: 21, sex: M, auc_ug_h_per_mL: 12.5, dose_mg_per_kg: 50, day: 151})"
(:Exposure {name: Rat Exposure}),[:HAS_MEASUREMENT],"(:ExposureMeasurement {species: Rat, cmax_ug_per_mL: 1.85, sex: F, auc_ug_h_per_mL: 0.4, dose_mg_per_kg: 10, day: 1})"
(:Exposure {name: Rat Exposure}),[:HAS_MEASUREMENT],"(:ExposureMeasurement {species: Rat, cmax_ug_per_mL: 2.48, sex: F, auc_ug_h_per_mL: 0.53, dose_mg_per_kg: 10, day: 151})"
(:Exposure {name: Rat Exposure}),[:HAS_MEASUREMENT],"(:ExposureMeasurement {species: Rat, cmax_ug_per_mL: 4.56, sex: F, auc_ug_h_per_mL: 1.01, dose_mg_per_kg: 25, day: 1})"
(:Exposure {name: Rat Exposure}),[:HAS_MEASUREMENT],"(:ExposureMeasurement {species: Rat, cmax_ug_per_mL: 6.15, sex: F, auc_ug_h_per_mL: 1.76, dose_mg_per_kg: 25, day: 151})"
(:Exposure {name: Rat Exposure}),[:HAS_MEASUREMENT],"(:ExposureMeasurement {species: Rat, cmax_ug_per_mL: 23.87, sex: F, auc_ug_h_per_mL: 6.81, dose_mg_per_kg: 100, day: 1})"
(:Exposure {name: Rat Exposure}),[:HAS_MEASUREMENT],"(:ExposureMeasurement {species: Rat, cmax_ug_per_mL: 37.1, sex: F, auc_ug_h_per_mL: 12.09, dose_mg_per_kg: 100, day: 151})"
(:Exposure {name: Rat Exposure}),[:HAS_MEASUREMENT],"(:ExposureMeasurement {species: Rat, cmax_ug_per_mL: 1.14, sex: M, auc_ug_h_per_mL: 0.27, dose_mg_per_kg: 10, day: 1})"
(:Exposure {name: Rat Exposure}),[:HAS_MEASUREMENT],"(:ExposureMeasurement {species: Rat, cmax_ug_per_mL: 2.63, sex: M, auc_ug_h_per_mL: 0.71, dose_mg_per_kg: 10, day: 151})"
(:Exposure {name: Rat Exposure}),[:HAS_MEASUREMENT],"(:ExposureMeasurement {species: Rat, cmax_ug_per_mL: 3.13, sex: M, auc_ug_h_per_mL: 0.81, dose_mg_per_kg: 25, day: 1})"
(:Exposure {name: Rat Exposure}),[:HAS_MEASUREMENT],"(:ExposureMeasurement {species: Rat, cmax_ug_per_mL: 7.64, sex: M, auc_ug_h_per_mL: 2.22, dose_mg_per_kg: 25, day: 151})"
(:Exposure {name: Rat Exposure}),[:HAS_MEASUREMENT],"(:ExposureMeasurement {species: Rat, cmax_ug_per_mL: 14.06, sex: M, auc_ug_h_per_mL: 5.87, dose_mg_per_kg: 100, day: 1})"
(:Exposure {name: Rat Exposure}),[:HAS_MEASUREMENT],"(:ExposureMeasurement {species: Rat, cmax_ug_per_mL: 30.34, sex: M, auc_ug_h_per_mL: 18.45, dose_mg_per_kg: 100, day: 151})"
"(:ExposureMeasurement {species: Dog, cmax_ug_per_mL: 3.9, sex: F, auc_ug_h_per_mL: 1.6, dose_mg_per_kg: 10, day: 1})",null,null
"(:ExposureMeasurement {species: Dog, cmax_ug_per_mL: 3.8, sex: F, auc_ug_h_per_mL: 2.2, dose_mg_per_kg: 10, day: 151})",null,null
"(:ExposureMeasurement {species: Dog, cmax_ug_per_mL: 8.5, sex: F, auc_ug_h_per_mL: 4.4, dose_mg_per_kg: 25, day: 1})",null,null
"(:ExposureMeasurement {species: Dog, cmax_ug_per_mL: 11.2, sex: F, auc_ug_h_per_mL: 5.8, dose_mg_per_kg: 25, day: 151})",null,null
"(:ExposureMeasurement {species: Dog, cmax_ug_per_mL: 20, sex: F, auc_ug_h_per_mL: 8.7, dose_mg_per_kg: 50, day: 1})",null,null
"(:ExposureMeasurement {species: Dog, cmax_ug_per_mL: 23.4, sex: F, auc_ug_h_per_mL: 13.8, dose_mg_per_kg: 50, day: 151})",null,null
"(:ExposureMeasurement {species: Dog, cmax_ug_per_mL: 2.9, sex: M, auc_ug_h_per_mL: 1.3, dose_mg_per_kg: 10, day: 1})",null,null
"(:ExposureMeasurement {species: Dog, cmax_ug_per_mL: 4.2, sex: M, auc_ug_h_per_mL: 2.7, dose_mg_per_kg: 10, day: 151})",null,null
"(:ExposureMeasurement {species: Dog, cmax_ug_per_mL: 10.5, sex: M, auc_ug_h_per_mL: 4.3, dose_mg_per_kg: 25, day: 1})",null,null
"(:ExposureMeasurement {species: Dog, cmax_ug_per_mL: 10.3, sex: M, auc_ug_h_per_mL: 6.1, dose_mg_per_kg: 25, day: 151})",null,null
"(:ExposureMeasurement {species: Dog, cmax_ug_per_mL: 17.7, sex: M, auc_ug_h_per_mL: 9, dose_mg_per_kg: 50, day: 1})",null,null
"(:ExposureMeasurement {species: Dog, cmax_ug_per_mL: 21, sex: M, auc_ug_h_per_mL: 12.5, dose_mg_per_kg: 50, day: 151})",null,null
"(:ExposureMeasurement {species: Rat, cmax_ug_per_mL: 1.85, sex: F, auc_ug_h_per_mL: 0.4, dose_mg_per_kg: 10, day: 1})",null,null
"(:ExposureMeasurement {species: Rat, cmax_ug_per_mL: 2.48, sex: F, auc_ug_h_per_mL: 0.53, dose_mg_per_kg: 10, day: 151})",null,null
"(:ExposureMeasurement {species: Rat, cmax_ug_per_mL: 4.56, sex: F, auc_ug_h_per_mL: 1.01, dose_mg_per_kg: 25, day: 1})",null,null
"(:ExposureMeasurement {species: Rat, cmax_ug_per_mL: 6.15, sex: F, auc_ug_h_per_mL: 1.76, dose_mg_per_kg: 25, day: 151})",null,null
"(:ExposureMeasurement {species: Rat, cmax_ug_per_mL: 23.87, sex: F, auc_ug_h_per_mL: 6.81, dose_mg_per_kg: 100, day: 1})",null,null
"(:ExposureMeasurement {species: Rat, cmax_ug_per_mL: 37.1, sex: F, auc_ug_h_per_mL: 12.09, dose_mg_per_kg: 100, day: 151})",null,null
"(:ExposureMeasurement {species: Rat, cmax_ug_per_mL: 1.14, sex: M, auc_ug_h_per_mL: 0.27, dose_mg_per_kg: 10, day: 1})",null,null
"(:ExposureMeasurement {species: Rat, cmax_ug_per_mL: 2.63, sex: M, auc_ug_h_per_mL: 0.71, dose_mg_per_kg: 10, day: 151})",null,null
"(:ExposureMeasurement {species: Rat, cmax_ug_per_mL: 3.13, sex: M, auc_ug_h_per_mL: 0.81, dose_mg_per_kg: 25, day: 1})",null,null
"(:ExposureMeasurement {species: Rat, cmax_ug_per_mL: 7.64, sex: M, auc_ug_h_per_mL: 2.22, dose_mg_per_kg: 25, day: 151})",null,null
"(:ExposureMeasurement {species: Rat, cmax_ug_per_mL: 14.06, sex: M, auc_ug_h_per_mL: 5.87, dose_mg_per_kg: 100, day: 1})",null,null
"(:ExposureMeasurement {species: Rat, cmax_ug_per_mL: 30.34, sex: M, auc_ug_h_per_mL: 18.45, dose_mg_per_kg: 100, day: 151})",null,null
(:Toxicity {name: Dog Toxicity}),[:HAS_MEASUREMENT],"(:ToxicityMeasurement {species: Dog, sex: M, dose_mg_per_kg: 50, value: 1, toxicity_metric: Testicular_tubular_atrophy_severity})"
(:Toxicity {name: Dog Toxicity}),[:HAS_MEASUREMENT],"(:ToxicityMeasurement {species: Dog, sex: F, dose_mg_per_kg: 50, value: 3, toxicity_metric: Lymph_node_atrophy_severity})"
(:Toxicity {name: Dog Toxicity}),[:HAS_MEASUREMENT],"(:ToxicityMeasurement {species: Dog, sex: F, dose_mg_per_kg: 50, value: 1, toxicity_metric: Thymus_atrophy_severity})"
(:Toxicity {name: Rat Toxicity}),[:HAS_MEASUREMENT],"(:ToxicityMeasurement {species: Rat, sex: M, dose_mg_per_kg: 100, value: -33.8, toxicity_metric: WBC_change_pct})"
(:Toxicity {name: Rat Toxicity}),[:HAS_MEASUREMENT],"(:ToxicityMeasurement {species: Rat, sex: F, dose_mg_per_kg: 100, value: -30.6, toxicity_metric: WBC_change_pct})"
(:Toxicity {name: Rat Toxicity}),[:HAS_MEASUREMENT],"(:ToxicityMeasurement {species: Rat, sex: M, dose_mg_per_kg: 100, value: -43.6, toxicity_metric: ALT_change_pct})"
(:Toxicity {name: Rat Toxicity}),[:HAS_MEASUREMENT],"(:ToxicityMeasurement {species: Rat, sex: F, dose_mg_per_kg: 100, value: -30.8, toxicity_metric: ALT_change_pct})"
(:Toxicity {name: Rat Toxicity}),[:HAS_MEASUREMENT],"(:ToxicityMeasurement {species: Rat, sex: M, dose_mg_per_kg: 100, value: 3, toxicity_metric: Thymus_atrophy_severity})"
(:Toxicity {name: Rat Toxicity}),[:HAS_MEASUREMENT],"(:ToxicityMeasurement {species: Rat, sex: F, dose_mg_per_kg: 100, value: 1, toxicity_metric: Thymus_atrophy_severity})"
(:Toxicity {name: Rat Toxicity}),[:HAS_MEASUREMENT],"(:ToxicityMeasurement {species: Rat, sex: M, dose_mg_per_kg: 100, value: 1, toxicity_metric: Cardiomyopathy_severity})"
"(:ToxicityMeasurement {species: Rat, sex: M, dose_mg_per_kg: 100, value: -33.8, toxicity_metric: WBC_change_pct})",null,null
"(:ToxicityMeasurement {species: Rat, sex: F, dose_mg_per_kg: 100, value: -30.6, toxicity_metric: WBC_change_pct})",null,null
"(:ToxicityMeasurement {species: Rat, sex: M, dose_mg_per_kg: 100, value: -43.6, toxicity_metric: ALT_change_pct})",null,null
"(:ToxicityMeasurement {species: Rat, sex: F, dose_mg_per_kg: 100, value: -30.8, toxicity_metric: ALT_change_pct})",null,null
"(:ToxicityMeasurement {species: Rat, sex: M, dose_mg_per_kg: 100, value: 3, toxicity_metric: Thymus_atrophy_severity})",null,null
"(:ToxicityMeasurement {species: Rat, sex: F, dose_mg_per_kg: 100, value: 1, toxicity_metric: Thymus_atrophy_severity})",null,null
"(:ToxicityMeasurement {species: Rat, sex: M, dose_mg_per_kg: 100, value: 1, toxicity_metric: Cardiomyopathy_severity})",null,null
"(:ToxicityMeasurement {species: Dog, sex: M, dose_mg_per_kg: 50, value: 1, toxicity_metric: Testicular_tubular_atrophy_severity})",null,null
"(:ToxicityMeasurement {species: Dog, sex: F, dose_mg_per_kg: 50, value: 3, toxicity_metric: Lymph_node_atrophy_severity})",null,null
"(:ToxicityMeasurement {species: Dog, sex: F, dose_mg_per_kg: 50, value: 1, toxicity_metric: Thymus_atrophy_severity})",null,null
"(:ToxicokineticParameters {study: PXD101, name: Dog Toxicokinetic Parameters})",[:HAS_MEASUREMENT],"(:ToxicokineticMeasurement {cmax_day5_ug_per_mL: 2.9, cmax_day1_ug_per_mL: 2.9, sex: M, auc_day1_ug_h_per_mL: 1.3, auc_day5_ug_h_per_mL: 1.7, auc_day151_ug_h_per_mL: 2.7, dose_mg_per_kg: 10, cmax_day151_ug_per_mL: 4.2})"
"(:ToxicokineticParameters {study: PXD101, name: Dog Toxicokinetic Parameters})",[:HAS_MEASUREMENT],"(:ToxicokineticMeasurement {cmax_day5_ug_per_mL: 4.5, cmax_day1_ug_per_mL: 3.9, sex: F, auc_day1_ug_h_per_mL: 1.6, auc_day5_ug_h_per_mL: 2.3, auc_day151_ug_h_per_mL: 2.2, dose_mg_per_kg: 10, cmax_day151_ug_per_mL: 3.8})"
"(:ToxicokineticParameters {study: PXD101, name: Dog Toxicokinetic Parameters})",[:HAS_MEASUREMENT],"(:ToxicokineticMeasurement {cmax_day5_ug_per_mL: 8.3, cmax_day1_ug_per_mL: 10.5, sex: M, auc_day1_ug_h_per_mL: 4.3, auc_day5_ug_h_per_mL: 4.2, auc_day151_ug_h_per_mL: 6.1, dose_mg_per_kg: 25, cmax_day151_ug_per_mL: 10.3})"
"(:ToxicokineticParameters {study: PXD101, name: Dog Toxicokinetic Parameters})",[:HAS_MEASUREMENT],"(:ToxicokineticMeasurement {cmax_day5_ug_per_mL: 8.4, cmax_day1_ug_per_mL: 8.5, sex: F, auc_day1_ug_h_per_mL: 4.4, auc_day5_ug_h_per_mL: 4.3, auc_day151_ug_h_per_mL: 5.8, dose_mg_per_kg: 25, cmax_day151_ug_per_mL: 11.2})"
"(:ToxicokineticParameters {study: PXD101, name: Dog Toxicokinetic Parameters})",[:HAS_MEASUREMENT],"(:ToxicokineticMeasurement {cmax_day5_ug_per_mL: 18.5, cmax_day1_ug_per_mL: 17.7, sex: M, auc_day1_ug_h_per_mL: 9, auc_day5_ug_h_per_mL: 9.8, auc_day151_ug_h_per_mL: 12.5, dose_mg_per_kg: 50, cmax_day151_ug_per_mL: 21})"
"(:ToxicokineticParameters {study: PXD101, name: Dog Toxicokinetic Parameters})",[:HAS_MEASUREMENT],"(:ToxicokineticMeasurement {cmax_day5_ug_per_mL: 20.3, cmax_day1_ug_per_mL: 20, sex: F, auc_day1_ug_h_per_mL: 8.7, auc_day5_ug_h_per_mL: 9.8, auc_day151_ug_h_per_mL: 13.8, dose_mg_per_kg: 50, cmax_day151_ug_per_mL: 23.4})"
"(:ToxicokineticMeasurement {cmax_day5_ug_per_mL: 2.9, cmax_day1_ug_per_mL: 2.9, sex: M, auc_day1_ug_h_per_mL: 1.3, auc_day5_ug_h_per_mL: 1.7, auc_day151_ug_h_per_mL: 2.7, dose_mg_per_kg: 10, cmax_day151_ug_per_mL: 4.2})",null,null
"(:ToxicokineticMeasurement {cmax_day5_ug_per_mL: 4.5, cmax_day1_ug_per_mL: 3.9, sex: F, auc_day1_ug_h_per_mL: 1.6, auc_day5_ug_h_per_mL: 2.3, auc_day151_ug_h_per_mL: 2.2, dose_mg_per_kg: 10, cmax_day151_ug_per_mL: 3.8})",null,null
"(:ToxicokineticMeasurement {cmax_day5_ug_per_mL: 8.3, cmax_day1_ug_per_mL: 10.5, sex: M, auc_day1_ug_h_per_mL: 4.3, auc_day5_ug_h_per_mL: 4.2, auc_day151_ug_h_per_mL: 6.1, dose_mg_per_kg: 25, cmax_day151_ug_per_mL: 10.3})",null,null
"(:ToxicokineticMeasurement {cmax_day5_ug_per_mL: 8.4, cmax_day1_ug_per_mL: 8.5, sex: F, auc_day1_ug_h_per_mL: 4.4, auc_day5_ug_h_per_mL: 4.3, auc_day151_ug_h_per_mL: 5.8, dose_mg_per_kg: 25, cmax_day151_ug_per_mL: 11.2})",null,null
"(:ToxicokineticMeasurement {cmax_day5_ug_per_mL: 18.5, cmax_day1_ug_per_mL: 17.7, sex: M, auc_day1_ug_h_per_mL: 9, auc_day5_ug_h_per_mL: 9.8, auc_day151_ug_h_per_mL: 12.5, dose_mg_per_kg: 50, cmax_day151_ug_per_mL: 21})",null,null
"(:ToxicokineticMeasurement {cmax_day5_ug_per_mL: 20.3, cmax_day1_ug_per_mL: 20, sex: F, auc_day1_ug_h_per_mL: 8.7, auc_day5_ug_h_per_mL: 9.8, auc_day151_ug_h_per_mL: 13.8, dose_mg_per_kg: 50, cmax_day151_ug_per_mL: 23.4})",null,null
"(:ToxicokineticParameters {study: PXD101, name: Rat Toxicokinetic Parameters})",[:HAS_MEASUREMENT],"(:ToxicokineticMeasurement {cmax_day5_ug_per_mL: 1.25, cmax_day1_ug_per_mL: 1.14, sex: M, auc_day1_ug_h_per_mL: 0.27, auc_day5_ug_h_per_mL: 0.28, auc_day151_ug_h_per_mL: 0.71, dose_group: 2, dose_mg_per_kg: 10, cmax_day151_ug_per_mL: 2.63})"
"(:ToxicokineticParameters {study: PXD101, name: Rat Toxicokinetic Parameters})",[:HAS_MEASUREMENT],"(:ToxicokineticMeasurement {cmax_day5_ug_per_mL: 1.64, cmax_day1_ug_per_mL: 1.85, sex: F, auc_day1_ug_h_per_mL: 0.4, auc_day5_ug_h_per_mL: 0.39, auc_day151_ug_h_per_mL: 0.53, dose_group: 2, dose_mg_per_kg: 10, cmax_day151_ug_per_mL: 2.48})"
"(:ToxicokineticParameters {study: PXD101, name: Rat Toxicokinetic Parameters})",[:HAS_MEASUREMENT],"(:ToxicokineticMeasurement {cmax_day5_ug_per_mL: 4.66, cmax_day1_ug_per_mL: 3.13, sex: M, auc_day1_ug_h_per_mL: 0.81, auc_day5_ug_h_per_mL: 0.97, auc_day151_ug_h_per_mL: 2.22, dose_group: 3, dose_mg_per_kg: 25, cmax_day151_ug_per_mL: 7.64})"
"(:ToxicokineticParameters {study: PXD101, name: Rat Toxicokinetic Parameters})",[:HAS_MEASUREMENT],"(:ToxicokineticMeasurement {cmax_day5_ug_per_mL: 4.36, cmax_day1_ug_per_mL: 4.56, sex: F, auc_day1_ug_h_per_mL: 1.01, auc_day5_ug_h_per_mL: 1.13, auc_day151_ug_h_per_mL: 1.76, dose_group: 3, dose_mg_per_kg: 25, cmax_day151_ug_per_mL: 6.15})"
"(:ToxicokineticParameters {study: PXD101, name: Rat Toxicokinetic Parameters})",[:HAS_MEASUREMENT],"(:ToxicokineticMeasurement {cmax_day5_ug_per_mL: 17.71, cmax_day1_ug_per_mL: 14.06, sex: M, auc_day1_ug_h_per_mL: 5.87, auc_day5_ug_h_per_mL: 11.07, auc_day151_ug_h_per_mL: 18.45, dose_group: 4, dose_mg_per_kg: 100, cmax_day151_ug_per_mL: 30.34})"
"(:ToxicokineticParameters {study: PXD101, name: Rat Toxicokinetic Parameters})",[:HAS_MEASUREMENT],"(:ToxicokineticMeasurement {cmax_day5_ug_per_mL: 23.65, cmax_day1_ug_per_mL: 23.87, sex: F, auc_day1_ug_h_per_mL: 6.81, auc_day5_ug_h_per_mL: 7.17, auc_day151_ug_h_per_mL: 12.09, dose_group: 4, dose_mg_per_kg: 100, cmax_day151_ug_per_mL: 37.1})"
"(:ToxicokineticMeasurement {cmax_day5_ug_per_mL: 1.25, cmax_day1_ug_per_mL: 1.14, sex: M, auc_day1_ug_h_per_mL: 0.27, auc_day5_ug_h_per_mL: 0.28, auc_day151_ug_h_per_mL: 0.71, dose_group: 2, dose_mg_per_kg: 10, cmax_day151_ug_per_mL: 2.63})",null,null
"(:ToxicokineticMeasurement {cmax_day5_ug_per_mL: 1.64, cmax_day1_ug_per_mL: 1.85, sex: F, auc_day1_ug_h_per_mL: 0.4, auc_day5_ug_h_per_mL: 0.39, auc_day151_ug_h_per_mL: 0.53, dose_group: 2, dose_mg_per_kg: 10, cmax_day151_ug_per_mL: 2.48})",null,null
"(:ToxicokineticMeasurement {cmax_day5_ug_per_mL: 4.66, cmax_day1_ug_per_mL: 3.13, sex: M, auc_day1_ug_h_per_mL: 0.81, auc_day5_ug_h_per_mL: 0.97, auc_day151_ug_h_per_mL: 2.22, dose_group: 3, dose_mg_per_kg: 25, cmax_day151_ug_per_mL: 7.64})",null,null
"(:ToxicokineticMeasurement {cmax_day5_ug_per_mL: 4.36, cmax_day1_ug_per_mL: 4.56, sex: F, auc_day1_ug_h_per_mL: 1.01, auc_day5_ug_h_per_mL: 1.13, auc_day151_ug_h_per_mL: 1.76, dose_group: 3, dose_mg_per_kg: 25, cmax_day151_ug_per_mL: 6.15})",null,null
"(:ToxicokineticMeasurement {cmax_day5_ug_per_mL: 17.71, cmax_day1_ug_per_mL: 14.06, sex: M, auc_day1_ug_h_per_mL: 5.87, auc_day5_ug_h_per_mL: 11.07, auc_day151_ug_h_per_mL: 18.45, dose_group: 4, dose_mg_per_kg: 100, cmax_day151_ug_per_mL: 30.34})",null,null
"(:ToxicokineticMeasurement {cmax_day5_ug_per_mL: 23.65, cmax_day1_ug_per_mL: 23.87, sex: F, auc_day1_ug_h_per_mL: 6.81, auc_day5_ug_h_per_mL: 7.17, auc_day151_ug_h_per_mL: 12.09, dose_group: 4, dose_mg_per_kg: 100, cmax_day151_ug_per_mL: 37.1})",null,null
"(:MicroscopicFindings {study: PXD101, name: Dog Microscopic Findings})",[:HAS_FINDING],"(:MicroscopicFinding {female_50: 3a,1a, name: Mesenteric Lymph node - atrophy - lymphangiectasis, male_25: 2a})"
"(:MicroscopicFindings {study: PXD101, name: Dog Microscopic Findings})",[:HAS_FINDING],"(:MicroscopicFinding {name: Mandibular Lymph node - atrophy, male_25: 2a, female_10: 2a, female_25: 3a})"
"(:MicroscopicFindings {study: PXD101, name: Dog Microscopic Findings})",[:HAS_FINDING],"(:MicroscopicFinding {name: Spleen - lymphoid atrophy, male_25: 1a, female_10: 2a, female_25: 1a})"
"(:MicroscopicFindings {study: PXD101, name: Dog Microscopic Findings})",[:HAS_FINDING],"(:MicroscopicFinding {male_50: 1p, female_50: 1a, name: Lungs findings, male_25: 1p, female_10: 1a, female_25: 1p, male_10: 1p,1a,1a})"
"(:MicroscopicFindings {study: PXD101, name: Dog Microscopic Findings})",[:HAS_FINDING],"(:MicroscopicFinding {female_50: 1a, name: Kidney - focal nephropathy})"
"(:MicroscopicFindings {study: PXD101, name: Dog Microscopic Findings})",[:HAS_FINDING],"(:MicroscopicFinding {name: Kidney - inflammatory cell foci, male_25: 1a})"
"(:MicroscopicFindings {study: PXD101, name: Dog Microscopic Findings})",[:HAS_FINDING],"(:MicroscopicFinding {name: Ileum - lymphoid atrophy, male_25: 2a, female_10: 1a, female_25: 1a})"
"(:MicroscopicFindings {study: PXD101, name: Dog Microscopic Findings})",[:HAS_FINDING],"(:MicroscopicFinding {female_50: 1a, name: Cecum - lymphoid atrophy})"
"(:MicroscopicFindings {study: PXD101, name: Dog Microscopic Findings})",[:HAS_FINDING],"(:MicroscopicFinding {female_50: 1a, name: Ovary findings, female_10: 1p,1p,1p, female_25: 3p,3p,2p})"
"(:MicroscopicFindings {study: PXD101, name: Dog Microscopic Findings})",[:HAS_FINDING],"(:MicroscopicFinding {male_50: 1p,2p,1a,3p, name: Testes findings, male_25: 1p,2p, male_10: 3p,1a})"
"(:MicroscopicFindings {study: PXD101, name: Dog Microscopic Findings})",[:HAS_FINDING],"(:MicroscopicFinding {male_50: 3b, name: Epididymis - exfoliated cells, male_25: 1a,2b, male_10: 1a,2b})"
"(:MicroscopicFindings {study: PXD101, name: Dog Microscopic Findings})",[:HAS_FINDING],"(:MicroscopicFinding {name: Thymus - atrophy, male_25: 3a, female_10: 1a, female_25: 1a})"
"(:MicroscopicFinding {female_50: 3a,1a, name: Mesenteric Lymph node - atrophy - lymphangiectasis, male_25: 2a})",null,null
"(:MicroscopicFinding {name: Mandibular Lymph node - atrophy, male_25: 2a, female_10: 2a, female_25: 3a})",null,null
"(:MicroscopicFinding {name: Spleen - lymphoid atrophy, male_25: 1a, female_10: 2a, female_25: 1a})",null,null
"(:MicroscopicFinding {male_50: 1p, female_50: 1a, name: Lungs findings, male_25: 1p, female_10: 1a, female_25: 1p, male_10: 1p,1a,1a})",null,null
"(:MicroscopicFinding {female_50: 1a, name: Kidney - focal nephropathy})",null,null
"(:MicroscopicFinding {name: Kidney - inflammatory cell foci, male_25: 1a})",null,null
"(:MicroscopicFinding {name: Ileum - lymphoid atrophy, male_25: 2a, female_10: 1a, female_25: 1a})",null,null
"(:MicroscopicFinding {female_50: 1a, name: Cecum - lymphoid atrophy})",null,null
"(:MicroscopicFinding {female_50: 1a, name: Ovary findings, female_10: 1p,1p,1p, female_25: 3p,3p,2p})",null,null
"(:MicroscopicFinding {male_50: 1p,2p,1a,3p, name: Testes findings, male_25: 1p,2p, male_10: 3p,1a})",null,null
"(:MicroscopicFinding {male_50: 3b, name: Epididymis - exfoliated cells, male_25: 1a,2b, male_10: 1a,2b})",null,null
"(:MicroscopicFinding {name: Thymus - atrophy, male_25: 3a, female_10: 1a, female_25: 1a})",null,null
"(:MicroscopicFindings {study: PXD101, name: Rat Microscopic Findings})",[:HAS_FINDING],"(:MicroscopicFinding {phase: Early Decedents, name: Heart - cardiomyopathy, male_100: 1a})"
"(:MicroscopicFindings {study: PXD101, name: Rat Microscopic Findings})",[:HAS_FINDING],"(:MicroscopicFinding {phase: Early Decedents, name: Spleen - hematopoiesis, female_100: 1b, female_0: 1p, male_100: 1a,1b})"
"(:MicroscopicFindings {study: PXD101, name: Rat Microscopic Findings})",[:HAS_FINDING],"(:MicroscopicFinding {phase: Early Decedents, name: Ovary - congestion/hemorrhage, female_25: 1p})"
"(:MicroscopicFindings {study: PXD101, name: Rat Microscopic Findings})",[:HAS_FINDING],"(:MicroscopicFinding {phase: Early Decedents, name: Thymus - atrophy / congestion / hemorrhage, female_100: 1a, male_100: 1a})"
"(:MicroscopicFindings {study: PXD101, name: Rat Microscopic Findings})",[:HAS_FINDING],"(:MicroscopicFinding {phase: Early Decedents, name: Tail lesions - phlebitis/dermatitis/edema/hemorrhage, female_100: 1c,1d, male_100: 2c,1d})"
"(:MicroscopicFindings {study: PXD101, name: Rat Microscopic Findings})",[:HAS_FINDING],"(:MicroscopicFinding {phase: Terminal Sacrifice, male_0: 1a, name: Heart - inflammatory cell foci, female_0: 1a})"
"(:MicroscopicFindings {study: PXD101, name: Rat Microscopic Findings})",[:HAS_FINDING],"(:MicroscopicFinding {phase: Terminal Sacrifice, male_0: 7a,1b, name: Spleen - hematopoiesis, female_100: 4a,3b,1c, male_25: 5a,1b, male_100: 5a,3b})"
"(:MicroscopicFindings {study: PXD101, name: Rat Microscopic Findings})",[:HAS_FINDING],"(:MicroscopicFinding {phase: Terminal Sacrifice, name: Testes - tubular atrophy, male_100: 1a})"
"(:MicroscopicFindings {study: PXD101, name: Rat Microscopic Findings})",[:HAS_FINDING],"(:MicroscopicFinding {phase: Terminal Sacrifice, name: Thymus - atrophy / congestion / hemorrhage, female_100: 1p, male_25: 2p, male_100: 3a})"
"(:MicroscopicFindings {study: PXD101, name: Rat Microscopic Findings})",[:HAS_FINDING],"(:MicroscopicFinding {phase: Terminal Sacrifice, male_0: 4a, name: Tail lesions - phlebitis/dermatitis/edema/hemorrhage, female_100: 5a,3b, female_0: 4a,1b, male_25: 6a,1b, female_10: 4a, male_100: 3a,3b,1c, female_25: 2a,1b, male_10: 7a,1b})"
"(:MicroscopicFindings {study: PXD101, name: Rat Microscopic Findings})",[:HAS_FINDING],"(:MicroscopicFinding {phase: Recovery, name: Heart})"
"(:MicroscopicFinding {phase: Early Decedents, name: Heart - cardiomyopathy, male_100: 1a})",null,null
"(:MicroscopicFinding {phase: Early Decedents, name: Spleen - hematopoiesis, female_100: 1b, female_0: 1p, male_100: 1a,1b})",null,null
"(:MicroscopicFinding {phase: Early Decedents, name: Ovary - congestion/hemorrhage, female_25: 1p})",null,null
"(:MicroscopicFinding {phase: Early Decedents, name: Thymus - atrophy / congestion / hemorrhage, female_100: 1a, male_100: 1a})",null,null
"(:MicroscopicFinding {phase: Early Decedents, name: Tail lesions - phlebitis/dermatitis/edema/hemorrhage, female_100: 1c,1d, male_100: 2c,1d})",null,null
"(:MicroscopicFinding {phase: Terminal Sacrifice, male_0: 1a, name: Heart - inflammatory cell foci, female_0: 1a})",null,null
"(:MicroscopicFinding {phase: Terminal Sacrifice, male_0: 7a,1b, name: Spleen - hematopoiesis, female_100: 4a,3b,1c, male_25: 5a,1b, male_100: 5a,3b})",null,null
"(:MicroscopicFinding {phase: Terminal Sacrifice, name: Testes - tubular atrophy, male_100: 1a})",null,null
"(:MicroscopicFinding {phase: Terminal Sacrifice, name: Thymus - atrophy / congestion / hemorrhage, female_100: 1p, male_25: 2p, male_100: 3a})",null,null
"(:MicroscopicFinding {phase: Terminal Sacrifice, male_0: 4a, name: Tail lesions - phlebitis/dermatitis/edema/hemorrhage, female_100: 5a,3b, female_0: 4a,1b, male_25: 6a,1b, female_10: 4a, male_100: 3a,3b,1c, female_25: 2a,1b, male_10: 7a,1b})",null,null
"(:MicroscopicFinding {phase: Recovery, name: Heart})",null,null
"(:ClinicalData {phase: Phase I, ae_term: Thrombocytopenia / Anorexia, sponsor: Academic/Industry, median_duration_of_response: Median PFS 3.1 mo; OS 8.8 mo, study_id: PMID:29995287, source_link: https://pubmed.ncbi.nlm.nih.gov/29995287/, schedule: Days 1–5, 8–12, supportive_care: Supportive care given, ae_percentage: ~69%, route: Oral, sample_size: 27, disease_subtype: Advanced solid tumors, dose_level: 200 mg/day, study_design: Open-label, dose escalation, name: Resminostat Clinical Data, platelet: Thrombocytopenia, cycle_length: 21-day cycle, indication: Biliary tract / Pancreatic cancer, status: Completed, ae_count: 11})",null,null
"(:ClinicalData {phase: Phase I, ae_term: Nausea / Vomiting / Fatigue, sponsor: Novartis, study_id: PMC3795372, source_link: https://pmc.ncbi.nlm.nih.gov/articles/PMC3795372/, schedule: Days 1–3, route: Intravenous, sample_size: 39, dose_level: IV dose escalation, study_design: Dose escalation, name: Dacinostat Clinical Data, cycle_length: 21-day cycle, indication: Advanced solid tumors, status: Completed})",null,null
"(:ClinicalData {phase: Phase II, ae_term: Infections / Cytopenias, sponsor: MEI Pharma, median_duration_of_response: Median OS 19.1 mo; PFS 12.6 mo, grade34_aes: Grade ≥3 reported, source_link: https://pubmed.ncbi.nlm.nih.gov/30760466/, schedule: 3x weekly, supportive_care: Supportive care required, route: Oral, disease_subtype: Older unfit AML, dose_level: 60 mg, study_design: Interventional, anc: Neutropenia / Thrombocytopenia, name: Pracinostat Clinical Data, cycle_length: 28-day cycle, orr_percent: 42%, indication: Acute Myeloid Leukemia, status: Completed})",null,null
"(:ClinicalData {sponsor: Novartis, pr_rate_percent: 55, common_ae: Diarrhea, fatigue, grade34_aes: Hematologic, cardiac, study_id: PANORAMA-1, male_percent: 55, cmax: Affected by CYP3A inhibitors, age_range: Adult, sample_size: 768, infusion_duration: NA, clearance: Hepatic dependent, bilirubin_elevation: Observed, orr_percent: 60, dose_reductions_required: Common, phase: III, platelet_decrease: Thrombocytopenia frequent, median_age: 63, sae_reported: Yes, median_duration_of_response: Reported, protein_binding: Moderate, creatinine_clearance_impact: Minimal, cr_rate_percent: 5, median_time_to_response: Reported, auc: Increased with CYP3A inhibitors, source_link: https://www.accessdata.fda.gov/drugsatfda_docs/label/2015/205353s000lbl.pdf, schedule: 3x weekly (combo), supportive_care: Hematologic support, alt_elevation: Observed, ast_elevation: Observed, death_count_study: Higher vs control arm, route: Oral, half_life: ≈30 hrs, disease_subtype: Relapsed/Refractory MM, dose_level: 20 mg, study_design: Randomized, multicenter, anc_decrease: Neutropenia frequent, name: Panobinostat Clinical Data, cycle_length: 21-day cycles, metabolism: CYP3A metabolism, indication: Multiple Myeloma, female_percent: 45, status: Completed})",null,null
"(:ClinicalData {sponsor: Merck, pr_rate_percent: 28, common_ae: Fatigue, nausea, grade34_aes: Hematologic, study_id: Phase II CTCL Trial, male_percent: 60, cmax: ≈1.2 µM, age_range: 18–85, sample_size: 74, infusion_duration: NA, clearance: Not fully reported, bilirubin_elevation: Rare, orr_percent: 30, dose_reductions_required: Yes (hematologic), phase: II, platelet_decrease: Thrombocytopenia common, median_age: 60, sae_reported: Yes, median_duration_of_response: Not consistently reported, protein_binding: ≈71%, creatinine_clearance_impact: Minimal impact, cr_rate_percent: 2, median_time_to_response: ≈8 weeks, auc: ≈6.0 µM·hr, source_link: https://www.accessdata.fda.gov/drugsatfda_docs/label/2018/021991s009lbl.pdf, schedule: Once daily, supportive_care: Growth factors, transfusions, alt_elevation: Observed, ast_elevation: Observed, death_count_study: Low, route: Oral, half_life: ≈2 hrs, disease_subtype: Cutaneous T-cell Lymphoma, dose_level: 400 mg, study_design: Single-arm, multicenter, anc_decrease: Neutropenia observed, name: Vorinostat Clinical Data, cycle_length: 28 days, metabolism: Glucuronidation, hydrolysis, indication: CTCL, female_percent: 40, status: Completed})",null,null